arret_id,annee,chambre,publication,origine,taille_texte,len_sommaire,nb_segments,has_sommaire,has_faits_procedure,has_moyens,has_motivations,has_dispositif,len_faits_procedure,len_moyens,len_motivations,len_dispositif,nb_avertissements,invariant_offsets_ok
60796a039ba5988459c49a69,2010,Première chambre civile,Publié au Bulletin,regles,6133,342,2,1,0,1,0,1,0,2201,0,3932,1,1
60796a0b9ba5988459c49a6c,2010,Première chambre civile,Publié au Bulletin,regles,5044,336,2,1,0,1,0,1,0,1219,0,3825,1,1
60796a129ba5988459c49a6f,2010,Première chambre civile,Publié au Bulletin,regles,6357,545,2,1,0,1,0,1,0,3389,0,2968,1,1
613727a4cd5801467742cfae,2010,Deuxième chambre civile,Non publié,regles,11886,0,2,0,0,1,0,1,0,3223,0,8663,1,1
613727a4cd5801467742cfb4,2010,Deuxième chambre civile,Non publié,regles,11868,0,2,0,0,1,0,1,0,3214,0,8654,1,1
613727a4cd5801467742cfb5,2010,Deuxième chambre civile,Non publié,regles,11876,0,2,0,0,1,0,1,0,3214,0,8662,1,1
613727a4cd5801467742cfb9,2010,Deuxième chambre civile,Non publié,regles,12617,0,2,0,0,1,0,1,0,3211,0,9406,1,1
613727a4cd5801467742cfdd,2010,Deuxième chambre civile,Non publié,regles,1480,0,2,0,0,1,0,1,0,1229,0,251,1,1
613727a4cd5801467742cfde,2010,Deuxième chambre civile,Non publié,regles,11564,0,2,0,0,1,0,1,0,2051,0,9513,1,1
613727a4cd5801467742cfe5,2010,Deuxième chambre civile,Non publié,regles,25065,0,2,0,0,1,0,1,0,7404,0,17661,1,1
613727a4cd5801467742cfeb,2010,Deuxième chambre civile,Non publié,regles,6456,0,2,0,0,1,0,1,0,2543,0,3913,1,1
613727a4cd5801467742cff2,2010,Deuxième chambre civile,Non publié,indetermine,8775,0,1,0,0,0,0,0,0,0,0,0,1,1
613727a4cd5801467742cff3,2010,Deuxième chambre civile,Non publié,indetermine,10398,0,1,0,0,0,0,0,0,0,0,0,1,1
613727a4cd5801467742cff6,2010,Deuxième chambre civile,Non publié,indetermine,9054,0,1,0,0,0,0,0,0,0,0,0,1,1
613727a6cd5801467742d07e,2010,Chambre sociale,Non publié,regles,7384,0,2,0,0,1,0,1,0,2322,0,5062,1,1
613727a6cd5801467742d080,2010,Chambre sociale,Non publié,regles,17412,0,2,0,0,1,0,1,0,5329,0,12083,1,1
613727a6cd5801467742d081,2010,Chambre sociale,Non publié,regles,16676,0,2,0,0,1,0,1,0,2456,0,14220,1,1
613727a6cd5801467742d082,2010,Chambre sociale,Non publié,regles,4940,0,2,0,0,1,0,1,0,1576,0,3364,1,1
613727a6cd5801467742d083,2010,Chambre sociale,Non publié,regles,6923,0,2,0,0,1,0,1,0,1178,0,5745,1,1
61402996fbf17fbb32ba91c3,2010,Autre,Publié au Bulletin,regles,5464,215,2,1,0,1,0,1,0,5011,0,453,1,1
6710a903be64d7e510244c8a,2024,Deuxième chambre civile,Publié au Bulletin|Publié aux Lettres de chambre,api,7150,381,5,1,1,1,1,1,2136,1343,2548,1124,0,1
6710a905be64d7e510244c8c,2024,Deuxième chambre civile,Publié au Bulletin|Publié aux Lettres de chambre,api,6670,708,5,1,1,1,1,1,2258,2295,1101,1017,0,1
6710a908be64d7e510244c90,2024,Deuxième chambre civile,Publié au Bulletin|Publié aux Lettres de chambre,api,7043,698,5,1,1,1,1,1,2193,1606,2495,750,0,1
6710a909be64d7e510244c92,2024,Deuxième chambre civile,Publié au Bulletin|Publié aux Lettres de chambre,api,5516,298,5,1,1,1,1,1,2473,1091,939,1014,0,1
6710a90bbe64d7e510244c94,2024,Deuxième chambre civile,Publié au Bulletin|Publié aux Lettres de chambre,api,11063,938,5,1,1,1,1,1,2385,3420,4255,1004,0,1
6710a90cbe64d7e510244c96,2024,Deuxième chambre civile,Publié au Bulletin|Publié aux Lettres de chambre,api,5909,204,7,1,1,1,1,1,2252,681,1840,1139,0,1
6710a90fbe64d7e510244c9a,2024,Deuxième chambre civile,Publié au Bulletin|Publié aux Lettres de chambre,api,13281,407,9,1,1,1,1,1,2554,4425,4364,1943,0,1
6710a911be64d7e510244c9c,2024,Deuxième chambre civile,Publié au Bulletin|Publié aux Lettres de chambre,api,6642,561,7,1,1,1,1,1,2206,2158,1895,386,0,1
6710a914be64d7e510244ca0,2024,Troisième chambre civile,Publié au Bulletin,api,6590,581,4,1,1,0,1,1,2875,0,3361,355,0,1
6717402d6a24f8a713323ad4,2024,Chambre criminelle,Publié au Bulletin|Publié aux Lettres de chambre,api,11021,584,7,1,1,1,1,1,2117,1171,7023,713,0,1
6717402d6a24f8a713323ad6,2024,Chambre criminelle,Publié au Bulletin|Publié aux Lettres de chambre,api,6025,496,5,1,1,1,1,1,2205,1556,2047,218,0,1
6717402d6a24f8a713323ad8,2024,Chambre criminelle,Publié au Bulletin,api,12563,561,7,1,1,1,1,1,2171,4085,6036,274,0,1
671891fad8ceca1cd7018c76,2024,Première chambre civile,Publié au Bulletin,api,8959,1299,5,1,1,1,1,1,2216,1344,3902,1498,0,1
671891fcd8ceca1cd7018c78,2024,Première chambre civile,Publié au Bulletin|Publié aux Lettres de chambre,api,11564,683,7,1,1,1,1,1,3249,1295,5142,1881,0,1
671891fdd8ceca1cd7018c7a,2024,Première chambre civile,Publié au Bulletin,api,8123,603,9,1,1,1,1,1,2525,1761,3178,664,0,1
671891ffd8ceca1cd7018c7c,2024,Première chambre civile,Publié au Bulletin,api,10236,748,7,1,1,1,1,1,2805,3331,3059,1044,0,1
67189200d8ceca1cd7018c7e,2024,Chambre commerciale financière et économique,Publié au Bulletin,api,14240,599,7,1,1,1,1,1,4179,2190,6357,1517,0,1
67189202d8ceca1cd7018c80,2024,Chambre commerciale financière et économique,Publié au Bulletin,api,9577,309,9,1,1,1,1,1,2595,3621,2193,1173,0,1
67189203d8ceca1cd7018c82,2024,Chambre commerciale financière et économique,Publié au Bulletin|Publié aux Lettres de chambre,api,8613,426,5,1,1,1,1,1,2477,4409,1259,469,0,1
67189205d8ceca1cd7018c84,2024,Chambre commerciale financière et économique,Publié au Bulletin|Publié aux Lettres de chambre,api,5233,341,4,1,1,0,1,1,2167,0,2503,564,0,1
67189206d8ceca1cd7018c86,2024,Chambre commerciale financière et économique,Publié au Bulletin,api,6772,420,5,1,1,1,1,1,2170,3363,835,405,0,1
67189207d8ceca1cd7018c88,2024,Chambre commerciale financière et économique,Publié au Bulletin,api,6632,415,5,1,1,1,1,1,2532,1655,1464,982,0,1
67189208d8ceca1cd7018c8a,2024,Chambre commerciale financière et économique,Publié au Bulletin,api,8318,746,5,1,1,1,1,1,3376,1697,1876,1370,0,1
6718920ad8ceca1cd7018c8c,2024,Chambre commerciale financière et économique,Publié au Bulletin,api,9265,718,7,1,1,1,1,1,3439,3986,1315,528,0,1
6718920bd8ceca1cd7018c8e,2024,Chambre sociale,Publié au Bulletin|Publié aux Lettres de chambre,api,5667,662,9,1,1,1,1,1,2103,1606,1440,523,0,1
6718920dd8ceca1cd7018c90,2024,Chambre sociale,Publié au Bulletin|Publié aux Lettres de chambre,api,11426,308,7,1,1,1,1,1,3110,3215,4768,336,0,1
6718920ed8ceca1cd7018c92,2024,Chambre sociale,Publié au Bulletin|Publié aux Lettres de chambre,api,15586,731,9,1,1,1,1,1,2441,6937,5751,462,0,1
6718920fd8ceca1cd7018c94,2024,Chambre sociale,Publié au Bulletin|Publié aux Lettres de chambre,api,6691,465,5,1,1,1,1,1,3061,1573,1253,805,0,1
67189211d8ceca1cd7018c96,2024,Chambre sociale,Publié au Bulletin,api,10446,798,7,1,1,1,1,1,4148,1991,3955,355,0,1
67189212d8ceca1cd7018c98,2024,Chambre sociale,Publié au Bulletin|Publié aux Lettres de chambre,api,9569,811,7,1,1,1,1,1,2317,3914,2987,354,0,1
67189213d8ceca1cd7018c9a,2024,Chambre sociale,Publié au Bulletin,api,37192,1287,4,1,1,0,1,1,6458,0,28866,1869,0,1
6718934bd8ceca1cd7018c9c,2024,Chambre sociale,Publié au Bulletin|Publié aux Lettres de chambre,api,21815,1967,7,1,1,1,1,1,17646,1228,2589,355,0,1
6718940fd8ceca1cd7018d84,2024,Chambre criminelle,Publié au Bulletin|Publié aux Lettres de chambre,api,5558,455,7,1,1,1,1,1,2037,1995,1310,219,0,1
6718940fd8ceca1cd7018d86,2024,Chambre criminelle,Publié au Bulletin|Publié aux Lettres de chambre,api,6289,933,7,1,1,1,1,1,2048,1188,2837,219,0,1
6718940fd8ceca1cd7018d88,2024,Chambre criminelle,Publié au Bulletin,api,3787,234,5,1,1,1,1,1,1667,993,909,219,0,1
67189410d8ceca1cd7018d8a,2024,Chambre criminelle,Publié au Bulletin,api,9793,631,7,1,1,1,1,1,2408,3925,3244,219,0,1
6719e36a5857dd64cbdaa17e,2024,Deuxième chambre civile,Publié au Bulletin,api,6531,691,5,1,1,1,1,1,2210,1474,1701,1147,0,1
6719e36e5857dd64cbdaa180,2024,Deuxième chambre civile,Publié au Bulletin|Publié aux Lettres de chambre,api,6896,196,5,1,1,1,1,1,1969,1173,2783,972,0,1
6719e36e5857dd64cbdaa182,2024,Deuxième chambre civile,Publié au Bulletin,api,8138,790,5,1,1,1,1,1,3959,1559,2173,448,0,1
6719e3705857dd64cbdaa184,2024,Deuxième chambre civile,Publié au Bulletin,api,8091,257,5,1,1,1,1,1,1922,2314,3045,811,0,1
6719e3725857dd64cbdaa186,2024,Deuxième chambre civile,Publié au Bulletin|Publié aux Lettres de chambre,api,8647,381,9,1,1,1,1,1,2646,2733,2843,430,0,1
6719e3725857dd64cbdaa188,2024,Deuxième chambre civile,Publié au Bulletin|Publié aux Lettres de chambre,api,6478,267,7,1,1,1,1,1,3121,743,1296,1321,0,1
6719e3745857dd64cbdaa18a,2024,Troisième chambre civile,Publié au Bulletin,api,5271,392,7,1,1,1,1,1,2302,776,1703,493,0,1
6719e3755857dd64cbdaa18c,2024,Troisième chambre civile,Publié au Bulletin,api,9875,213,5,1,1,1,1,1,2824,4118,2494,440,0,1
6719e3775857dd64cbdaa18e,2024,Troisième chambre civile,Publié au Bulletin,api,7381,185,7,1,1,1,1,1,2775,1330,2343,936,0,1
6719e4905857dd64cbdaa306,2024,Chambre criminelle,Publié au Bulletin|Publié aux Lettres de chambre,api,16704,500,11,1,1,1,1,1,2499,10614,2743,855,0,1
671b9c38b737e79219df138c,2024,Chambre criminelle,Publié au Bulletin,api,12063,329,7,1,1,1,1,1,1810,5095,4125,1036,0,1
6729c33138597ca7da2eb4ea,2024,Chambre criminelle,Publié au Bulletin,api,4620,824,7,1,1,1,1,1,1827,967,1476,353,0,1
672b412260ce3608285f4b33,2024,Première chambre civile,Publié au Bulletin,api,21921,1228,7,1,1,1,1,1,7342,9638,3155,1789,0,1
672b412460ce3608285f4b35,2024,Chambre commerciale financière et économique,Publié au Bulletin,api,15891,607,13,1,1,1,1,1,3980,4816,6570,534,0,1
672b412660ce3608285f4b37,2024,Chambre commerciale financière et économique,Publié au Bulletin,api,7929,250,7,1,1,1,1,1,2705,1832,2129,1266,0,1
672b412860ce3608285f4b39,2024,Chambre commerciale financière et économique,Publié au Bulletin,api,9464,603,7,1,1,1,1,1,3076,2621,3017,753,0,1
672b412960ce3608285f4b3b,2024,Chambre commerciale financière et économique,Publié au Bulletin,api,19078,313,11,1,1,1,1,1,3882,5034,8956,1213,0,1
672b412a60ce3608285f4b3d,2024,Chambre sociale,Publié au Bulletin,api,9936,602,7,1,1,1,1,1,2244,1416,5860,419,0,1
672b412c60ce3608285f4b3f,2024,Chambre sociale,Publié au Bulletin|Publié aux Lettres de chambre,api,6197,686,5,1,1,1,1,1,3547,1335,987,329,0,1
672b412d60ce3608285f4b41,2024,Chambre sociale,Publié au Bulletin|Publié aux Lettres de chambre,api,9077,862,7,1,1,1,1,1,2235,3790,2597,458,0,1
672b412e60ce3608285f4b43,2024,Chambre sociale,Publié au Bulletin|Publié aux Lettres de chambre,api,16994,588,9,1,1,1,1,1,3039,6095,6249,1616,0,1
672b413060ce3608285f4b45,2024,Chambre sociale,Publié au Bulletin|Publié aux Lettres de chambre,api,11885,792,9,1,1,1,1,1,2496,3150,4689,1555,0,1
672b413260ce3608285f4b47,2024,Chambre sociale,Publié au Bulletin,api,23663,1065,7,1,1,1,1,1,2706,14259,4864,1837,1,1
672b413460ce3608285f4b49,2024,Chambre sociale,Publié au Bulletin,api,12437,1031,9,1,1,1,1,1,2295,3863,4603,1681,0,1
672b421a60ce3608285f4c5d,2024,Chambre criminelle,Publié au Bulletin|Publié aux Lettres de chambre,api,9860,1015,7,1,1,1,1,1,2124,2099,4733,907,0,1
672b421a60ce3608285f4c5f,2024,Chambre criminelle,Publié au Bulletin,api,17405,156,11,1,1,1,1,1,3108,7253,6040,1011,0,1
672b421a60ce3608285f4c61,2024,Chambre criminelle,Publié au Bulletin,api,5026,535,5,1,1,1,1,1,2013,758,1582,674,0,1
672c98cd75a19b13ac4532cf,2024,Deuxième chambre civile,Publié au Bulletin|Publié aux Lettres de chambre,api,7122,242,5,1,1,1,1,1,2294,2709,1673,447,0,1
672c98cf75a19b13ac4532d1,2024,Deuxième chambre civile,Publié au Bulletin|Publié aux Lettres de chambre,api,10337,784,9,1,1,1,1,1,2894,2954,2901,1593,0,1
672c98d075a19b13ac4532d3,2024,Troisième chambre civile,Publié au Bulletin,api,8368,562,9,1,1,1,1,1,2346,2559,2010,1458,0,1
672c98d275a19b13ac4532d5,2024,Troisième chambre civile,Publié au Bulletin,api,11719,609,9,1,1,1,1,1,2349,3909,4394,1072,0,1
672c98d375a19b13ac4532d7,2024,Troisième chambre civile,Publié au Bulletin,api,10493,408,9,1,1,1,1,1,3689,3044,2584,1181,0,1
672c98d475a19b13ac4532d9,2024,Troisième chambre civile,Publié au Bulletin,api,9048,358,5,1,1,1,1,1,2296,2108,2914,1731,0,1
672c99a375a19b13ac4533e3,2024,Chambre criminelle,Publié au Bulletin|Publié aux Lettres de chambre,api,9232,1229,7,1,1,1,1,1,1770,1659,5593,213,0,1
67344eabc4c14c75434b74b5,2024,Chambre criminelle,Publié au Bulletin,api,14667,1350,9,1,1,1,1,1,1959,6972,4750,991,0,1
67344eabc4c14c75434b74b7,2024,Chambre criminelle,Publié au Bulletin,api,11263,703,5,1,1,1,1,1,2277,4083,3906,998,0,1
67344eabc4c14c75434b74b9,2024,Chambre criminelle,Publié au Bulletin,api,22573,625,9,1,1,1,1,1,3339,12713,5731,795,0,1
6735a0e28bdc6c39ccf796a2,2024,Chambre criminelle,Publié au Bulletin,regles,7854,359,3,1,1,1,0,1,1654,4250,0,742,0,1
6735a0e28bdc6c39ccf796a4,2024,Chambre criminelle,Publié au Bulletin,api,11625,264,7,1,1,1,1,1,2753,6359,1602,914,0,1
6735a0e28bdc6c39ccf796a6,2024,Chambre criminelle,Publié au Bulletin,api,5558,521,5,1,1,1,1,1,1970,1538,1205,846,0,1
6735a29f8bdc6c39ccf7991e,2024,Chambre sociale,Publié au Bulletin|Publié aux Lettres de chambre,api,8873,1562,5,1,1,1,1,1,3085,1402,3194,1193,0,1
6735a2a18bdc6c39ccf79920,2024,Chambre sociale,Publié au Bulletin,api,6603,747,5,1,1,1,1,1,2783,744,2116,961,0,1
6735a2a28bdc6c39ccf79922,2024,Chambre sociale,Publié au Bulletin,api,8931,399,5,1,1,1,1,1,2237,3212,2419,1064,0,1
6735a2a38bdc6c39ccf79924,2024,Chambre commerciale financière et économique,Publié au Bulletin,api,10310,503,7,1,1,1,1,1,3628,2269,3310,1106,0,1
6735a2a58bdc6c39ccf79926,2024,Chambre commerciale financière et économique,Publié au Bulletin,api,22037,548,5,1,1,1,1,1,4848,9240,7475,475,0,1
6735a2a68bdc6c39ccf79928,2024,Chambre commerciale financière et économique,Publié au Bulletin|Publié aux Lettres de chambre,api,8502,388,7,1,1,1,1,1,3028,2120,2199,1158,0,1
6735a2a88bdc6c39ccf7992a,2024,Troisième chambre civile,Publié au Bulletin,api,10735,240,7,1,1,1,1,1,2544,1947,4618,1629,0,1
6735a2a98bdc6c39ccf7992c,2024,Troisième chambre civile,Publié au Bulletin,api,8008,664,7,1,1,1,1,1,2526,2334,2480,671,0,1
6735a2ab8bdc6c39ccf79930,2024,Deuxième chambre civile,Publié au Bulletin,api,6144,758,5,1,1,1,1,1,2323,1541,1827,454,0,1
6735a2ac8bdc6c39ccf79932,2024,Deuxième chambre civile,Publié au Bulletin|Publié aux Lettres de chambre,api,6419,675,5,1,1,1,1,1,2463,1261,1492,1204,0,1
6735a2ad8bdc6c39ccf79934,2024,Deuxième chambre civile,Publié au Bulletin|Publié au Rapport|Publié aux Lettres de chambre,api,11785,1089,7,1,1,1,1,1,2565,3180,5701,342,0,1
6735a2af8bdc6c39ccf79936,2024,Deuxième chambre civile,Publié au Bulletin|Publié au Rapport|Publié aux Lettres de chambre,api,6407,775,5,1,1,1,1,1,2026,860,2392,1130,0,1
6735a2b08bdc6c39ccf79938,2024,Première chambre civile,Publié au Bulletin,api,6180,602,5,1,1,1,1,1,2385,2439,1050,307,0,1
6735a2b18bdc6c39ccf7993a,2024,Première chambre civile,Publié au Bulletin|Publié aux Lettres de chambre,api,8691,749,5,1,1,1,1,1,2875,1063,4098,656,0,1
6735ef8ad646b25ed96dbcec,2024,Première chambre civile,Publié au Bulletin|Publié au Rapport|Publié aux Lettres de chambre|Communiqué,api,15377,763,9,1,1,1,1,1,2715,2431,8560,1676,0,1
6736f1c0f32a58442a838b9c,2024,Chambre criminelle,Publié au Bulletin,api,5122,618,5,1,1,1,1,1,2176,876,1856,215,0,1
6736f1ccf32a58442a838ba6,2024,Assemblée plénière,Publié au Bulletin|Publié au Rapport,api,12271,390,7,1,1,1,1,1,4432,2616,3343,1883,0,1
673ae62e59b44762271e1d96,2024,Chambre criminelle,Publié au Bulletin,api,3158,586,3,1,1,0,1,1,1200,0,1730,228,0,1
673c37bf86fe4a38fb737c90,2024,Chambre criminelle,Publié au Bulletin|Communiqué,api,11812,1034,5,1,1,1,1,1,2812,2179,5873,949,0,1
673c37bf86fe4a38fb737c92,2024,Chambre criminelle,Publié au Bulletin,api,6844,620,5,1,1,1,1,1,2803,1697,1656,689,0,1
673d85271d67c8becde12cc1,2024,Chambre criminelle,Publié au Bulletin,api,10307,181,7,1,1,1,1,1,3153,1326,4499,1332,0,1
673d85951d67c8becde12d5d,2024,Chambre commerciale financière et économique,Publié au Bulletin,api,7327,396,5,1,1,1,1,1,2958,1881,1249,1240,0,1
673d85b61d67c8becde12d8d,2024,Chambre sociale,Publié au Bulletin,api,17648,1271,7,1,1,1,1,1,2169,5077,10076,329,0,1
673d85b81d67c8becde12d8f,2024,Chambre sociale,Publié au Bulletin,api,10981,362,5,1,1,1,1,1,1921,6335,2287,439,0,1
673d85b91d67c8becde12d91,2024,Chambre commerciale financière et économique,Publié au Bulletin,api,6885,902,7,1,1,1,1,1,3058,1448,1267,1115,0,1
673d85ba1d67c8becde12d93,2024,Chambre commerciale financière et économique,Publié au Bulletin,api,6397,282,5,1,1,1,1,1,2452,2740,636,570,0,1
673d85bb1d67c8becde12d95,2024,Chambre commerciale financière et économique,Publié au Bulletin,api,6946,670,5,1,1,1,1,1,2208,1689,2000,1050,0,1
673d85bd1d67c8becde12d97,2024,Chambre commerciale financière et économique,Publié au Bulletin,api,10179,341,9,1,1,1,1,1,2427,3756,3010,991,0,1
673d85be1d67c8becde12d99,2024,Chambre commerciale financière et économique,Publié au Bulletin|Publié aux Lettres de chambre,api,6149,642,5,1,1,1,1,1,1923,2080,1576,571,0,1
673d85bf1d67c8becde12d9b,2024,Chambre commerciale financière et économique,Publié au Bulletin,api,7185,618,5,1,1,1,1,1,2187,3016,1356,627,0,1
673d85c11d67c8becde12d9d,2024,Chambre commerciale financière et économique,Publié au Bulletin|Publié aux Lettres de chambre,api,8770,301,9,1,1,1,1,1,3332,2041,1853,1549,0,1
673d85c11d67c8becde12d9f,2024,Chambre commerciale financière et économique,Publié au Bulletin,api,8159,939,5,1,1,1,1,1,3075,2864,607,1614,0,1
673d85c31d67c8becde12da1,2024,Chambre commerciale financière et économique,Publié au Bulletin|Publié aux Lettres de chambre,api,11186,1704,5,1,1,1,1,1,3650,3296,1854,2387,0,1
673d85c41d67c8becde12da3,2024,Chambre commerciale financière et économique,Publié au Bulletin|Publié aux Lettres de chambre,api,7995,374,7,1,1,1,1,1,2418,2482,2147,951,0,1
673d85c51d67c8becde12da5,2024,Première chambre civile,Publié au Bulletin,api,6310,936,7,1,1,1,1,1,1514,1898,2450,451,0,1
673d85c61d67c8becde12da7,2024,Première chambre civile,Publié au Bulletin|Publié aux Lettres de chambre,api,8055,251,7,1,1,1,1,1,2688,2280,2148,942,0,1
673ddf37f46e18d931b6ed2d,2024,Autre,Publié au Bulletin|Publié aux Lettres de chambre,api,5770,539,4,1,1,1,1,1,900,1201,2478,1191,0,1
673edb17ca31cbe66655646f,2024,Chambre sociale,Publié au Bulletin,api,16109,1315,5,1,1,1,1,1,3650,7179,4977,304,0,1
673edb1bca31cbe666556471,2024,Chambre sociale,Publié au Bulletin,api,56367,339,13,1,1,1,1,1,4478,40886,10706,306,0,1
673edb1dca31cbe666556473,2024,Chambre sociale,Publié au Bulletin,api,14301,692,7,1,1,1,1,1,2498,4041,6604,1161,0,1
673edb1eca31cbe666556475,2024,Troisième chambre civile,Publié au Bulletin|Publié aux Lettres de chambre,api,6822,401,4,1,1,0,1,1,5042,0,1334,447,0,1
673edb1fca31cbe666556477,2024,Troisième chambre civile,Publié au Bulletin|Publié aux Lettres de chambre,api,9588,144,7,1,1,1,1,1,3071,1716,3882,922,0,1
673edb21ca31cbe666556479,2024,Troisième chambre civile,Publié au Bulletin|Publié aux Lettres de chambre,api,5138,400,5,1,1,1,1,1,2214,1741,832,352,0,1
673edb22ca31cbe66655647b,2024,Deuxième chambre civile,Publié au Bulletin|Publié aux Lettres de chambre,api,10871,920,5,1,1,1,1,1,2784,1466,5656,966,0,1
673edb23ca31cbe66655647d,2024,Deuxième chambre civile,Publié au Bulletin|Publié aux Lettres de chambre,api,6619,359,5,1,1,1,1,1,2398,1304,1806,1112,0,1
673edb25ca31cbe66655647f,2024,Deuxième chambre civile,Publié au Bulletin,api,5901,647,5,1,1,1,1,1,1929,1745,1886,342,0,1
673edb27ca31cbe666556481,2024,Deuxième chambre civile,Publié au Bulletin|Publié aux Lettres de chambre,api,6709,497,7,1,1,1,1,1,2341,1515,1595,1261,0,1
673edb28ca31cbe666556483,2024,Deuxième chambre civile,Publié au Bulletin|Publié aux Lettres de chambre,api,7760,661,5,1,1,1,1,1,2344,1968,2586,863,0,1
673edb2aca31cbe666556485,2024,Deuxième chambre civile,Publié au Bulletin|Publié aux Lettres de chambre,api,6229,1952,5,1,1,1,1,1,2140,813,2317,960,0,1
673edb2bca31cbe666556487,2024,Deuxième chambre civile,Publié au Bulletin|Publié aux Lettres de chambre,api,7839,857,5,1,1,1,1,1,3384,1449,2014,993,0,1
67401fc04dad48246d2541a7,2024,Chambre criminelle,Publié au Bulletin,api,5877,368,7,1,1,1,1,1,1715,1623,2322,220,0,1
674578b5be5b46efe4786a83,2024,Chambre criminelle,Publié au Bulletin,api,5548,543,7,1,1,1,1,1,2303,1228,1370,650,0,1
674578b5be5b46efe4786a85,2024,Chambre criminelle,Publié au Bulletin|Publié aux Lettres de chambre,api,15137,870,9,1,1,1,1,1,2425,6555,5025,1137,0,1
6746d953d59ab42e659913e8,2024,Chambre sociale,Publié au Bulletin|Publié aux Lettres de chambre,api,8259,972,7,1,1,1,1,1,2685,3067,2035,475,0,1
6746d954d59ab42e659913ea,2024,Chambre sociale,Publié au Bulletin|Publié aux Lettres de chambre,api,11594,1404,5,1,1,1,1,1,3596,3442,3538,1019,0,1
6746d955d59ab42e659913ec,2024,Chambre sociale,Publié au Bulletin,api,11953,745,5,1,1,1,1,1,3627,4344,3595,388,0,1
6746d957d59ab42e659913ee,2024,Chambre sociale,Publié au Bulletin|Publié aux Lettres de chambre,api,10087,920,5,1,1,1,1,1,3030,1745,3912,1401,0,1
6746d958d59ab42e659913f0,2024,Chambre sociale,Publié au Bulletin,api,15726,1563,7,1,1,1,1,1,4053,4148,7194,334,0,1
6746d95ad59ab42e659913f2,2024,Chambre sociale,Publié au Bulletin,api,20699,1179,9,1,1,1,1,1,6219,7351,6711,423,0,1
6746d95bd59ab42e659913f4,2024,Chambre sociale,Publié au Bulletin,api,12843,1025,5,1,1,1,1,1,2669,2440,6803,932,0,1
6746d95cd59ab42e659913f6,2024,Chambre sociale,Publié au Bulletin,api,11610,1225,7,1,1,1,1,1,2724,5270,3171,448,0,1
6746d95ed59ab42e659913f8,2024,Chambre sociale,Publié au Bulletin|Publié aux Lettres de chambre,api,13116,1141,9,1,1,1,1,1,2245,6898,3643,335,0,1
6746d95fd59ab42e659913fa,2024,Chambre commerciale financière et économique,Publié au Bulletin,api,7353,417,5,1,1,1,1,1,3720,921,1549,1164,0,1
6746d960d59ab42e659913fc,2024,Chambre commerciale financière et économique,Publié au Bulletin|Publié aux Lettres de chambre,api,6724,350,7,1,1,1,1,1,2622,805,1523,1777,0,1
6746d962d59ab42e659913fe,2024,Chambre commerciale financière et économique,Publié au Bulletin|Publié aux Lettres de chambre,api,13728,477,7,1,1,1,1,1,4106,6474,2663,488,0,1
6746d963d59ab42e65991400,2024,Chambre commerciale financière et économique,Publié au Bulletin,api,5895,299,5,1,1,1,1,1,2875,1792,669,560,0,1
6746d964d59ab42e65991402,2024,Chambre commerciale financière et économique,Publié au Bulletin,api,15640,368,7,1,1,1,1,1,2731,8991,3407,514,0,1
6746d966d59ab42e65991404,2024,Chambre commerciale financière et économique,Publié au Bulletin,api,10980,232,9,1,1,1,1,1,2020,2536,5429,1000,0,1
6746d967d59ab42e65991406,2024,Chambre commerciale financière et économique,Publié au Bulletin,api,6232,530,5,1,1,1,1,1,3216,1568,930,519,0,1
6746d969d59ab42e65991408,2024,Autre,Publié au Bulletin|Publié aux Lettres de chambre,api,6067,571,4,1,1,1,1,1,640,852,3341,1234,0,1
6746d96ad59ab42e6599140a,2024,Première chambre civile,Publié au Bulletin,api,10233,485,9,1,1,1,1,1,3222,3931,2663,422,0,1
6746d96cd59ab42e6599140c,2024,Première chambre civile,Publié au Bulletin|Publié au Rapport,api,5414,648,5,1,1,1,1,1,1953,1363,1178,921,0,1
67481ef03f6707ecf31eac11,2024,Troisième chambre civile,Publié au Bulletin,api,10888,432,7,1,1,1,1,1,2767,2904,3658,1562,0,1
67481ef13f6707ecf31eac13,2024,Troisième chambre civile,Publié au Bulletin,api,7741,516,5,1,1,1,1,1,2359,1680,2761,942,0,1
67481ef33f6707ecf31eac15,2024,Troisième chambre civile,Publié au Bulletin,api,10138,344,7,1,1,1,1,1,3122,4622,1862,535,0,1
67481ef43f6707ecf31eac17,2024,Troisième chambre civile,Publié au Bulletin,api,9234,236,7,1,1,1,1,1,2552,1907,3766,1012,0,1
67481ef63f6707ecf31eac19,2024,Troisième chambre civile,Publié au Bulletin,api,8258,336,7,1,1,1,1,1,2399,2069,3361,432,0,1
67481ef73f6707ecf31eac1b,2024,Troisième chambre civile,Publié au Bulletin,api,11953,624,5,1,1,1,1,1,2928,2447,5417,1162,0,1
67481ef83f6707ecf31eac1d,2024,Deuxième chambre civile,Publié au Bulletin|Publié aux Lettres de chambre,api,8128,534,7,1,1,1,1,1,1740,3847,1662,882,0,1
67481ef93f6707ecf31eac1f,2024,Deuxième chambre civile,Publié au Bulletin|Publié aux Lettres de chambre,api,10706,1425,9,1,1,1,1,1,3922,3097,2861,831,0,1
67481efb3f6707ecf31eac21,2024,Deuxième chambre civile,Publié au Bulletin|Publié aux Lettres de chambre,api,8965,441,7,1,1,1,1,1,2596,1586,3261,1525,0,1
67481efc3f6707ecf31eac23,2024,Deuxième chambre civile,Publié au Bulletin|Publié aux Lettres de chambre,api,8520,632,7,1,1,1,1,1,2850,1551,2255,1867,0,1
67496b92a45e839b4d5f498f,2024,Chambre criminelle,Publié au Bulletin,api,4894,282,7,1,1,1,1,1,1930,1256,1492,219,0,1
67496b93a45e839b4d5f4991,2024,Chambre criminelle,Publié au Bulletin|Publié aux Lettres de chambre,api,6429,322,5,1,1,1,1,1,2453,2016,1743,218,0,1
674ffa5e54dec7f341ee7748,2024,Première chambre civile,Publié au Bulletin|Publié aux Lettres de chambre,api,13612,1178,9,1,1,1,1,1,4334,4203,3931,1149,0,1
674ffa6254dec7f341ee774a,2024,Chambre sociale,Publié au Bulletin,api,7140,1205,5,1,1,1,1,1,2769,1566,1944,862,0,1
674ffa8e54dec7f341ee774c,2024,Chambre sociale,Publié au Bulletin|Publié aux Lettres de chambre,api,12389,1557,5,1,1,1,1,1,6156,2236,3644,354,0,1
674ffa8f54dec7f341ee774e,2024,Chambre sociale,Publié au Bulletin|Publié aux Lettres de chambre,api,6984,303,5,1,1,1,1,1,2407,1337,2418,823,0,1
674ffa9154dec7f341ee7750,2024,Chambre sociale,Publié au Bulletin|Publié aux Lettres de chambre,api,13090,1256,7,1,1,1,1,1,2470,6641,2955,1027,0,1
674ffa9254dec7f341ee7752,2024,Chambre sociale,Publié au Bulletin|Publié aux Lettres de chambre,api,8642,1159,7,1,1,1,1,1,2367,4338,1545,395,0,1
674ffa9454dec7f341ee7754,2024,Chambre sociale,Publié au Bulletin,api,22020,805,9,1,1,1,1,1,2955,13494,5035,541,0,1
674ffa9554dec7f341ee7756,2024,Chambre sociale,Publié au Bulletin|Publié aux Lettres de chambre,api,8863,257,7,1,1,1,1,1,2409,2351,2380,1726,0,1
674ffa9754dec7f341ee7758,2024,Chambre sociale,Publié au Bulletin,api,6585,732,4,1,1,0,1,1,3368,0,2944,274,0,1
674ffdbf2708eba05afaced7,2024,Chambre criminelle,Publié au Bulletin,api,9976,1389,7,1,1,1,1,1,1898,1187,6679,215,0,1
674ffdbf2708eba05afaced9,2024,Chambre criminelle,Publié au Bulletin,api,7991,750,7,1,1,1,1,1,2746,1560,2594,1094,0,1
674ffdbf2708eba05afacedb,2024,Chambre criminelle,Publié au Bulletin,api,15007,1151,9,1,1,1,1,1,2187,3280,9330,215,0,1
674ffdc02708eba05afacedd,2024,Chambre criminelle,Publié au Bulletin|Publié aux Lettres de chambre,api,13597,1071,7,1,1,1,1,1,2390,2847,8147,216,0,1
67514c896b10f0edcea72fff,2024,Troisième chambre civile,Publié au Bulletin,api,5913,387,7,1,1,1,1,1,2150,1502,1348,916,0,1
67514c8a6b10f0edcea73001,2024,Troisième chambre civile,Publié au Bulletin,api,10001,313,7,1,1,1,1,1,4632,2480,2142,750,0,1
67514c8c6b10f0edcea73003,2024,Deuxième chambre civile,Publié au Bulletin|Publié au Rapport|Publié aux Lettres de chambre,api,9069,1045,5,1,1,1,1,1,2412,2183,3532,943,0,1
67514c8d6b10f0edcea73005,2024,Deuxième chambre civile,Publié au Bulletin|Publié aux Lettres de chambre,api,9115,762,5,1,1,1,1,1,2675,2000,3585,856,0,1
67514c8e6b10f0edcea73007,2024,Deuxième chambre civile,Publié au Bulletin|Publié aux Lettres de chambre,api,5998,708,5,1,1,1,1,1,2114,1253,1765,867,0,1
67514c8f6b10f0edcea73009,2024,Deuxième chambre civile,Publié au Bulletin|Publié aux Lettres de chambre,api,7741,722,7,1,1,1,1,1,2230,1720,3343,451,0,1
6757dc458b75c64649d25972,2024,Chambre criminelle,Publié au Bulletin,api,8868,848,5,1,1,1,1,1,3265,812,3989,803,0,1
6757dc458b75c64649d25974,2024,Chambre criminelle,Publié au Bulletin,api,15555,893,9,1,1,1,1,1,3029,6968,5351,212,0,1
6757dc468b75c64649d25976,2024,Chambre criminelle,Publié au Bulletin,api,6110,968,5,1,1,1,1,1,2747,1439,1713,212,0,1
67593243db845b438efc6e08,2024,Chambre sociale,Publié au Bulletin,regles,6119,278,3,1,1,1,0,1,1167,2499,0,850,0,1
67593245db845b438efc6e0a,2024,Chambre sociale,Publié au Bulletin,api,11681,1010,7,1,1,1,1,1,2967,1369,5731,1617,0,1
67593246db845b438efc6e0c,2024,Chambre sociale,Publié au Bulletin,api,8349,595,9,1,1,1,1,1,2294,3604,2127,329,0,1
67593248db845b438efc6e0e,2024,Chambre sociale,Publié au Bulletin,api,16218,787,7,1,1,1,1,1,3995,8519,3377,330,0,1
67593249db845b438efc6e10,2024,Chambre commerciale financière et économique,Publié au Bulletin,api,13611,410,11,1,1,1,1,1,2690,5828,4029,1071,0,1
6759324bdb845b438efc6e12,2024,Chambre commerciale financière et économique,Publié au Bulletin,api,9911,113,9,1,1,1,1,1,1989,4209,2481,1237,0,1
6759324cdb845b438efc6e14,2024,Chambre commerciale financière et économique,Publié au Bulletin,api,6754,428,7,1,1,1,1,1,3219,1281,1567,690,0,1
6759324edb845b438efc6e16,2024,Chambre commerciale financière et économique,Publié au Bulletin|Publié aux Lettres de chambre,api,6372,607,7,1,1,1,1,1,3713,1038,987,637,0,1
6759324fdb845b438efc6e18,2024,Chambre commerciale financière et économique,Publié au Bulletin,api,5876,192,7,1,1,1,1,1,2588,766,1103,1422,0,1
67593250db845b438efc6e1a,2024,Chambre commerciale financière et économique,Publié au Bulletin,api,15519,738,9,1,1,1,1,1,3972,7622,2693,1237,0,1
67593252db845b438efc6e1c,2024,Chambre commerciale financière et économique,Publié au Bulletin,api,24149,416,5,1,1,1,1,1,17149,5158,1119,724,0,1
67593253db845b438efc6e1e,2024,Chambre commerciale financière et économique,Publié au Bulletin,api,6121,489,5,1,1,1,1,1,2836,1873,445,968,0,1
67593255db845b438efc6e20,2024,Première chambre civile,Publié au Bulletin,api,8849,591,7,1,1,1,1,1,2417,2847,2943,645,0,1
67593257db845b438efc6e22,2024,Première chambre civile,Publié au Bulletin|Publié au Rapport|Publié aux Lettres de chambre,api,8354,652,7,1,1,1,1,1,2808,1755,3266,528,0,1
675a87d9fbc933a3dc7d86f4,2024,Chambre criminelle,Publié au Bulletin|Publié aux Lettres de chambre,api,5060,247,5,1,1,1,1,1,1730,1279,1839,213,0,1
675a88adfbc933a3dc7d8820,2024,Autre,Publié au Bulletin|Publié aux Lettres de chambre,api,4297,441,4,1,1,1,1,1,657,705,1771,1164,0,1
675a88aefbc933a3dc7d8822,2024,Troisième chambre civile,Publié au Bulletin,api,7158,293,5,1,1,1,1,1,2795,1488,1848,1028,0,1
675a88affbc933a3dc7d8824,2024,Troisième chambre civile,Publié au Bulletin,api,9462,270,9,1,1,1,1,1,2840,3001,2609,1017,0,1
675a88b1fbc933a3dc7d8826,2024,Deuxième chambre civile,Publié au Bulletin|Publié aux Lettres de chambre,api,7963,484,5,1,1,1,1,1,2448,841,3638,1037,0,1
675a88b2fbc933a3dc7d8828,2024,Deuxième chambre civile,Publié au Bulletin|Publié aux Lettres de chambre,api,6699,323,5,1,1,1,1,1,2855,1159,1316,1370,0,1
675a88b3fbc933a3dc7d882a,2024,Deuxième chambre civile,Publié au Bulletin|Publié aux Lettres de chambre,api,9175,1190,7,1,1,1,1,1,2259,2277,3676,966,0,1
675a88b5fbc933a3dc7d882c,2024,Deuxième chambre civile,Publié au Bulletin|Publié au Rapport|Publié aux Lettres de chambre,api,15837,315,5,1,1,1,1,1,6231,2216,5478,1913,0,1
675bcfd46c23c012f4defdba,2024,Chambre criminelle,Publié au Bulletin|Publié aux Lettres de chambre,api,9928,872,7,1,1,1,1,1,2970,4060,2689,212,0,1
675bcfd46c23c012f4defdbc,2024,Chambre criminelle,Publié au Bulletin,api,11196,971,7,1,1,1,1,1,3887,6331,292,689,0,1
675bcfd56c23c012f4defdbe,2024,Chambre criminelle,Publié au Bulletin|Publié aux Lettres de chambre,api,9990,1563,7,1,1,1,1,1,2199,4286,3296,212,0,1
67611a1a198715d6b39174de,2024,Chambre criminelle,Publié au Bulletin,api,6427,156,7,1,1,1,1,1,2294,3262,570,304,0,1
67611a1a198715d6b39174e0,2024,Chambre criminelle,Publié au Bulletin|Publié aux Lettres de chambre,api,8484,363,7,1,1,1,1,1,1809,3279,2688,711,0,1
67626d77d9347f6c9aef808a,2024,Chambre criminelle,Publié au Bulletin,api,8154,497,7,1,1,1,1,1,2619,2356,2242,940,0,1
67626d77d9347f6c9aef808c,2024,Chambre criminelle,Publié au Bulletin,api,59845,429,19,1,1,1,1,1,9140,26363,24137,220,0,1
67626e3bd9347f6c9aef8150,2024,Chambre commerciale financière et économique,Publié au Bulletin,api,29202,358,17,1,1,1,1,1,4217,18164,5369,1465,0,1
67626e3dd9347f6c9aef8152,2024,Chambre commerciale financière et économique,Publié au Bulletin,api,7761,476,5,1,1,1,1,1,3491,1161,1823,1287,0,1
67626e3fd9347f6c9aef8154,2024,Chambre commerciale financière et économique,Publié au Bulletin,api,7318,363,5,1,1,1,1,1,2713,1793,1653,1160,0,1
67626e40d9347f6c9aef8156,2024,Chambre commerciale financière et économique,Publié au Bulletin|Publié aux Lettres de chambre,api,7651,388,5,1,1,1,1,1,2619,1830,2302,901,0,1
67626e42d9347f6c9aef8158,2024,Chambre commerciale financière et économique,Publié au Bulletin,api,7890,649,7,1,1,1,1,1,4035,1123,2251,484,0,1
67626e43d9347f6c9aef815a,2024,Chambre commerciale financière et économique,Publié au Bulletin|Publié aux Lettres de chambre,api,15878,922,9,1,1,1,1,1,2832,5907,5603,1541,0,1
67626e45d9347f6c9aef815c,2024,Chambre commerciale financière et économique,Publié au Bulletin|Publié aux Lettres de chambre,api,16470,423,5,1,1,1,1,1,3318,9173,3215,765,0,1
67626e46d9347f6c9aef815e,2024,Chambre commerciale financière et économique,Publié au Bulletin,api,25510,728,9,1,1,1,1,1,3084,6163,15712,556,0,1
67626e47d9347f6c9aef8160,2024,Première chambre civile,Publié au Bulletin|Publié au Rapport,api,21663,1508,9,1,1,1,1,1,3573,12745,4787,563,0,1
67626e49d9347f6c9aef8162,2024,Première chambre civile,Publié au Bulletin,api,6905,344,5,1,1,1,1,1,2526,1390,2487,503,0,1
6762bbf086739fef2438feb6,2024,Première chambre civile,Publié au Bulletin|Publié au Rapport|Publié aux Lettres de chambre,api,17444,350,11,1,1,1,1,1,2957,8250,5027,1217,0,1
6763c0a49097d8d545954109,2024,Chambre criminelle,Publié au Bulletin|Publié aux Lettres de chambre,api,8992,745,7,1,1,1,1,1,1818,3246,3714,217,0,1
6763c1909097d8d545954277,2024,Troisième chambre civile,Publié au Bulletin,api,7218,788,4,1,1,0,1,1,3108,0,3803,308,0,1
6763c1919097d8d545954279,2024,Troisième chambre civile,Publié au Bulletin,api,5017,518,5,1,1,1,1,1,2468,1482,620,448,0,1
6763c1939097d8d54595427b,2024,Deuxième chambre civile,Publié au Bulletin|Publié aux Lettres de chambre,api,8601,775,5,1,1,1,1,1,2489,2788,2464,861,0,1
6763c1949097d8d54595427d,2024,Deuxième chambre civile,Publié au Bulletin|Publié aux Lettres de chambre,api,10368,305,5,1,1,1,1,1,3567,2578,3287,937,0,1
6763c1959097d8d54595427f,2024,Deuxième chambre civile,Publié au Bulletin|Publié aux Lettres de chambre,api,20357,140,11,1,1,1,1,1,4571,7179,8167,447,0,1
677cd4ade98b05241b5927ff,2025,Chambre criminelle,Publié au Bulletin,api,24221,2341,9,1,1,1,1,1,2194,10369,11451,212,0,1
677cd4ade98b05241b592801,2025,Chambre criminelle,Publié au Bulletin,api,8446,503,5,1,1,1,1,1,3152,2181,2730,384,0,1
677cd4aee98b05241b592803,2025,Chambre criminelle,Publié au Bulletin,api,6627,856,7,1,1,1,1,1,2390,1573,2457,210,0,1
677e294a7273c3590cec10bd,2025,Chambre criminelle,Publié au Bulletin|Publié aux Lettres de chambre,api,4028,232,7,1,1,1,1,1,1882,529,1410,210,0,1
677e294b7273c3590cec10bf,2025,Chambre criminelle,Publié au Bulletin|Publié aux Lettres de chambre,api,7393,312,7,1,1,1,1,1,2574,1580,2055,1187,0,1
677e294b7273c3590cec10c1,2025,Chambre criminelle,Publié au Bulletin|Publié au Rapport|Publié aux Lettres de chambre,api,20659,1076,5,1,1,1,1,1,4329,8367,7667,297,0,1
677e294b7273c3590cec10c3,2025,Chambre criminelle,Publié au Bulletin|Publié au Rapport|Publié aux Lettres de chambre,regles,14845,250,3,1,1,1,0,1,993,11999,0,223,0,1
677e29917273c3590cec1105,2025,Chambre sociale,Publié au Bulletin,api,13977,1097,5,1,1,1,1,1,5564,3973,2731,1710,0,1
677e29927273c3590cec1107,2025,Chambre sociale,Publié au Bulletin,api,9358,1182,5,1,1,1,1,1,2753,2952,3216,438,0,1
677e29947273c3590cec1109,2025,Chambre sociale,Publié au Bulletin|Publié aux Lettres de chambre,api,10537,634,7,1,1,1,1,1,4368,2108,2816,1248,0,1
677e29957273c3590cec110b,2025,Chambre sociale,Publié au Bulletin,api,14775,2067,9,1,1,1,1,1,2925,3926,7603,326,0,1
677e29a27273c3590cec110d,2025,Chambre sociale,Publié au Bulletin|Publié aux Lettres de chambre,api,13136,843,5,1,1,1,1,1,3747,6073,2792,525,0,1
677e29a37273c3590cec110f,2025,Chambre sociale,Publié au Bulletin|Publié aux Lettres de chambre,api,11661,387,5,1,1,1,1,1,2965,2845,5428,424,0,1
677e29a57273c3590cec1111,2025,Chambre sociale,Publié au Bulletin|Publié aux Lettres de chambre,api,15554,408,5,1,1,1,1,1,2925,3423,7596,1611,0,1
677e29a67273c3590cec1113,2025,Chambre sociale,Publié au Bulletin,api,7968,1300,5,1,1,1,1,1,2292,2798,2423,456,0,1
677e29ac7273c3590cec1115,2025,Chambre commerciale financière et économique,Publié au Bulletin|Publié aux Lettres de chambre,api,57780,1097,17,1,1,1,1,1,10018,30491,16344,940,0,1
677e29ae7273c3590cec1117,2025,Première chambre civile,Publié au Bulletin|Publié aux Lettres de chambre,api,4896,409,4,1,1,1,1,1,622,736,2424,1114,0,1
677f8a664ae972558af6fff4,2025,Troisième chambre civile,Publié au Bulletin,api,7579,193,7,1,1,1,1,1,2557,1512,2518,995,0,1
677f8a674ae972558af6fff6,2025,Troisième chambre civile,Publié au Bulletin|Publié aux Lettres de chambre,api,10322,595,7,1,1,1,1,1,3730,4047,2208,340,0,1
677f8a694ae972558af6fff8,2025,Troisième chambre civile,Publié au Bulletin,api,5226,686,7,1,1,1,1,1,2179,1124,1405,521,0,1
677f8a6a4ae972558af6fffa,2025,Deuxième chambre civile,Publié au Bulletin|Publié aux Lettres de chambre,api,4727,872,4,1,1,0,1,1,2017,0,1876,835,0,1
677f8a6c4ae972558af6fffc,2025,Deuxième chambre civile,Publié au Bulletin|Publié au Rapport|Publié aux Lettres de chambre,api,7900,1705,7,1,1,1,1,1,2137,2115,2724,927,0,1
677f8a6d4ae972558af6fffe,2025,Deuxième chambre civile,Publié au Bulletin|Publié aux Lettres de chambre,api,15399,526,5,1,1,1,1,1,2427,3967,2386,6620,0,1
677f8a6f4ae972558af70000,2025,Deuxième chambre civile,Publié au Bulletin|Publié aux Lettres de chambre,api,6803,1229,4,1,1,0,1,1,2348,0,3539,917,0,1
677f8a704ae972558af70002,2025,Deuxième chambre civile,Publié au Bulletin|Publié aux Lettres de chambre,api,9809,633,5,1,1,1,1,1,2196,3618,2709,1287,0,1
677f8a714ae972558af70004,2025,Deuxième chambre civile,Publié au Bulletin|Publié aux Lettres de chambre,api,9512,671,9,1,1,1,1,1,2084,3624,3361,448,0,1
677f8a734ae972558af70006,2025,Deuxième chambre civile,Publié au Bulletin|Publié aux Lettres de chambre,api,9805,1333,7,1,1,1,1,1,2440,2291,4629,448,0,1
677f8a744ae972558af70008,2025,Deuxième chambre civile,Publié au Bulletin|Publié aux Lettres de chambre,api,17342,1333,7,1,1,1,1,1,2430,6426,7277,1212,0,1
6780cf67869f5f429b191731,2025,Chambre criminelle,Publié au Bulletin,api,3819,209,3,1,1,0,1,1,1297,0,2098,424,0,1
67861075664cdee6ce42685a,2025,Chambre criminelle,Publié au Bulletin,api,12503,656,9,1,1,1,1,1,2393,7339,1233,1543,0,1
67861075664cdee6ce42685c,2025,Chambre criminelle,Publié au Bulletin,api,4943,312,7,1,1,1,1,1,1875,1564,1293,214,0,1
67861076664cdee6ce42685e,2025,Chambre criminelle,Publié au Bulletin|Publié aux Lettres de chambre,api,7622,309,9,1,1,1,1,1,2092,2018,2668,849,0,1
67861076664cdee6ce426860,2025,Chambre criminelle,Publié au Bulletin|Publié aux Lettres de chambre,api,12090,793,7,1,1,1,1,1,2382,6419,2858,434,0,1
67861076664cdee6ce426862,2025,Chambre criminelle,Publié au Bulletin|Publié aux Lettres de chambre,api,19849,823,7,1,1,1,1,1,3601,9671,5949,631,0,1
67876540dd684edf8fb2526b,2025,Chambre criminelle,Publié au Bulletin,api,16239,1259,9,1,1,1,1,1,2980,7988,4910,366,0,1
67876541dd684edf8fb2526d,2025,Chambre criminelle,Publié au Bulletin,api,4908,573,7,1,1,1,1,1,1804,1227,808,1072,0,1
67876541dd684edf8fb2526f,2025,Chambre criminelle,Publié au Bulletin,api,12604,1531,7,1,1,1,1,1,2244,6145,3428,790,0,1
678787c2012a55caa6d16713,2025,Chambre sociale,Publié au Bulletin|Publié aux Lettres de chambre,api,9064,1354,5,1,1,1,1,1,3049,3240,2353,423,0,1
678787c4012a55caa6d16715,2025,Chambre sociale,Publié au Bulletin|Publié aux Lettres de chambre,api,13524,2125,7,1,1,1,1,1,3132,4793,4701,901,0,1
678787c6012a55caa6d16717,2025,Chambre sociale,Publié au Bulletin|Publié aux Lettres de chambre,api,9700,999,5,1,1,1,1,1,2574,3983,2696,448,0,1
678787c7012a55caa6d16719,2025,Chambre sociale,Publié au Bulletin,api,12106,491,5,1,1,1,1,1,3503,3176,4215,1213,0,1
678787c9012a55caa6d1671b,2025,Chambre sociale,Publié au Bulletin,api,7669,498,7,1,1,1,1,1,1954,2413,2976,329,0,1
678787ca012a55caa6d1671d,2025,Chambre sociale,Publié au Bulletin|Publié aux Lettres de chambre,api,9494,908,5,1,1,1,1,1,3574,3282,2097,542,0,1
678787cc012a55caa6d1671f,2025,Chambre commerciale financière et économique,Publié au Bulletin,api,6028,1024,7,1,1,1,1,1,2385,1550,1355,741,0,1
678787cd012a55caa6d16721,2025,Chambre commerciale financière et économique,Publié au Bulletin,api,7479,390,5,1,1,1,1,1,3332,2847,482,819,0,1
678787d0012a55caa6d16723,2025,Chambre commerciale financière et économique,Publié au Bulletin,api,9794,327,7,1,1,1,1,1,4126,4150,876,645,0,1
678787d8012a55caa6d1672b,2025,Première chambre civile,Publié au Bulletin|Publié aux Lettres de chambre,api,8070,230,5,1,1,1,1,1,2810,2377,1360,1524,0,1
678787d9012a55caa6d1672d,2025,Première chambre civile,Publié au Bulletin,api,10232,385,9,1,1,1,1,1,1703,2843,4031,1660,0,1
678787db012a55caa6d1672f,2025,Première chambre civile,Publié au Bulletin|Publié aux Lettres de chambre,api,6114,1175,5,1,1,1,1,1,1865,1422,1929,899,0,1
678787dc012a55caa6d16731,2025,Première chambre civile,Publié au Bulletin,api,8214,229,7,1,1,1,1,1,2920,914,3381,1002,0,1
678787de012a55caa6d16733,2025,Première chambre civile,Publié au Bulletin|Publié aux Lettres de chambre,api,6699,945,7,1,1,1,1,1,2389,2437,1490,386,0,1
6787b4beb92359c4b0f33ec7,2025,Chambre commerciale financière et économique,Publié au Bulletin|Publié aux Lettres de chambre,api,10147,657,5,1,1,1,1,1,2913,2604,3460,1171,0,1
6787b8059b052b288a484a43,2025,Chambre commerciale financière et économique,Publié au Bulletin|Publié aux Lettres de chambre,api,9820,500,7,1,1,1,1,1,3024,2593,3679,527,0,1
6787b9b46ab05acc8d83149d,2025,Chambre commerciale financière et économique,Publié au Bulletin|Publié aux Lettres de chambre,api,9910,832,5,1,1,1,1,1,2939,1935,4193,844,0,1
6788bb72c79691c828ecdd34,2025,Troisième chambre civile,Publié au Bulletin|Publié aux Lettres de chambre,api,18931,1440,9,1,1,1,1,1,5679,5056,3961,4240,0,1
6788bb74c79691c828ecdd36,2025,Troisième chambre civile,Publié au Bulletin,api,11697,353,9,1,1,1,1,1,2706,3887,4155,954,0,1
6788bb75c79691c828ecdd38,2025,Troisième chambre civile,Publié au Bulletin|Publié aux Lettres de chambre,api,10353,720,7,1,1,1,1,1,3867,2592,3342,555,0,1
6788bb77c79691c828ecdd3a,2025,Deuxième chambre civile,Publié au Bulletin,api,5458,566,5,1,1,1,1,1,2280,1972,373,834,0,1
6788bb79c79691c828ecdd3c,2025,Deuxième chambre civile,Publié au Bulletin|Publié aux Lettres de chambre,api,10314,255,5,1,1,1,1,1,5816,1458,1835,1206,0,1
6788bb7bc79691c828ecdd3e,2025,Deuxième chambre civile,Publié au Bulletin|Publié aux Lettres de chambre,api,7001,959,5,1,1,1,1,1,2622,1194,2356,830,0,1
6788bb80c79691c828ecdd40,2025,Deuxième chambre civile,Publié au Bulletin|Publié aux Lettres de chambre,api,20301,275,7,1,1,1,1,1,7062,7787,4138,1317,0,1
6788bb81c79691c828ecdd42,2025,Deuxième chambre civile,Publié au Bulletin|Publié aux Lettres de chambre,api,5152,525,4,1,1,0,1,1,2151,0,2162,840,0,1
6788bb83c79691c828ecdd44,2025,Deuxième chambre civile,Publié au Bulletin|Publié aux Lettres de chambre,api,6022,296,5,1,1,1,1,1,2659,921,1444,999,0,1
6788bb84c79691c828ecdd46,2025,Deuxième chambre civile,Publié au Bulletin|Publié aux Lettres de chambre,api,6604,1286,5,1,1,1,1,1,2049,1299,1701,1556,0,1
6788bb86c79691c828ecdd48,2025,Deuxième chambre civile,Publié au Bulletin|Publié aux Lettres de chambre,api,6378,449,5,1,1,1,1,1,3198,742,1453,986,0,1
6788bb88c79691c828ecdd4a,2025,Deuxième chambre civile,Publié au Bulletin|Publié aux Lettres de chambre,api,11152,221,5,1,1,1,1,1,2455,5692,1950,1056,0,1
6788bd58c79691c828ecdd4c,2025,Chambre criminelle,Publié au Bulletin,api,9506,1235,5,1,1,1,1,1,2457,1181,4905,964,0,1
6788bd59c79691c828ecdd4e,2025,Chambre criminelle,Publié au Bulletin,api,13175,1837,9,1,1,1,1,1,2675,4531,5002,972,0,1
6788bd59c79691c828ecdd50,2025,Chambre criminelle,Publié au Bulletin,api,3489,444,3,1,1,0,1,1,1472,0,1762,255,0,1
678a0e4499721e998b0d5d4f,2025,Assemblée plénière,Publié au Bulletin|Publié au Rapport,api,12502,1543,5,1,1,1,1,1,4109,670,6636,1088,0,1
678deb6a9e66782428fd9411,2025,Chambre criminelle,Publié au Bulletin,api,11015,762,11,1,1,1,1,1,2759,4294,3481,488,0,1
678f39af02aacdb03783fd9f,2025,Chambre criminelle,Publié au Bulletin,api,7088,709,7,1,1,1,1,1,2035,1980,2169,907,0,1
678f39af02aacdb03783fda1,2025,Chambre criminelle,Publié au Bulletin,api,13317,1135,9,1,1,1,1,1,2168,9848,383,923,0,1
678f39b002aacdb03783fda3,2025,Chambre criminelle,Publié au Bulletin|Publié aux Lettres de chambre,api,38076,1173,13,1,1,1,1,1,1978,28760,6213,1134,0,1
678f6a5a29d9a5b0535ebb19,2025,Chambre criminelle,Publié au Bulletin|Publié au Rapport,api,93471,1469,17,1,1,1,1,1,9351,27896,51570,4667,0,1
679093ad00cd7517a1e6fd0e,2025,Chambre criminelle,Publié au Bulletin|Publié aux Lettres de chambre,api,11730,360,5,1,1,1,1,1,1980,5580,3094,1077,0,1
679093ae00cd7517a1e6fd18,2025,Chambre criminelle,Publié au Bulletin,api,8213,555,7,1,1,1,1,1,3556,1888,2555,217,0,1
679093af00cd7517a1e6fd1a,2025,Chambre criminelle,Publié au Bulletin,api,3565,275,5,1,1,1,1,1,1737,988,625,216,0,1
679093af00cd7517a1e6fd1c,2025,Chambre criminelle,Publié au Bulletin,api,9648,914,7,1,1,1,1,1,1775,3785,3874,217,0,1
6790949d00cd7517a1e6fe42,2025,Chambre sociale,Publié au Bulletin,api,12463,1650,7,1,1,1,1,1,2413,5292,4337,424,0,1
6790949f00cd7517a1e6fe44,2025,Chambre sociale,Publié au Bulletin,api,11107,2204,7,1,1,1,1,1,3502,2903,3512,1193,0,1
679094a000cd7517a1e6fe46,2025,Chambre sociale,Publié au Bulletin,api,8314,688,5,1,1,1,1,1,2548,3600,1867,300,0,1
679094a100cd7517a1e6fe48,2025,Chambre sociale,Publié au Bulletin,api,7449,626,9,1,1,1,1,1,2780,1705,2286,683,0,1
679094a200cd7517a1e6fe4a,2025,Chambre sociale,Publié au Bulletin,api,13132,968,7,1,1,1,1,1,4132,3255,5449,299,0,1
679094a300cd7517a1e6fe4c,2025,Chambre sociale,Publié au Bulletin,api,13175,1119,5,1,1,1,1,1,2363,8351,2015,447,0,1
679094a400cd7517a1e6fe4e,2025,Chambre sociale,Publié au Bulletin,api,6355,1362,4,1,1,0,1,1,2315,0,2966,1075,0,1
679094a600cd7517a1e6fe50,2025,Chambre commerciale financière et économique,Publié au Bulletin,api,19496,334,9,1,1,1,1,1,4025,6053,7691,1732,0,1
679094a800cd7517a1e6fe52,2025,Chambre commerciale financière et économique,Publié au Bulletin,api,13681,201,7,1,1,1,1,1,3819,6515,2508,842,0,1
6791e5dcfebfd77128ddee16,2025,Troisième chambre civile,Publié au Bulletin,api,9625,236,9,1,1,1,1,1,2595,2344,3440,1251,0,1
6791e5ddfebfd77128ddee18,2025,Troisième chambre civile,Publié au Bulletin,api,6918,688,7,1,1,1,1,1,2344,1500,2641,436,0,1
6791e5dffebfd77128ddee1a,2025,Troisième chambre civile,Publié au Bulletin,api,10038,803,7,1,1,1,1,1,3005,2402,3573,1061,0,1
6791e5e0febfd77128ddee1c,2025,Troisième chambre civile,Publié au Bulletin,api,8060,388,9,1,1,1,1,1,2598,2050,2906,511,0,1
6791e5e2febfd77128ddee1e,2025,Deuxième chambre civile,Publié au Bulletin|Publié au Rapport|Publié aux Lettres de chambre,api,28293,480,7,1,1,1,1,1,5626,5302,13920,3448,0,1
6798776d9e244dc7295b385d,2025,Chambre criminelle,Publié au Bulletin,api,11400,266,9,1,1,1,1,1,3068,3902,3177,1258,0,1
6798776d9e244dc7295b385f,2025,Chambre criminelle,Publié au Bulletin|Publié aux Lettres de chambre,api,6554,515,5,1,1,1,1,1,2146,1472,2082,855,0,1
6799cf36da62992b3320cf3f,2025,Chambre sociale,Publié au Bulletin,api,7024,626,5,1,1,1,1,1,2083,2333,2277,332,0,1
6799cf38da62992b3320cf41,2025,Chambre commerciale financière et économique,Publié au Bulletin|Communiqué,api,11035,865,5,1,1,1,1,1,3759,3861,2537,879,0,1
6799cf39da62992b3320cf43,2025,Chambre commerciale financière et économique,Publié au Bulletin,api,6521,648,5,1,1,1,1,1,2667,1017,1311,1527,0,1
6799cf3bda62992b3320cf45,2025,Chambre commerciale financière et économique,Publié au Bulletin,api,6160,525,5,1,1,1,1,1,2050,1382,1361,1368,0,1
6799cf3cda62992b3320cf47,2025,Chambre commerciale financière et économique,Publié au Bulletin,api,8339,841,5,1,1,1,1,1,2578,990,3353,1419,0,1
6799cf3eda62992b3320cf49,2025,Chambre commerciale financière et économique,Publié au Bulletin|Publié aux Lettres de chambre,api,11486,620,5,1,1,1,1,1,3338,1294,5412,1443,0,1
6799cf44da62992b3320cf4b,2025,Chambre commerciale financière et économique,Publié au Bulletin,api,17876,240,7,1,1,1,1,1,8326,5796,2412,1345,0,1
6799cf46da62992b3320cf4d,2025,Première chambre civile,Publié au Bulletin,api,12872,203,7,1,1,1,1,1,3521,6971,1961,422,0,1
6799cf47da62992b3320cf4f,2025,Première chambre civile,Publié au Bulletin,api,7041,528,5,1,1,1,1,1,2898,1101,2605,438,0,1
679b20c0b4b66853bd28e786,2025,Troisième chambre civile,Publié au Bulletin|Publié aux Lettres de chambre,api,11106,529,7,1,1,1,1,1,3141,2177,4249,1542,0,1
679b20c2b4b66853bd28e788,2025,Deuxième chambre civile,Publié au Bulletin|Publié au Rapport|Publié aux Lettres de chambre,api,11232,878,5,1,1,1,1,1,3044,3197,3647,1345,0,1
679b20c4b4b66853bd28e78a,2025,Deuxième chambre civile,Publié au Bulletin|Publié aux Lettres de chambre,api,8838,574,7,1,1,1,1,1,2032,3242,3112,455,0,1
679b20c5b4b66853bd28e78c,2025,Deuxième chambre civile,Publié au Bulletin,api,14560,1239,7,1,1,1,1,1,2169,5032,6849,513,0,1
679b20c7b4b66853bd28e78e,2025,Deuxième chambre civile,Publié au Bulletin|Publié aux Lettres de chambre,api,7103,733,7,1,1,1,1,1,2381,1407,2910,408,0,1
679b20c8b4b66853bd28e790,2025,Première chambre civile,Publié au Bulletin|Publié aux Lettres de chambre,api,5915,454,5,1,1,1,1,1,2490,1163,1536,727,0,1
67a30045130c3b1b03e69c89,2025,Chambre criminelle,Publié au Bulletin,api,6592,514,7,1,1,1,1,1,2693,1887,1803,212,0,1
67a308afeaef5a22b443b2a1,2025,Chambre criminelle,Publié au Bulletin,api,6566,257,5,1,1,1,1,1,2312,2381,1093,781,0,1
67a308afeaef5a22b443b2a3,2025,Chambre criminelle,Publié au Bulletin,api,7128,166,7,1,1,1,1,1,2209,2155,1986,781,0,1
67a308afeaef5a22b443b2a5,2025,Chambre criminelle,Publié au Bulletin,regles,16538,408,3,1,1,1,0,1,1921,12840,0,213,0,1
67a308afeaef5a22b443b2a7,2025,Chambre criminelle,Publié au Bulletin,api,9467,368,9,1,1,1,1,1,3371,1936,2848,1317,0,1
67a3096aeaef5a22b443b395,2025,Chambre sociale,Publié au Bulletin|Publié aux Lettres de chambre,api,11908,1418,9,1,1,1,1,1,2830,6361,2262,460,0,1
67a3096ceaef5a22b443b397,2025,Chambre sociale,Publié au Bulletin|Publié aux Lettres de chambre,api,13072,1190,5,1,1,1,1,1,3502,2596,6137,838,0,1
67a3096deaef5a22b443b399,2025,Chambre sociale,Publié au Bulletin,api,12825,1033,5,1,1,1,1,1,5292,2388,4016,1130,0,1
67a3096feaef5a22b443b39b,2025,Chambre sociale,Publié au Bulletin|Publié aux Lettres de chambre,api,8534,1138,7,1,1,1,1,1,2884,2073,3254,326,0,1
67a30971eaef5a22b443b39d,2025,Chambre sociale,Publié au Bulletin|Publié aux Lettres de chambre,api,8762,1070,5,1,1,1,1,1,2385,1972,3511,895,0,1
67a30972eaef5a22b443b39f,2025,Chambre sociale,Publié au Bulletin|Publié aux Lettres de chambre,regles,14058,1470,4,1,1,1,0,1,913,8820,0,563,0,1
67a30974eaef5a22b443b3a1,2025,Chambre sociale,Publié au Bulletin|Publié aux Lettres de chambre,api,10747,1539,7,1,1,1,1,1,3383,3624,3229,514,0,1
67a30976eaef5a22b443b3a3,2025,Chambre sociale,Publié au Bulletin|Publié aux Lettres de chambre,api,6369,1481,5,1,1,1,1,1,2572,1246,1688,864,0,1
67a30977eaef5a22b443b3a5,2025,Chambre commerciale financière et économique,Publié au Bulletin,api,5506,1038,5,1,1,1,1,1,2019,660,1728,1100,0,1
67a30979eaef5a22b443b3a7,2025,Chambre commerciale financière et économique,Publié au Bulletin,api,8551,749,7,1,1,1,1,1,3056,1601,2304,1593,0,1
67a3097beaef5a22b443b3a9,2025,Chambre commerciale financière et économique,Publié au Bulletin,api,6175,329,5,1,1,1,1,1,3672,952,839,713,0,1
67a3097deaef5a22b443b3ab,2025,Chambre commerciale financière et économique,Publié au Bulletin,api,32622,1196,11,1,1,1,1,1,3044,22648,5375,1562,0,1
67a3097eeaef5a22b443b3ad,2025,Chambre commerciale financière et économique,Publié au Bulletin,api,5281,248,7,1,1,1,1,1,2687,1218,578,801,0,1
67a30980eaef5a22b443b3af,2025,Chambre commerciale financière et économique,Publié au Bulletin,api,9091,325,9,1,1,1,1,1,3142,1767,2933,1254,0,1
67a30981eaef5a22b443b3b1,2025,Chambre commerciale financière et économique,Publié au Bulletin|Publié aux Lettres de chambre,api,5769,365,5,1,1,1,1,1,2869,1691,484,726,0,1
67a30983eaef5a22b443b3b3,2025,Chambre commerciale financière et économique,Publié au Bulletin|Publié aux Lettres de chambre,api,6956,365,5,1,1,1,1,1,2778,1185,1798,1196,0,1
67a30984eaef5a22b443b3b5,2025,Première chambre civile,Publié au Bulletin|Publié aux Lettres de chambre,api,9703,231,7,1,1,1,1,1,2082,2817,2403,2404,0,1
67a30986eaef5a22b443b3b7,2025,Première chambre civile,Publié au Bulletin|Publié au Rapport|Publié aux Lettres de chambre,api,6629,469,5,1,1,1,1,1,2650,1436,1987,557,0,1
67a30988eaef5a22b443b3b9,2025,Première chambre civile,Publié au Bulletin|Publié au Rapport|Publié aux Lettres de chambre,api,8477,572,7,1,1,1,1,1,2411,1542,3585,942,0,1
67a45ce76f209ee13f481be4,2025,Troisième chambre civile,Publié au Bulletin,api,6579,167,7,1,1,1,1,1,2735,1055,1057,1735,0,1
67a45ce96f209ee13f481be6,2025,Troisième chambre civile,Publié au Bulletin,api,14814,255,9,1,1,1,1,1,3330,8186,2588,715,0,1
67a45cea6f209ee13f481be8,2025,Deuxième chambre civile,Publié au Bulletin|Publié aux Lettres de chambre,api,3696,586,4,1,1,0,1,1,1684,0,1195,818,0,1
67a45cec6f209ee13f481bea,2025,Deuxième chambre civile,Publié au Bulletin|Publié aux Lettres de chambre,api,7862,448,7,1,1,1,1,1,2437,2185,2997,246,0,1
67a45ced6f209ee13f481bec,2025,Deuxième chambre civile,Publié au Bulletin|Publié aux Lettres de chambre,api,6754,250,5,1,1,1,1,1,2909,943,1940,963,0,1
67a45cef6f209ee13f481bee,2025,Deuxième chambre civile,Publié au Bulletin|Publié aux Lettres de chambre,api,6036,199,5,1,1,1,1,1,2168,1853,1576,440,0,1
67a45cf06f209ee13f481bf0,2025,Deuxième chambre civile,Publié au Bulletin,api,6347,316,5,1,1,1,1,1,1786,1266,2213,1083,0,1
67a45cf26f209ee13f481bf2,2025,Deuxième chambre civile,Publié au Bulletin|Publié aux Lettres de chambre,regles,8373,372,3,1,1,1,0,1,898,4423,0,1000,0,1
67a45fcb2141871c04a8eec2,2025,Chambre criminelle,Publié au Bulletin,api,5574,325,5,1,1,1,1,1,2298,1917,1148,212,0,1
67aafdde42a8f52cc5087e15,2025,Chambre criminelle,Publié au Bulletin,api,5911,645,5,1,1,1,1,1,1998,2101,1603,210,0,1
67aafdde42a8f52cc5087e17,2025,Chambre criminelle,Publié au Bulletin,api,11713,823,9,1,1,1,1,1,2631,3926,4207,954,0,1
67ac548691acc6fabdb2ce41,2025,Chambre criminelle,Publié au Bulletin,api,24931,539,11,1,1,1,1,1,2174,14379,7431,954,0,1
67ac548691acc6fabdb2ce43,2025,Chambre criminelle,Publié au Bulletin,api,5687,387,7,1,1,1,1,1,2221,1363,1895,211,0,1
67ac548791acc6fabdb2ce45,2025,Chambre criminelle,Publié au Bulletin,api,18022,681,13,1,1,1,1,1,2356,7135,7382,1158,0,1
67ac551391acc6fabdb2cef7,2025,Chambre sociale,Publié au Bulletin,api,10429,231,4,1,1,1,1,1,431,1196,7905,897,0,1
67ac551591acc6fabdb2cef9,2025,Chambre sociale,Publié au Bulletin,api,14025,2028,7,1,1,1,1,1,2675,6931,3971,451,0,1
67ac551691acc6fabdb2cefb,2025,Chambre sociale,Publié au Bulletin|Publié aux Lettres de chambre,api,15896,566,9,1,1,1,1,1,2689,3804,7944,1464,0,1
67ac551891acc6fabdb2cefd,2025,Chambre sociale,Publié au Bulletin|Publié aux Lettres de chambre,api,24869,847,11,1,1,1,1,1,3799,11547,8038,1492,0,1
67ac551a91acc6fabdb2ceff,2025,Chambre sociale,Publié au Bulletin|Publié aux Lettres de chambre,api,12645,471,7,1,1,1,1,1,3484,6322,2300,542,0,1
67ac551b91acc6fabdb2cf01,2025,Chambre sociale,Publié au Bulletin|Publié aux Lettres de chambre,api,9139,1197,7,1,1,1,1,1,2805,1460,3971,906,0,1
67ac551d91acc6fabdb2cf03,2025,Chambre sociale,Publié au Bulletin|Publié aux Lettres de chambre,api,5580,526,7,1,1,1,1,1,2606,1293,1357,327,0,1
67ac551e91acc6fabdb2cf05,2025,Chambre sociale,Publié au Bulletin|Publié aux Lettres de chambre,api,9602,872,7,1,1,1,1,1,2380,2378,3701,1146,0,1
67ac552091acc6fabdb2cf07,2025,Chambre commerciale financière et économique,Publié au Bulletin,api,9330,579,7,1,1,1,1,1,3395,3490,1655,793,0,1
67ac552291acc6fabdb2cf09,2025,Chambre commerciale financière et économique,Publié au Bulletin,api,9695,440,9,1,1,1,1,1,2562,2101,3668,1369,0,1
67ac552391acc6fabdb2cf0b,2025,Chambre commerciale financière et économique,Publié au Bulletin,api,5786,326,5,1,1,1,1,1,2215,1115,1297,1160,0,1
67ac552591acc6fabdb2cf0d,2025,Chambre commerciale financière et économique,Publié au Bulletin,api,15748,743,11,1,1,1,1,1,2332,7326,4732,1365,0,1
67ac552691acc6fabdb2cf0f,2025,Chambre commerciale financière et économique,Publié au Bulletin,api,7870,586,7,1,1,1,1,1,3442,1098,2575,758,0,1
67ac552891acc6fabdb2cf11,2025,Chambre commerciale financière et économique,Publié au Bulletin,api,6896,658,5,1,1,1,1,1,2536,1713,1639,1009,0,1
67ac552991acc6fabdb2cf13,2025,Chambre commerciale financière et économique,Publié au Bulletin,api,7915,210,5,1,1,1,1,1,2403,2439,1629,1445,0,1
67ac552b91acc6fabdb2cf15,2025,Chambre commerciale financière et économique,Publié au Bulletin,api,6249,787,5,1,1,1,1,1,2776,1035,1561,878,0,1
67ac552c91acc6fabdb2cf17,2025,Chambre commerciale financière et économique,Publié au Bulletin,api,6113,787,5,1,1,1,1,1,2924,992,1350,848,0,1
67ac552e91acc6fabdb2cf19,2025,Chambre commerciale financière et économique,Publié au Bulletin|Publié aux Lettres de chambre,api,12037,740,5,1,1,1,1,1,3402,4869,3039,728,0,1
67ac552f91acc6fabdb2cf1b,2025,Chambre commerciale financière et économique,Publié au Bulletin|Publié aux Lettres de chambre,api,10203,209,5,1,1,1,1,1,3365,1200,3713,1926,0,1
67ac553191acc6fabdb2cf1d,2025,Première chambre civile,Publié au Bulletin|Publié aux Lettres de chambre,api,19399,504,11,1,1,1,1,1,3144,7334,8468,460,0,1
67adc547ff4fdee7ba5c51f4,2025,Deuxième chambre civile,Publié au Bulletin|Publié au Rapport|Publié aux Lettres de chambre,api,13441,1056,6,1,1,1,1,1,3428,630,8764,621,0,1
67adc54aff4fdee7ba5c51f6,2025,Deuxième chambre civile,Publié au Bulletin|Publié aux Lettres de chambre,api,14476,269,9,1,1,1,1,1,4255,3322,5523,1381,0,1
67adc54bff4fdee7ba5c51f8,2025,Troisième chambre civile,Publié au Bulletin,api,15751,972,11,1,1,1,1,1,3389,5229,6136,1004,0,1
67adc54dff4fdee7ba5c51fa,2025,Troisième chambre civile,Publié au Bulletin,api,8472,538,5,1,1,1,1,1,2831,1896,2794,952,0,1
67adc54eff4fdee7ba5c51fc,2025,Troisième chambre civile,Publié au Bulletin,api,7358,362,5,1,1,1,1,1,3105,2781,1123,350,0,1
67aef6354a8ae34788da5fe5,2025,Chambre criminelle,Publié au Bulletin|Publié aux Lettres de chambre,api,12341,1448,9,1,1,1,1,1,2080,3703,6352,211,0,1
67bd64c0aaa51f7544bbbc35,2025,Chambre criminelle,Publié au Bulletin,api,13281,845,11,1,1,1,1,1,3646,3339,5323,980,0,1
67bd64c0aaa51f7544bbbc37,2025,Chambre criminelle,Publié au Bulletin,api,10167,255,5,1,1,1,1,1,2641,3618,3125,784,0,1
67bd64c0aaa51f7544bbbc39,2025,Chambre criminelle,Publié au Bulletin|Publié aux Lettres de chambre,api,7114,574,5,1,1,1,1,1,2281,1582,2493,759,0,1
67bebe49ab77563075a59382,2025,Première chambre civile,Publié au Bulletin|Publié au Rapport|Publié aux Lettres de chambre,api,19546,1838,11,1,1,1,1,1,3546,4839,9122,2046,0,1
67bebe4bab77563075a59384,2025,Chambre commerciale financière et économique,Publié au Bulletin|Publié aux Lettres de chambre,api,16484,544,7,1,1,1,1,1,3388,8801,3808,490,0,1
67bebe4cab77563075a59386,2025,Chambre commerciale financière et économique,Publié au Bulletin,api,14429,229,11,1,1,1,1,1,3114,7370,3549,403,0,1
67bebe4eab77563075a59388,2025,Chambre commerciale financière et économique,Publié au Bulletin,api,8864,471,7,1,1,1,1,1,3600,3488,1236,543,0,1
67bebe4eab77563075a5938a,2025,Chambre commerciale financière et économique,Publié au Bulletin|Publié aux Lettres de chambre,regles,7413,419,3,1,1,1,0,1,660,3814,0,1213,0,1
67bebe50ab77563075a5938c,2025,Chambre sociale,Publié au Bulletin,api,7051,362,5,1,1,1,1,1,2888,1016,2346,802,0,1
67bebe51ab77563075a5938e,2025,Chambre sociale,Publié au Bulletin|Publié aux Lettres de chambre,api,7726,623,5,1,1,1,1,1,3544,2889,387,907,0,1
67bebe52ab77563075a59390,2025,Chambre sociale,Publié au Bulletin,api,12186,415,5,1,1,1,1,1,4023,1980,5352,832,0,1
67bec175772b43c769e6c1af,2025,Chambre criminelle,Publié au Bulletin,api,7926,606,5,1,1,1,1,1,2087,2500,3126,214,0,1
67c00a571125355ef3efdba7,2025,Première chambre civile,Publié au Bulletin|Publié aux Lettres de chambre,api,11849,935,11,1,1,1,1,1,2820,5159,3538,339,0,1
67c00a5a1125355ef3efdba9,2025,Première chambre civile,Publié au Bulletin,api,4844,159,5,1,1,1,1,1,2416,736,824,869,0,1
67c00a5c1125355ef3efdbab,2025,Première chambre civile,Publié au Bulletin|Publié au Rapport|Publié aux Lettres de chambre,api,11316,1772,7,1,1,1,1,1,3040,2379,4735,1165,0,1
67c00a5d1125355ef3efdbad,2025,Deuxième chambre civile,Publié au Bulletin|Publié aux Lettres de chambre,api,24412,870,11,1,1,1,1,1,2239,6363,15378,439,0,1
67c00a5f1125355ef3efdbaf,2025,Deuxième chambre civile,Publié au Bulletin|Publié aux Lettres de chambre,api,17736,954,9,1,1,1,1,1,2489,4425,10388,439,0,1
67c00a611125355ef3efdbb1,2025,Deuxième chambre civile,Publié au Bulletin|Publié aux Lettres de chambre,api,10794,1113,5,1,1,1,1,1,2240,1548,6063,944,0,1
67c00a621125355ef3efdbb3,2025,Deuxième chambre civile,Publié au Bulletin|Publié aux Lettres de chambre,api,8115,1485,5,1,1,1,1,1,2524,2335,2140,1117,0,1
67c00a641125355ef3efdbb5,2025,Deuxième chambre civile,Publié au Bulletin|Publié aux Lettres de chambre,api,8141,890,7,1,1,1,1,1,2981,3224,1599,340,0,1
67c00a651125355ef3efdbb7,2025,Troisième chambre civile,Publié au Bulletin,api,7529,392,7,1,1,1,1,1,2770,1396,2085,1281,0,1
67c00a671125355ef3efdbb9,2025,Troisième chambre civile,Publié au Bulletin,api,8722,412,7,1,1,1,1,1,3640,3086,1645,354,0,1
67c00a691125355ef3efdbbb,2025,Troisième chambre civile,Publié au Bulletin,api,8197,170,7,1,1,1,1,1,2484,1622,2963,1131,0,1
67c15a564ca4138f1ed06077,2025,Chambre criminelle,Publié au Bulletin|Publié aux Lettres de chambre,api,7727,587,7,1,1,1,1,1,1839,2905,2770,216,0,1
67c15a564ca4138f1ed06079,2025,Chambre criminelle,Publié au Bulletin|Publié aux Lettres de chambre,api,7735,1088,5,1,1,1,1,1,2757,2096,1922,961,0,1
67c15a564ca4138f1ed0607b,2025,Chambre criminelle,Publié au Bulletin|Publié aux Lettres de chambre,api,9625,706,5,1,1,1,1,1,3924,1233,3489,980,0,1
67c15a574ca4138f1ed0607d,2025,Chambre criminelle,Publié au Bulletin,api,5377,620,3,1,1,0,1,1,1201,0,3326,850,0,1
67c69d98d8a34f0bda835abb,2025,Chambre criminelle,Publié au Bulletin|Publié aux Lettres de chambre,api,4687,510,5,1,1,1,1,1,1749,1143,1044,752,0,1
67c7f850d80e40890638ec7f,2025,Chambre sociale,Publié au Bulletin,api,7011,521,5,1,1,1,1,1,2256,2205,1695,856,0,1
67c7f852d80e40890638ec81,2025,Chambre sociale,Publié au Bulletin,api,7747,606,7,1,1,1,1,1,2564,1015,3154,1017,0,1
67c7f854d80e40890638ec83,2025,Chambre commerciale financière et économique,Publié au Bulletin|Publié aux Lettres de chambre,api,18947,502,5,1,1,1,1,1,3860,8253,6048,787,0,1
67c7f855d80e40890638ec85,2025,Chambre commerciale financière et économique,Publié au Bulletin,api,7775,1260,5,1,1,1,1,1,2592,2014,2238,932,0,1
67c7f858d80e40890638ec87,2025,Chambre commerciale financière et économique,Publié au Bulletin|Publié aux Lettres de chambre,api,15492,934,7,1,1,1,1,1,7216,5898,1968,413,0,1
67c7f859d80e40890638ec89,2025,Chambre commerciale financière et économique,Publié au Bulletin,api,5373,122,5,1,1,1,1,1,2701,2073,240,360,0,1
67c7f85bd80e40890638ec8b,2025,Première chambre civile,Publié au Bulletin|Publié aux Lettres de chambre,api,5483,623,5,1,1,1,1,1,2157,1239,1448,640,0,1
67c7f85dd80e40890638ec8d,2025,Première chambre civile,Publié au Bulletin|Publié aux Lettres de chambre,api,5209,254,7,1,1,1,1,1,2635,1263,870,444,0,1
67c948d11a107e0f606ad70f,2025,Troisième chambre civile,Publié au Bulletin,api,6485,495,5,1,1,1,1,1,2718,1509,1342,917,0,1
67c948d31a107e0f606ad711,2025,Troisième chambre civile,Publié au Bulletin,api,7236,286,7,1,1,1,1,1,2276,2629,1807,527,0,1
67c948d41a107e0f606ad713,2025,Deuxième chambre civile,Publié au Bulletin|Publié aux Lettres de chambre,api,6806,371,4,1,1,0,1,1,3163,0,2353,1291,0,1
67c948d61a107e0f606ad715,2025,Deuxième chambre civile,Publié au Bulletin|Publié aux Lettres de chambre,api,7640,365,7,1,1,1,1,1,2581,1439,3143,480,0,1
67c948d71a107e0f606ad717,2025,Deuxième chambre civile,Publié au Bulletin|Publié aux Lettres de chambre|Communiqué,api,7709,802,9,1,1,1,1,1,2255,1764,2798,897,0,1
67c948d91a107e0f606ad719,2025,Deuxième chambre civile,Publié au Bulletin|Publié aux Lettres de chambre,api,6719,319,5,1,1,1,1,1,1942,1991,1825,962,0,1
67c948db1a107e0f606ad71b,2025,Deuxième chambre civile,Publié au Bulletin,api,6794,478,7,1,1,1,1,1,2112,1590,2053,1042,0,1
67c948dd1a107e0f606ad71d,2025,Deuxième chambre civile,Publié au Bulletin,api,6048,232,5,1,1,1,1,1,2224,1129,1743,953,0,1
67c948de1a107e0f606ad71f,2025,Deuxième chambre civile,Publié au Bulletin|Publié aux Lettres de chambre,api,7121,215,5,1,1,1,1,1,2927,789,2529,877,0,1
67c948e01a107e0f606ad721,2025,Deuxième chambre civile,Publié au Bulletin|Publié aux Lettres de chambre,api,9208,190,9,1,1,1,1,1,3543,3900,1299,471,0,1
67c948e11a107e0f606ad723,2025,Deuxième chambre civile,Publié au Bulletin|Publié aux Lettres de chambre,api,8311,439,5,1,1,1,1,1,2395,1203,3085,1629,0,1
67cfdd69d22131b78dde9a9a,2025,Chambre sociale,Publié au Bulletin|Publié aux Lettres de chambre,api,6692,558,7,1,1,1,1,1,2163,2671,1538,323,0,1
67cfdd6bd22131b78dde9a9c,2025,Chambre sociale,Publié au Bulletin|Publié aux Lettres de chambre,api,7624,629,7,1,1,1,1,1,2572,3283,1448,324,0,1
67cfdd6cd22131b78dde9a9e,2025,Chambre sociale,Publié au Bulletin|Publié aux Lettres de chambre,api,20684,244,11,1,1,1,1,1,2637,4799,11437,1818,0,1
67cfdd6ed22131b78dde9aa0,2025,Chambre sociale,Publié au Bulletin|Publié aux Lettres de chambre,api,12358,500,7,1,1,1,1,1,2356,4759,3833,1413,0,1
67cfdea58845c35949130ab1,2025,Chambre criminelle,Publié au Bulletin,api,11942,982,11,1,1,1,1,1,3918,3022,4802,207,0,1
67cfdea58845c35949130ab3,2025,Chambre criminelle,Publié au Bulletin,api,10680,1089,5,1,1,1,1,1,2729,5182,2563,207,0,1
67cfdea68845c35949130ab5,2025,Chambre criminelle,Publié au Bulletin,api,20394,433,9,1,1,1,1,1,3591,6580,9835,393,0,1
67cfdea68845c35949130ab7,2025,Chambre criminelle,Publié au Bulletin,api,8527,1031,7,1,1,1,1,1,2191,3210,2922,207,0,1
67cfdea68845c35949130ab9,2025,Chambre criminelle,Publié au Bulletin|Publié au Rapport|Publié aux Lettres de chambre,api,20442,1289,7,1,1,1,1,1,3849,10550,5204,842,0,1
67cfdea68845c35949130abb,2025,Chambre criminelle,Publié au Bulletin|Publié au Rapport|Publié aux Lettres de chambre,api,23506,1598,11,1,1,1,1,1,2746,15008,5552,207,0,1
67cfdea68845c35949130abd,2025,Chambre criminelle,Publié au Bulletin|Publié au Rapport|Publié aux Lettres de chambre,api,12435,1060,5,1,1,1,1,1,3644,2428,6157,207,0,1
67d12f90a74c455c1adcaba1,2025,Chambre sociale,Publié au Bulletin|Publié aux Lettres de chambre,api,19528,690,7,1,1,1,1,1,6741,7287,3570,1933,0,1
67d12f91a74c455c1adcaba3,2025,Chambre sociale,Publié au Bulletin,api,14602,1673,7,1,1,1,1,1,2828,6314,5019,444,0,1
67d12f93a74c455c1adcaba5,2025,Chambre sociale,Publié au Bulletin|Publié aux Lettres de chambre,api,12783,552,9,1,1,1,1,1,3912,3806,4746,324,0,1
67d12f94a74c455c1adcaba7,2025,Chambre sociale,Publié au Bulletin,api,15420,477,9,1,1,1,1,1,8429,3578,3126,292,0,1
67d12f95a74c455c1adcaba9,2025,Chambre sociale,Publié au Bulletin|Publié aux Lettres de chambre,api,8916,2105,5,1,1,1,1,1,3001,1559,3449,908,0,1
67d12f97a74c455c1adcabab,2025,Chambre sociale,Publié au Bulletin,api,12477,1491,7,1,1,1,1,1,3197,4665,4292,326,0,1
67d12fa1a74c455c1adcabad,2025,Chambre sociale,Publié au Bulletin|Publié aux Lettres de chambre,api,16353,464,7,1,1,1,1,1,3470,8112,4390,384,0,1
67d12fa2a74c455c1adcabaf,2025,Chambre sociale,Publié au Bulletin|Publié aux Lettres de chambre,api,10432,1784,5,1,1,1,1,1,3036,3139,3342,916,0,1
67d12fa4a74c455c1adcabb1,2025,Chambre sociale,Publié au Bulletin,api,11878,1196,5,1,1,1,1,1,4452,6190,486,751,0,1
67d12fa6a74c455c1adcabb3,2025,Chambre commerciale financière et économique,Publié au Bulletin,api,14495,578,9,1,1,1,1,1,3530,5404,4442,1124,0,1
67d12fa7a74c455c1adcabb5,2025,Chambre commerciale financière et économique,Publié au Bulletin,api,7825,678,5,1,1,1,1,1,2500,2937,1894,495,0,1
67d12fa9a74c455c1adcabb7,2025,Chambre commerciale financière et économique,Publié au Bulletin,api,6282,486,5,1,1,1,1,1,3133,1632,1165,353,0,1
67d12faaa74c455c1adcabb9,2025,Chambre commerciale financière et économique,Publié au Bulletin,api,20672,465,15,1,1,1,1,1,3832,9205,7094,552,0,1
67d12faca74c455c1adcabbb,2025,Chambre commerciale financière et économique,Publié au Bulletin,api,8542,265,7,1,1,1,1,1,2594,2627,2570,754,0,1
67d12fada74c455c1adcabbd,2025,Chambre commerciale financière et économique,Publié au Bulletin,api,11939,334,7,1,1,1,1,1,2378,5245,3211,1108,0,1
67d12fafa74c455c1adcabbf,2025,Chambre commerciale financière et économique,Publié au Bulletin,api,6529,312,7,1,1,1,1,1,2812,837,1540,1343,0,1
67d12fb1a74c455c1adcabc1,2025,Chambre commerciale financière et économique,Publié au Bulletin,api,7853,419,7,1,1,1,1,1,2945,2215,1886,810,0,1
67d12fb2a74c455c1adcabc3,2025,Chambre commerciale financière et économique,Publié au Bulletin,api,6930,176,7,1,1,1,1,1,2600,2353,1222,758,0,1
67d12fb4a74c455c1adcabc5,2025,Première chambre civile,Publié au Bulletin|Publié aux Lettres de chambre,api,8019,596,7,1,1,1,1,1,2295,1705,3109,913,0,1
67d13139a74c455c1adcabc7,2025,Chambre criminelle,Publié au Bulletin|Publié aux Lettres de chambre,api,12561,573,7,1,1,1,1,1,2219,6519,3618,208,0,1
67d13139a74c455c1adcabc9,2025,Chambre criminelle,Publié au Bulletin|Publié aux Lettres de chambre,api,5071,534,5,1,1,1,1,1,1790,724,1709,849,0,1
67d13139a74c455c1adcabcb,2025,Chambre criminelle,Publié au Bulletin,api,7014,429,5,1,1,1,1,1,2230,2749,1828,208,0,1
67d13139a74c455c1adcabcd,2025,Chambre criminelle,Publié au Bulletin,api,7122,276,7,1,1,1,1,1,2605,1770,1554,1196,0,1
67d1313aa74c455c1adcabcf,2025,Chambre criminelle,Publié au Bulletin,api,12447,892,5,1,1,1,1,1,2437,1705,4846,3460,0,1
67d1313aa74c455c1adcabd1,2025,Chambre criminelle,Publié au Bulletin,api,3907,640,4,1,1,0,1,1,1756,0,1934,218,0,1
67d28438f79d05e49e360b0c,2025,Troisième chambre civile,Publié au Bulletin,api,6665,362,7,1,1,1,1,1,2214,1832,2367,255,0,1
67d28439f79d05e49e360b0e,2025,Troisième chambre civile,Publié au Bulletin,api,6844,553,5,1,1,1,1,1,3617,1118,875,1235,0,1
67d2843bf79d05e49e360b10,2025,Troisième chambre civile,Publié au Bulletin,api,3561,320,7,1,1,1,1,1,2198,465,560,341,0,1
67d2843cf79d05e49e360b12,2025,Deuxième chambre civile,Publié au Bulletin|Publié aux Lettres de chambre,api,14579,556,9,1,1,1,1,1,3047,5571,5033,933,0,1
67d2843ef79d05e49e360b14,2025,Deuxième chambre civile,Publié au Bulletin|Publié aux Lettres de chambre,api,4888,391,5,1,1,1,1,1,2265,826,980,818,0,1
67d28440f79d05e49e360b16,2025,Deuxième chambre civile,Publié au Bulletin|Publié aux Lettres de chambre,api,6058,569,7,1,1,1,1,1,2150,1717,1221,973,0,1
67d286a1f79d05e49e360b18,2025,Chambre criminelle,Publié au Bulletin,api,6688,1214,5,1,1,1,1,1,2082,1817,1806,984,0,1
67d286a1f79d05e49e360b1a,2025,Chambre criminelle,Publié au Bulletin,api,3631,589,5,1,1,1,1,1,1959,623,843,207,0,1
67d286a1f79d05e49e360b1c,2025,Chambre criminelle,Publié au Bulletin,api,10919,2800,7,1,1,1,1,1,1775,2770,6170,207,0,1
67d3cafb2b60913386c85579,2025,Chambre criminelle,Publié au Bulletin|Publié aux Lettres de chambre,api,11985,807,7,1,1,1,1,1,2066,1603,5807,2512,0,1
67d3cb002b60913386c8557b,2025,Deuxième chambre civile,Publié au Bulletin,api,12548,793,2,1,0,0,1,1,0,0,10784,1764,0,1
67d91293c37f3fa02c8a168d,2025,Chambre criminelle,Publié au Bulletin|Publié aux Lettres de chambre,api,7220,428,7,1,1,1,1,1,1703,1911,2752,857,0,1
67d91293c37f3fa02c8a168f,2025,Chambre criminelle,Publié au Bulletin,api,8747,386,5,1,1,1,1,1,3171,3983,1154,440,0,1
67d91293c37f3fa02c8a1691,2025,Chambre criminelle,Publié au Bulletin|Publié aux Lettres de chambre,api,9951,824,7,1,1,1,1,1,2418,4464,2776,296,0,1
67d91293c37f3fa02c8a1693,2025,Chambre criminelle,Publié au Bulletin,api,5893,708,4,1,1,0,1,1,2181,0,3490,223,0,1
67d91294c37f3fa02c8a1695,2025,Chambre criminelle,Publié au Bulletin,api,10202,1001,9,1,1,1,1,1,1952,3880,3389,986,0,1
67da68649adb0fcda38e00a9,2025,Chambre sociale,Publié au Bulletin|Publié au Rapport|Publié aux Lettres de chambre,api,15806,3752,5,1,1,1,1,1,2114,5129,7186,1378,0,1
67da68659adb0fcda38e00ab,2025,Chambre sociale,Publié au Bulletin|Publié aux Lettres de chambre,api,23682,536,17,1,1,1,1,1,2609,9392,10250,1444,0,1
67da68679adb0fcda38e00ad,2025,Chambre sociale,Publié au Bulletin|Publié aux Lettres de chambre,api,11771,1158,7,1,1,1,1,1,3691,2948,4014,1121,0,1
67da68689adb0fcda38e00af,2025,Chambre sociale,Publié au Bulletin|Publié aux Lettres de chambre,api,6216,1116,7,1,1,1,1,1,2226,2455,1203,335,0,1
67da686a9adb0fcda38e00b1,2025,Chambre commerciale financière et économique,Publié au Bulletin,api,13941,890,7,1,1,1,1,1,2762,4160,5715,1307,0,1
67da686b9adb0fcda38e00b3,2025,Chambre commerciale financière et économique,Publié au Bulletin|Publié aux Lettres de chambre,api,22329,3257,13,1,1,1,1,1,4120,7486,8272,2460,0,1
67da686d9adb0fcda38e00b5,2025,Chambre commerciale financière et économique,Publié au Bulletin|Publié aux Lettres de chambre,api,22320,357,13,1,1,1,1,1,4765,13153,3639,772,0,1
67da686f9adb0fcda38e00b7,2025,Chambre commerciale financière et économique,Publié au Bulletin|Publié aux Lettres de chambre,api,20102,381,9,1,1,1,1,1,5506,9849,3031,1721,0,1
67da68719adb0fcda38e00b9,2025,Chambre commerciale financière et économique,Publié au Bulletin,api,11243,531,5,1,1,1,1,1,2865,4721,3061,597,0,1
67da68729adb0fcda38e00bb,2025,Chambre commerciale financière et économique,Publié au Bulletin,api,35890,565,11,1,1,1,1,1,4459,24795,5908,735,0,1
67da68749adb0fcda38e00bd,2025,Chambre commerciale financière et économique,Publié au Bulletin,api,23786,1220,13,1,1,1,1,1,3860,10826,8379,730,0,1
67da68769adb0fcda38e00bf,2025,Première chambre civile,Publié au Bulletin,api,17556,602,9,1,1,1,1,1,5015,7630,3843,1073,0,1
67da68779adb0fcda38e00c1,2025,Première chambre civile,Publié au Bulletin,api,8635,410,5,1,1,1,1,1,2682,4347,1232,375,0,1
67da68799adb0fcda38e00c3,2025,Première chambre civile,Publié au Bulletin,api,8345,536,5,1,1,1,1,1,2694,2009,2939,704,0,1
67da687a9adb0fcda38e00c5,2025,Première chambre civile,Publié au Bulletin|Publié aux Lettres de chambre,api,7480,783,5,1,1,1,1,1,2530,1877,2556,518,0,1
67da687c9adb0fcda38e00c7,2025,Première chambre civile,Publié au Bulletin|Publié aux Lettres de chambre,api,7533,643,7,1,1,1,1,1,2537,1918,2238,843,0,1
67da687d9adb0fcda38e00c9,2025,Première chambre civile,Publié au Bulletin,api,11740,629,11,1,1,1,1,1,2851,3550,4157,1189,0,1
67da687f9adb0fcda38e00cb,2025,Première chambre civile,Publié au Bulletin,api,6091,663,7,1,1,1,1,1,2634,1751,1376,333,0,1
67da69fa9adb0fcda38e00cd,2025,Chambre criminelle,Publié au Bulletin|Publié aux Lettres de chambre,api,18635,952,7,1,1,1,1,1,4811,6855,5713,1259,0,1
67dbc0cbe044dcf80e82caf0,2025,Chambre criminelle,Publié au Bulletin|Publié aux Lettres de chambre,api,16226,845,7,1,1,1,1,1,2218,11259,2541,211,0,1
67dbc1ffe044dcf80e82cc8c,2025,Troisième chambre civile,Publié au Bulletin|Publié aux Lettres de chambre,api,4361,135,4,1,1,1,1,1,874,569,1971,947,0,1
67dbc201e044dcf80e82cc8e,2025,Troisième chambre civile,Publié au Bulletin,api,6015,761,7,1,1,1,1,1,2463,1844,1222,489,0,1
67dbc203e044dcf80e82cc90,2025,Troisième chambre civile,Publié au Bulletin,api,15499,128,9,1,1,1,1,1,4562,2023,5764,3155,0,1
67dbc204e044dcf80e82cc92,2025,Troisième chambre civile,Publié au Bulletin,api,10230,486,9,1,1,1,1,1,3128,2145,3699,1263,0,1
67dbc206e044dcf80e82cc94,2025,Deuxième chambre civile,Publié au Bulletin|Publié au Rapport|Publié aux Lettres de chambre,api,15709,1829,9,1,1,1,1,1,3314,2602,8433,1365,0,1
67dbc207e044dcf80e82cc96,2025,Deuxième chambre civile,Publié au Bulletin|Publié aux Lettres de chambre,api,13988,513,9,1,1,1,1,1,2214,5980,4785,1014,0,1
67dbc208e044dcf80e82cc98,2025,Deuxième chambre civile,Publié au Bulletin|Publié aux Lettres de chambre,api,8223,810,7,1,1,1,1,1,2533,2308,2218,1167,0,1
67dbc20ae044dcf80e82cc9a,2025,Deuxième chambre civile,Publié au Bulletin|Publié aux Lettres de chambre,api,10086,523,7,1,1,1,1,1,2014,1903,5030,1142,0,1
67dbc20ce044dcf80e82cc9c,2025,Deuxième chambre civile,Publié au Bulletin|Publié aux Lettres de chambre,api,8110,440,7,1,1,1,1,1,2513,1286,3234,1080,0,1
67dbc20de044dcf80e82cc9e,2025,Deuxième chambre civile,Publié au Bulletin,api,9686,629,7,1,1,1,1,1,2061,2582,3880,1166,0,1
67dbc20ee044dcf80e82cca0,2025,Deuxième chambre civile,Publié au Bulletin|Publié aux Lettres de chambre,api,6828,256,5,1,1,1,1,1,2093,1717,2087,932,0,1
67dbc210e044dcf80e82cca2,2025,Deuxième chambre civile,Publié au Bulletin|Publié aux Lettres de chambre,api,6940,497,5,1,1,1,1,1,2588,1370,2111,872,0,1
67dd0a5ca67a504fccbaae0e,2025,Chambre criminelle,Publié au Bulletin,api,6521,1104,5,1,1,1,1,1,1754,1782,2775,211,0,1
67e249e2cd9c4abd2c07a775,2025,Chambre criminelle,Publié au Bulletin,api,7537,735,7,1,1,1,1,1,1989,936,3436,1179,0,1
67e249e2cd9c4abd2c07a777,2025,Chambre criminelle,Publié au Bulletin,api,9119,462,5,1,1,1,1,1,1795,2503,4031,791,0,1
67e3a3fbdfcf522ee2c324e6,2025,Première chambre civile,Publié au Bulletin,api,8770,537,5,1,1,1,1,1,3612,1007,2739,1413,0,1
67e3a3fddfcf522ee2c324e8,2025,Première chambre civile,Publié au Bulletin|Publié aux Lettres de chambre,api,10587,344,3,1,1,0,1,1,1773,0,7110,1704,0,1
67e3a3fedfcf522ee2c324ea,2025,Première chambre civile,Publié au Bulletin,api,4922,234,7,1,1,1,1,1,1888,1824,792,421,0,1
67e3a400dfcf522ee2c324ec,2025,Première chambre civile,Publié au Bulletin,api,6726,1269,7,1,1,1,1,1,1948,2289,2061,431,0,1
67e3a401dfcf522ee2c324ee,2025,Première chambre civile,Publié au Bulletin,api,9470,1019,7,1,1,1,1,1,1959,2290,3558,1666,0,1
67e3a403dfcf522ee2c324f0,2025,Chambre commerciale financière et économique,Publié au Bulletin,regles,6027,419,3,1,1,1,0,1,937,1652,0,965,0,1
67e3a405dfcf522ee2c324f2,2025,Chambre commerciale financière et économique,Publié au Bulletin|Publié aux Lettres de chambre,api,11177,1032,9,1,1,1,1,1,3454,2996,3951,781,0,1
67e3a406dfcf522ee2c324f4,2025,Chambre commerciale financière et économique,Publié au Bulletin,api,5578,926,4,1,1,0,1,1,2113,0,2980,486,0,1
67e3a408dfcf522ee2c324f6,2025,Chambre sociale,Publié au Bulletin,api,14492,274,7,1,1,1,1,1,2719,6523,4066,1187,0,1
67e3a40adfcf522ee2c324f8,2025,Chambre sociale,Publié au Bulletin,api,9626,1267,7,1,1,1,1,1,1867,4076,3358,328,0,1
67e3a40bdfcf522ee2c324fa,2025,Chambre sociale,Publié au Bulletin,api,12670,2069,5,1,1,1,1,1,2260,4311,5104,996,0,1
67e3a40ddfcf522ee2c324fc,2025,Chambre sociale,Publié au Bulletin,api,9450,576,9,1,1,1,1,1,3030,2075,3296,1054,0,1
67e3a6b0689984716b6732d3,2025,Chambre criminelle,Publié au Bulletin,api,4723,286,5,1,1,1,1,1,1947,856,932,989,0,1
67e4f441482b9311fa9a3e9c,2025,Troisième chambre civile,Publié au Bulletin,api,6210,206,5,1,1,1,1,1,2901,1165,884,1261,0,1
67e4f443482b9311fa9a3e9e,2025,Troisième chambre civile,Publié au Bulletin,api,14487,253,7,1,1,1,1,1,2114,9728,2217,431,0,1
67e4f445482b9311fa9a3ea0,2025,Troisième chambre civile,Publié au Bulletin,api,7689,356,5,1,1,1,1,1,3946,2338,1068,338,0,1
67e4f446482b9311fa9a3ea2,2025,Troisième chambre civile,Publié au Bulletin,api,6191,354,7,1,1,1,1,1,2927,1133,1649,485,0,1
67e4f447482b9311fa9a3ea4,2025,Deuxième chambre civile,Publié au Bulletin,api,4729,414,4,1,1,1,1,1,699,1014,1987,1029,0,1
67e4f449482b9311fa9a3ea6,2025,Deuxième chambre civile,Publié au Bulletin|Publié aux Lettres de chambre,api,9224,549,5,1,1,1,1,1,2550,1929,3460,1286,0,1
67e4f44a482b9311fa9a3ea8,2025,Deuxième chambre civile,Publié au Bulletin,api,6436,398,5,1,1,1,1,1,2065,1193,2312,867,0,1
67e4f44c482b9311fa9a3eaa,2025,Deuxième chambre civile,Publié au Bulletin|Publié aux Lettres de chambre,api,8760,181,5,1,1,1,1,1,2734,1726,2762,1539,0,1
67e4f44d482b9311fa9a3eac,2025,Deuxième chambre civile,Publié au Bulletin,api,8464,1476,9,1,1,1,1,1,3331,2673,1915,550,0,1
67e4f44e482b9311fa9a3eae,2025,Deuxième chambre civile,Publié au Bulletin|Publié aux Lettres de chambre,api,7049,339,5,1,1,1,1,1,2136,1690,2262,962,0,1
67e4f450482b9311fa9a3eb0,2025,Deuxième chambre civile,Publié au Bulletin|Publié aux Lettres de chambre,api,10616,638,9,1,1,1,1,1,3597,3137,3381,506,0,1
67e4f451482b9311fa9a3eb2,2025,Deuxième chambre civile,Publié au Bulletin,api,2826,139,3,1,1,0,1,1,1585,0,660,581,0,1
67e4f452482b9311fa9a3eb4,2025,Deuxième chambre civile,Publié au Bulletin|Publié aux Lettres de chambre,api,6036,430,5,1,1,1,1,1,1835,1519,1737,946,0,1
67e4f454482b9311fa9a3eb6,2025,Deuxième chambre civile,Publié au Bulletin|Publié aux Lettres de chambre,api,6088,538,5,1,1,1,1,1,2677,1101,1269,1042,0,1
67e4f455482b9311fa9a3eb8,2025,Deuxième chambre civile,Publié au Bulletin|Publié aux Lettres de chambre,api,9492,886,7,1,1,1,1,1,4789,1180,2256,1270,0,1
67e4f457482b9311fa9a3eba,2025,Deuxième chambre civile,Publié au Bulletin|Publié aux Lettres de chambre,api,7797,536,5,1,1,1,1,1,2734,2501,2031,532,0,1
67e4f458482b9311fa9a3ebc,2025,Deuxième chambre civile,Publié au Bulletin|Publié aux Lettres de chambre,api,8289,1603,5,1,1,1,1,1,2390,1693,3102,1105,0,1
67e4f45b482b9311fa9a3ebe,2025,Deuxième chambre civile,Publié au Bulletin|Publié aux Lettres de chambre,api,7841,801,5,1,1,1,1,1,5003,1104,636,1099,0,1
67e4f45d482b9311fa9a3ec0,2025,Deuxième chambre civile,Publié au Bulletin|Publié aux Lettres de chambre,api,10322,358,5,1,1,1,1,1,4943,2679,1182,1519,0,1
67e4f45e482b9311fa9a3ec2,2025,Deuxième chambre civile,Publié au Bulletin|Publié aux Lettres de chambre,api,9944,1429,5,1,1,1,1,1,3479,1615,3875,976,0,1
67e4f460482b9311fa9a3ec4,2025,Deuxième chambre civile,Publié au Bulletin|Publié aux Lettres de chambre,api,10745,1397,5,1,1,1,1,1,4836,1498,3562,850,0,1
67e4f462482b9311fa9a3ec6,2025,Deuxième chambre civile,Publié au Bulletin|Publié aux Lettres de chambre,api,13205,588,5,1,1,1,1,1,4400,973,6664,1169,0,1
67e4f5e6482b9311fa9a3ec8,2025,Chambre criminelle,Publié au Bulletin,api,12016,1133,7,1,1,1,1,1,4146,729,6477,667,0,1
67e4f5e6482b9311fa9a3eca,2025,Chambre criminelle,Publié au Bulletin,api,11857,2247,7,1,1,1,1,1,2299,8471,245,845,0,1
67e63fef75737a1debd7e6de,2025,Deuxième chambre civile,Publié au Bulletin|Publié aux Lettres de chambre,api,7747,926,5,1,1,1,1,1,3168,1070,3202,308,0,1
67e6408475737a1debd7e8b8,2025,Chambre criminelle,Publié au Bulletin|Publié aux Lettres de chambre,api,12913,1099,7,1,1,1,1,1,1961,2939,5679,2337,0,1
67eb77eb9f7224f673171194,2025,Chambre criminelle,Publié au Bulletin,api,8405,592,7,1,1,1,1,1,2267,2970,2387,784,0,1
67eb77eb9f7224f673171196,2025,Chambre criminelle,Publié au Bulletin,api,14962,436,9,1,1,1,1,1,2642,8891,2945,489,0,1
67ecce9905aee137f36c344b,2025,Chambre criminelle,Publié au Bulletin,api,11907,472,5,1,1,1,1,1,3094,3366,4771,677,0,1
67eccf6005aee137f36c3527,2025,Chambre sociale,Publié au Bulletin,api,5733,666,7,1,1,1,1,1,2096,2063,1189,388,0,1
67eccf6105aee137f36c3529,2025,Chambre sociale,Publié au Bulletin,api,8691,1710,5,1,1,1,1,1,2436,2445,2773,1038,0,1
67eccf6305aee137f36c352b,2025,Chambre sociale,Publié au Bulletin,api,9776,349,9,1,1,1,1,1,2316,3261,3073,1131,0,1
67eccf6505aee137f36c352d,2025,Chambre commerciale financière et économique,Publié au Bulletin,api,9641,914,5,1,1,1,1,1,3239,4202,1568,633,0,1
67eccf6605aee137f36c352f,2025,Chambre commerciale financière et économique,Publié au Bulletin,api,6142,481,5,1,1,1,1,1,2279,2574,848,442,0,1
67eccf6805aee137f36c3531,2025,Chambre commerciale financière et économique,Publié au Bulletin,api,9068,631,7,1,1,1,1,1,3453,2436,1902,1280,0,1
67eccf6a05aee137f36c3533,2025,Première chambre civile,Publié au Bulletin,api,22801,867,4,1,1,0,1,1,6311,0,14913,1578,0,1
67eccf6c05aee137f36c3535,2025,Première chambre civile,Publié au Bulletin|Publié aux Lettres de chambre,api,5729,1093,7,1,1,1,1,1,2491,1284,1479,478,0,1
67eccf6f05aee137f36c3539,2025,Première chambre civile,Publié aux Lettres de chambre|Publié au Bulletin,api,13367,733,9,1,1,1,1,1,2163,4845,4809,1555,0,1
67eccf7105aee137f36c353b,2025,Première chambre civile,Publié au Bulletin|Publié aux Lettres de chambre,api,10147,227,7,1,1,1,1,1,3276,2598,3120,1156,0,1
67ee22bdf089b5be7f66c9e2,2025,Troisième chambre civile,Publié au Bulletin,api,6197,474,5,1,1,1,1,1,2379,1504,1471,844,0,1
67ee22bff089b5be7f66c9e4,2025,Troisième chambre civile,Publié au Bulletin,api,19473,424,11,1,1,1,1,1,3574,7681,6405,1820,0,1
67ee22c0f089b5be7f66c9e6,2025,Deuxième chambre civile,Publié au Bulletin|Publié aux Lettres de chambre,api,11461,506,5,1,1,1,1,1,3741,3836,2691,1194,0,1
67ee22c2f089b5be7f66c9e8,2025,Deuxième chambre civile,Publié au Bulletin|Publié aux Lettres de chambre,api,10029,396,5,1,1,1,1,1,2957,1118,5147,808,0,1
67ee22c5f089b5be7f66c9ea,2025,Deuxième chambre civile,Publié au Bulletin|Publié aux Lettres de chambre,api,19088,317,13,1,1,1,1,1,3809,5928,6868,2492,0,1
67ee22c6f089b5be7f66c9ec,2025,Deuxième chambre civile,Publié au Bulletin|Publié aux Lettres de chambre,api,7075,342,7,1,1,1,1,1,2620,1523,1888,1047,0,1
67ee22c8f089b5be7f66c9ee,2025,Deuxième chambre civile,Publié au Bulletin|Publié aux Lettres de chambre,api,7027,328,5,1,1,1,1,1,2965,1688,1296,1079,0,1
67ee22caf089b5be7f66c9f0,2025,Deuxième chambre civile,Publié au Bulletin|Publié au Rapport|Publié aux Lettres de chambre,api,14180,1054,4,1,1,0,1,1,2610,0,10668,903,0,1
67ee24acf089b5be7f66c9f2,2025,Chambre criminelle,Publié au Bulletin|Publié aux Lettres de chambre,api,12395,807,5,1,1,1,1,1,1886,1738,5349,3423,0,1
67ef6ad366129746fdd69bf7,2025,Assemblée plénière,Publié au Bulletin|Publié au Rapport,api,15130,1111,5,1,1,1,1,1,4207,2993,7442,489,0,1
67f615a23b0cdae54cf3d7e6,2025,Première chambre civile,Publié au Bulletin|Publié aux Lettres de chambre,api,7723,396,5,1,1,1,1,1,3366,1421,1723,1214,0,1
67f615a43b0cdae54cf3d7e8,2025,Première chambre civile,Publié au Bulletin|Publié aux Lettres de chambre,api,7093,527,5,1,1,1,1,1,2337,1075,2954,728,0,1
67f615a63b0cdae54cf3d7ea,2025,Chambre commerciale financière et économique,Publié au Bulletin|Publié aux Lettres de chambre,api,27496,670,7,1,1,1,1,1,10608,7591,6560,2740,0,1
67f615a73b0cdae54cf3d7ec,2025,Chambre sociale,Publié au Bulletin,api,12039,388,7,1,1,1,1,1,2888,2857,4875,1422,0,1
67f615a93b0cdae54cf3d7ee,2025,Chambre sociale,Publié au Bulletin|Publié aux Lettres de chambre,api,10591,495,7,1,1,1,1,1,2310,3438,3610,1236,0,1
67f615ab3b0cdae54cf3d7f0,2025,Chambre sociale,Publié au Bulletin|Publié aux Lettres de chambre,api,16886,3853,5,1,1,1,1,1,7197,6549,445,2696,0,1
67f615ac3b0cdae54cf3d7f2,2025,Chambre sociale,Publié au Bulletin,api,8480,807,7,1,1,1,1,1,2771,1389,3117,1206,0,1
67f615ad3b0cdae54cf3d7f4,2025,Chambre sociale,Publié au Bulletin|Publié aux Lettres de chambre,api,9153,528,7,1,1,1,1,1,2618,3358,2433,747,0,1
67f615af3b0cdae54cf3d7f6,2025,Chambre sociale,Publié au Bulletin|Publié aux Lettres de chambre,api,8758,1603,4,1,1,0,1,1,2438,0,5134,1187,0,1
67f615b13b0cdae54cf3d7f8,2025,Chambre sociale,Publié au Bulletin,api,15597,880,7,1,1,1,1,1,3052,5228,5740,1580,0,1
67f615b23b0cdae54cf3d7fa,2025,Chambre sociale,Publié au Bulletin,api,15620,433,5,1,1,1,1,1,3284,4357,6889,1091,0,1
67f615b73b0cdae54cf3d7fc,2025,Chambre sociale,Publié au Bulletin,api,16126,433,5,1,1,1,1,1,4556,4372,6078,1121,0,1
67f615c23b0cdae54cf3d80a,2025,Première chambre civile,Publié au Bulletin,api,15083,465,9,1,1,1,1,1,4094,7722,2914,358,0,1
67f617487ea88e974797e339,2025,Chambre criminelle,Publié au Bulletin,api,5543,621,4,1,1,0,1,1,3438,0,1891,215,0,1
67f617487ea88e974797e33b,2025,Chambre criminelle,Publié au Bulletin|Publié aux Lettres de chambre,api,13462,341,13,1,1,1,1,1,3242,4162,4727,1340,0,1
67f617497ea88e974797e33d,2025,Chambre criminelle,Publié au Bulletin,api,7156,722,7,1,1,1,1,1,1907,1621,2655,976,0,1
67f7699a346c8e4db4347582,2025,Troisième chambre civile,Publié au Bulletin|Publié aux Lettres de chambre,api,8038,367,4,1,1,1,1,1,914,1217,4676,1231,0,1
67f7699b346c8e4db4347584,2025,Troisième chambre civile,Publié au Bulletin,api,6252,176,7,1,1,1,1,1,2545,1465,1325,920,0,1
67f7699d346c8e4db4347586,2025,Troisième chambre civile,Publié au Bulletin,api,7469,427,7,1,1,1,1,1,2502,3468,1020,482,0,1
67f7699e346c8e4db4347588,2025,Troisième chambre civile,Publié au Bulletin,api,8688,655,7,1,1,1,1,1,3091,1947,2212,1441,0,1
67f769a0346c8e4db434758a,2025,Troisième chambre civile,Publié au Bulletin,api,6233,462,5,1,1,1,1,1,3127,1131,1399,577,0,1
67f769a2346c8e4db434758c,2025,Deuxième chambre civile,Publié au Bulletin|Publié aux Lettres de chambre,api,7873,1015,5,1,1,1,1,1,2593,2017,2227,1037,0,1
67f769a3346c8e4db434758e,2025,Deuxième chambre civile,Publié au Bulletin|Publié aux Lettres de chambre,api,7686,569,5,1,1,1,1,1,2458,1160,2840,1229,0,1
67f769a5346c8e4db4347590,2025,Deuxième chambre civile,Publié au Bulletin|Publié aux Lettres de chambre,api,8653,799,5,1,1,1,1,1,2545,3077,2540,492,0,1
67f769a6346c8e4db4347592,2025,Deuxième chambre civile,Publié au Bulletin|Publié aux Lettres de chambre,api,7767,808,7,1,1,1,1,1,2045,3060,2201,464,0,1
67f769a7346c8e4db4347594,2025,Deuxième chambre civile,Publié au Bulletin|Publié aux Lettres de chambre,api,6589,657,4,1,1,0,1,1,2705,0,2977,908,0,1
67f769a9346c8e4db4347596,2025,Deuxième chambre civile,Publié au Bulletin|Publié au Rapport|Publié aux Lettres de chambre,api,14071,339,9,1,1,1,1,1,2509,2380,8270,917,0,1
67f8b87d8073014b1d57d313,2025,Chambre criminelle,Publié au Bulletin,api,11295,1176,7,1,1,1,1,1,2271,4667,4152,208,0,1
681066d2ab24696cc51da446,2025,Chambre criminelle,Publié au Bulletin|Publié aux Lettres de chambre,api,13190,843,9,1,1,1,1,1,3041,6711,2121,1322,0,1
6811bc2012a37cea68763dde,2025,Chambre sociale,Publié au Bulletin|Publié aux Lettres de chambre,api,15480,764,5,1,1,1,1,1,4437,3722,5301,2021,0,1
6811bc2212a37cea68763de0,2025,Chambre sociale,Publié au Bulletin|Publié aux Lettres de chambre,api,7079,1125,7,1,1,1,1,1,2783,1707,1999,593,0,1
6811bc2412a37cea68763de2,2025,Chambre sociale,Publié au Bulletin,api,14041,413,11,1,1,1,1,1,2908,5714,3818,1608,0,1
6811bc2512a37cea68763de4,2025,Chambre commerciale financière et économique,Publié au Bulletin,api,6638,671,5,1,1,1,1,1,2365,1638,1586,1050,0,1
6811bc2912a37cea68763de6,2025,Chambre commerciale financière et économique,Publié au Bulletin,api,18196,379,11,1,1,1,1,1,4027,8435,4118,1623,1,1
6811bc2a12a37cea68763de8,2025,Chambre commerciale financière et économique,Publié au Bulletin,api,7415,1096,5,1,1,1,1,1,2957,1555,1918,986,0,1
6811bc2c12a37cea68763dea,2025,Chambre commerciale financière et économique,Publié au Bulletin,api,6615,572,5,1,1,1,1,1,2977,1550,1120,969,0,1
6811bc2d12a37cea68763dec,2025,Troisième chambre civile,Publié au Bulletin|Publié aux Lettres de chambre,api,8316,886,7,1,1,1,1,1,2520,3192,2098,509,0,1
6811bc2f12a37cea68763dee,2025,Troisième chambre civile,Publié au Bulletin|Publié aux Lettres de chambre,api,14293,802,5,1,1,1,1,1,4158,2004,6114,2018,0,1
6811bc3012a37cea68763df0,2025,Troisième chambre civile,Publié au Bulletin,api,6454,615,7,1,1,1,1,1,2220,1138,2653,446,0,1
6811bc3412a37cea68763df2,2025,Deuxième chambre civile,Publié au Bulletin|Publié aux Lettres de chambre,api,15440,980,5,1,1,1,1,1,4318,3826,6517,780,0,1
6811bc3512a37cea68763df4,2025,Deuxième chambre civile,Publié au Bulletin|Publié aux Lettres de chambre,api,6880,254,5,1,1,1,1,1,2282,1011,2410,1178,0,1
6811bc3712a37cea68763df6,2025,Deuxième chambre civile,Publié au Bulletin|Publié aux Lettres de chambre,api,8939,824,7,1,1,1,1,1,2707,1324,3603,1308,0,1
6811bc3812a37cea68763df8,2025,Première chambre civile,Publié au Bulletin|Publié aux Lettres de chambre,api,6958,463,7,1,1,1,1,1,1828,2963,1454,716,0,1
6811bc3a12a37cea68763dfa,2025,Première chambre civile,Publié au Bulletin|Publié aux Lettres de chambre,api,9818,671,7,1,1,1,1,1,2448,2444,3323,1606,0,1
6811bc3b12a37cea68763dfc,2025,Première chambre civile,Publié au Bulletin|Publié aux Lettres de chambre,api,6264,975,7,1,1,1,1,1,2617,1036,1975,639,0,1
6811bc3d12a37cea68763dfe,2025,Première chambre civile,Publié au Bulletin,regles,9881,604,3,1,1,1,0,1,961,5089,0,1828,0,1
6811bf0612a37cea68763e00,2025,Chambre criminelle,Publié au Bulletin|Publié aux Lettres de chambre,api,8250,961,7,1,1,1,1,1,2787,1129,3219,1118,0,1
6811bf0712a37cea68763e02,2025,Chambre criminelle,Publié au Bulletin,api,7269,678,9,1,1,1,1,1,2289,1881,2368,736,0,1
6811bf0712a37cea68763e04,2025,Chambre criminelle,Publié au Bulletin,api,4660,448,5,1,1,1,1,1,2245,897,762,757,0,1
68145f98ef37855b05dbd5e1,2025,Chambre criminelle,Publié au Bulletin|Publié aux Lettres de chambre,api,9490,655,7,1,1,1,1,1,2484,787,3747,2475,0,1
6819a176ea7b3f881e0af3fb,2025,Chambre criminelle,Publié au Bulletin,api,12811,723,7,1,1,1,1,1,4008,4978,3410,418,0,1
6819a176ea7b3f881e0af3fd,2025,Chambre criminelle,Publié au Bulletin|Publié aux Lettres de chambre,api,9602,1546,7,1,1,1,1,1,2124,3188,4088,205,0,1
6819a176ea7b3f881e0af3ff,2025,Chambre criminelle,Publié au Bulletin,api,6655,942,5,1,1,1,1,1,2345,891,2637,783,0,1
6819a176ea7b3f881e0af401,2025,Chambre criminelle,Publié au Bulletin,api,35722,596,17,1,1,1,1,1,1944,23688,9009,1094,0,1
681af5ca0dfb1f09369ce213,2025,Chambre commerciale financière et économique,Publié au Bulletin,api,8122,283,5,1,1,1,1,1,3960,1151,1544,1468,0,1
681af5cd0dfb1f09369ce217,2025,Chambre commerciale financière et économique,Publié au Bulletin,api,8431,988,9,1,1,1,1,1,2242,1979,3112,1103,0,1
681af5cf0dfb1f09369ce219,2025,Chambre commerciale financière et économique,Publié au Bulletin|Publié aux Lettres de chambre,api,6398,554,5,1,1,1,1,1,2912,1518,1332,637,0,1
681af5d00dfb1f09369ce21b,2025,Chambre commerciale financière et économique,Publié au Bulletin,api,12683,807,9,1,1,1,1,1,3002,2915,5193,1578,0,1
681af5d10dfb1f09369ce21d,2025,Chambre commerciale financière et économique,Publié au Bulletin,api,17434,141,13,1,1,1,1,1,3242,5835,6602,1764,0,1
681af5d30dfb1f09369ce21f,2025,Chambre commerciale financière et économique,Publié au Bulletin|Publié aux Lettres de chambre,api,27463,110,5,1,1,1,1,1,3420,22751,547,746,0,1
681af5d40dfb1f09369ce221,2025,Chambre commerciale financière et économique,Publié au Bulletin|Publié au Rapport|Publié aux Lettres de chambre,regles,23160,1394,3,1,1,1,0,1,901,18019,0,957,1,1
681af5d60dfb1f09369ce223,2025,Troisième chambre civile,Publié au Bulletin,api,6467,488,5,1,1,1,1,1,2584,841,1600,1443,0,1
681af5d70dfb1f09369ce225,2025,Troisième chambre civile,Publié au Bulletin,api,7114,742,7,1,1,1,1,1,2374,2329,1890,524,0,1
681af5d90dfb1f09369ce227,2025,Troisième chambre civile,Publié au Bulletin,api,18043,606,11,1,1,1,1,1,3700,4875,8682,793,0,1
681af5da0dfb1f09369ce229,2025,Troisième chambre civile,Publié au Bulletin,api,8905,459,5,1,1,1,1,1,2686,2611,3028,581,0,1
681af5db0dfb1f09369ce22b,2025,Deuxième chambre civile,Publié au Bulletin,api,4959,236,5,1,1,1,1,1,1882,285,2015,778,0,1
681af5dc0dfb1f09369ce22d,2025,Deuxième chambre civile,Publié au Bulletin|Publié aux Lettres de chambre,api,8431,2456,7,1,1,1,1,1,2216,1572,4000,646,0,1
681af5de0dfb1f09369ce22f,2025,Deuxième chambre civile,Publié au Bulletin|Publié aux Lettres de chambre,api,8912,636,7,1,1,1,1,1,3470,1319,2806,1320,0,1
681af5df0dfb1f09369ce231,2025,Deuxième chambre civile,Publié au Bulletin|Publié aux Lettres de chambre,api,12473,828,7,1,1,1,1,1,2701,3995,4139,1641,0,1
681af5e10dfb1f09369ce233,2025,Première chambre civile,Publié au Bulletin|Publié aux Lettres de chambre,api,9523,672,9,1,1,1,1,1,2740,2576,2874,1338,0,1
681af5e30dfb1f09369ce235,2025,Première chambre civile,Publié au Bulletin|Publié aux Lettres de chambre,api,19717,1290,11,1,1,1,1,1,2562,8570,7386,1206,0,1
681af7cd0dfb1f09369ce237,2025,Chambre criminelle,Publié au Bulletin,api,5505,876,7,1,1,1,1,1,2596,989,1717,206,0,1
681b19bffd954c813d832056,2025,Chambre commerciale financière et économique,Publié au Bulletin,api,15586,300,9,1,1,1,1,1,7816,4341,2893,541,0,1
681b474432f864188b6ee75a,2025,Chambre commerciale financière et économique,Publié au Bulletin,api,8386,587,7,1,1,1,1,1,3368,1556,2076,1389,0,1
681b4a781203178b64676b0a,2025,Chambre criminelle,Publié au Bulletin,api,4418,285,7,1,1,1,1,1,2122,864,993,442,0,1
681e0ddc914a4ff7bf4af6aa,2025,Chambre criminelle,Publié au Bulletin|Publié aux Lettres de chambre,api,9213,413,7,1,1,1,1,1,2856,716,4546,1098,0,1
681e0ddc914a4ff7bf4af6ac,2025,Chambre criminelle,Publié au Bulletin,api,6875,834,7,1,1,1,1,1,1973,3360,1339,206,0,1
681e0ddc914a4ff7bf4af6ae,2025,Chambre criminelle,Publié au Bulletin|Publié aux Lettres de chambre,api,8685,1389,5,1,1,1,1,1,2306,4646,1529,205,0,1
6821c44dcca800334e786c69,2025,Chambre mixte,Publié au Bulletin|Publié au Rapport,api,18407,519,9,1,1,1,1,1,4540,2754,9880,1238,0,1
6822d6da73e5caa2d8689e30,2025,Chambre criminelle,Publié au Bulletin,api,8298,276,9,1,1,1,1,1,2045,2559,2406,1293,0,1
6822d6da73e5caa2d8689e32,2025,Chambre criminelle,Publié au Bulletin|Publié aux Lettres de chambre,api,14028,806,7,1,1,1,1,1,3059,7066,2501,1405,0,1
68242db7eaabb276d1616ddd,2025,Chambre sociale,Publié au Bulletin,api,10677,658,5,1,1,1,1,1,1934,3701,3385,1658,0,1
68242db8eaabb276d1616ddf,2025,Chambre sociale,Publié au Bulletin,api,6151,288,5,1,1,1,1,1,1974,2863,825,490,0,1
68242db9eaabb276d1616de1,2025,Chambre commerciale financière et économique,Publié au Bulletin|Publié aux Lettres de chambre,api,16470,1350,7,1,1,1,1,1,4826,1554,8222,1871,0,1
68242dbbeaabb276d1616de3,2025,Chambre commerciale financière et économique,Publié au Bulletin|Publié aux Lettres de chambre,api,9545,505,7,1,1,1,1,1,2545,4083,2199,721,0,1
68242dbceaabb276d1616de5,2025,Chambre commerciale financière et économique,Publié au Bulletin|Publié aux Lettres de chambre,api,15050,1742,7,1,1,1,1,1,3384,4361,6040,1268,0,1
68242dbdeaabb276d1616de7,2025,Chambre commerciale financière et économique,Publié au Bulletin|Publié aux Lettres de chambre,api,11382,1008,7,1,1,1,1,1,2227,960,7031,1167,0,1
68242dc1eaabb276d1616de9,2025,Chambre commerciale financière et économique,Publié au Bulletin|Publié aux Lettres de chambre,api,8856,291,7,1,1,1,1,1,2413,4336,1350,760,0,1
68242e8aeaabb276d1616deb,2025,Chambre criminelle,Publié au Bulletin|Publié aux Lettres de chambre,api,6087,619,7,1,1,1,1,1,1975,1858,1878,379,0,1
682581b960bc8fffffa90809,2025,Deuxième chambre civile,Publié au Bulletin|Publié aux Lettres de chambre,api,10637,672,7,1,1,1,1,1,2244,2739,3904,1753,0,1
682581ba60bc8fffffa9080b,2025,Première chambre civile,Publié au Bulletin|Publié aux Lettres de chambre,api,10452,955,7,1,1,1,1,1,2951,4039,2855,610,0,1
682581bb60bc8fffffa9080d,2025,Première chambre civile,Publié au Bulletin,api,9689,331,7,1,1,1,1,1,3899,2140,2305,1348,0,1
682c1301e0010b9bdbf13c5b,2025,Chambre criminelle,Publié au Bulletin,api,10701,685,7,1,1,1,1,1,3096,4724,2536,348,0,1
682c1301e0010b9bdbf13c5d,2025,Chambre criminelle,Publié au Bulletin|Publié aux Lettres de chambre,api,17612,296,9,1,1,1,1,1,2073,7295,6670,1579,0,1
682c1301e0010b9bdbf13c5f,2025,Chambre criminelle,Publié au Bulletin,api,9062,218,5,1,1,1,1,1,1904,5724,1228,207,0,1
682d68c716fd466a1ce900b6,2025,Chambre sociale,Publié au Bulletin,api,9358,1061,7,1,1,1,1,1,3550,2586,2765,460,0,1
682d68c916fd466a1ce900b8,2025,Chambre sociale,Publié au Bulletin|Publié aux Lettres de chambre,api,17406,713,7,1,1,1,1,1,5342,5816,4991,1260,0,1
682d68ca16fd466a1ce900ba,2025,Chambre sociale,Publié au Bulletin,api,19302,1705,7,1,1,1,1,1,5909,4673,7268,1455,0,1
682d68cc16fd466a1ce900bc,2025,Chambre sociale,Publié au Bulletin|Publié aux Lettres de chambre,api,17295,501,5,1,1,1,1,1,4781,4995,6247,1273,0,1
682d68cd16fd466a1ce900be,2025,Chambre sociale,Publié au Bulletin|Publié aux Lettres de chambre,api,8123,929,5,1,1,1,1,1,2328,1477,3114,1205,0,1
682d68f016fd466a1ce900c0,2025,Chambre sociale,Publié au Bulletin,api,11631,813,5,1,1,1,1,1,5461,3154,2229,788,0,1
682d68f216fd466a1ce900c2,2025,Chambre sociale,Publié au Bulletin,api,6381,899,7,1,1,1,1,1,2718,1263,1910,493,0,1
682d68f316fd466a1ce900c4,2025,Chambre sociale,Publié au Bulletin|Publié aux Lettres de chambre,api,21738,1327,9,1,1,1,1,1,3361,8085,9805,492,0,1
682d68f316fd466a1ce900c6,2025,Chambre commerciale financière et économique,Publié au Bulletin,api,3033,731,3,1,1,1,0,1,677,1632,0,724,0,1
682d68f416fd466a1ce900c8,2025,Chambre commerciale financière et économique,Publié au Bulletin,api,8776,753,7,1,1,1,1,1,4129,2359,1128,1163,0,1
682d68f616fd466a1ce900ca,2025,Chambre commerciale financière et économique,Publié au Bulletin,api,8634,259,7,1,1,1,1,1,4002,975,1228,2432,0,1
682d68f816fd466a1ce900cc,2025,Chambre commerciale financière et économique,Publié au Bulletin,api,16400,419,9,1,1,1,1,1,4576,5420,4938,1471,1,1
682d68f916fd466a1ce900ce,2025,Première chambre civile,Publié au Bulletin|Publié aux Lettres de chambre,api,7121,178,7,1,1,1,1,1,2030,2439,2138,517,0,1
682d68fb16fd466a1ce900d0,2025,Première chambre civile,Publié au Bulletin,api,6424,340,5,1,1,1,1,1,2266,2190,1236,733,0,1
682d68fc16fd466a1ce900d2,2025,Première chambre civile,Publié au Bulletin|Publié aux Lettres de chambre,api,10494,464,9,1,1,1,1,1,2643,2039,3807,2010,0,1
682ebb4c9d9918cbebdef15b,2025,Chambre criminelle,Publié au Bulletin|Publié aux Lettres de chambre,api,6361,463,7,1,1,1,1,1,2237,1765,1546,816,0,1
682ebb4c9d9918cbebdef15d,2025,Chambre criminelle,Publié au Bulletin,api,8602,302,5,1,1,1,1,1,2474,1918,3103,1108,0,1
682ebb4c9d9918cbebdef15f,2025,Chambre criminelle,Publié au Bulletin|Publié aux Lettres de chambre,api,7666,555,7,1,1,1,1,1,2080,4633,743,213,0,1
682ebb4c9d9918cbebdef161,2025,Chambre criminelle,Publié au Bulletin,api,8866,435,7,1,1,1,1,1,1981,2568,3115,1205,0,1
682ebb4c9d9918cbebdef163,2025,Chambre criminelle,Publié au Bulletin|Publié aux Lettres de chambre,api,7020,859,7,1,1,1,1,1,2133,2355,2320,215,0,1
682ebc719d9918cbebdef31f,2025,Troisième chambre civile,Publié au Bulletin,api,7679,303,5,1,1,1,1,1,3016,1254,2406,1004,0,1
682ebc739d9918cbebdef321,2025,Troisième chambre civile,Publié au Bulletin,api,12593,600,5,1,1,1,1,1,6342,1420,2780,2052,0,1
682ebc749d9918cbebdef323,2025,Troisième chambre civile,Publié au Bulletin,api,12374,600,5,1,1,1,1,1,6186,1419,2560,2210,0,1
682ebc769d9918cbebdef325,2025,Troisième chambre civile,Publié au Bulletin,api,7116,542,5,1,1,1,1,1,2720,2749,978,670,0,1
682ebc779d9918cbebdef327,2025,Deuxième chambre civile,Publié au Bulletin,api,11818,302,9,1,1,1,1,1,2225,4356,4093,1149,0,1
682ebc799d9918cbebdef329,2025,Deuxième chambre civile,Publié au Bulletin|Publié aux Lettres de chambre,api,7645,217,5,1,1,1,1,1,2755,1451,2306,1134,0,1
682ebc7a9d9918cbebdef32b,2025,Deuxième chambre civile,Publié au Bulletin|Publié aux Lettres de chambre,api,5306,670,7,1,1,1,1,1,2863,858,980,608,0,1
682ebc7b9d9918cbebdef32d,2025,Deuxième chambre civile,Publié au Bulletin|Publié aux Lettres de chambre,api,8172,1241,5,1,1,1,1,1,2531,1365,3175,1102,0,1
682ebc7c9d9918cbebdef32f,2025,Deuxième chambre civile,Publié au Bulletin,api,10560,186,5,1,1,1,1,1,3901,1213,4444,1003,0,1
682ebc7e9d9918cbebdef331,2025,Deuxième chambre civile,Publié au Bulletin|Publié aux Lettres de chambre,regles,10601,774,3,1,1,1,0,1,468,6440,0,1276,0,1
682ebc7f9d9918cbebdef333,2025,Deuxième chambre civile,Publié au Bulletin|Publié aux Lettres de chambre,api,16519,774,7,1,1,1,1,1,3238,5249,6716,1319,0,1
683005e7ceb4e14e4f68cf09,2025,Chambre criminelle,Publié au Bulletin,api,13556,356,7,1,1,1,1,1,3429,6115,2719,1296,0,1
68307659193f8dde7b383417,2025,Chambre criminelle,Publié au Bulletin|Publié aux Lettres de chambre,api,9634,909,7,1,1,1,1,1,2215,786,5382,1254,0,1
68355bf0eba840c5361d72a4,2025,Chambre sociale,Publié au Bulletin,api,18507,663,11,1,1,1,1,1,3088,5890,7743,1793,0,1
68355bf2eba840c5361d72a6,2025,Chambre sociale,Publié au Bulletin,api,16663,755,11,1,1,1,1,1,3028,5120,7192,1330,0,1
68355bf3eba840c5361d72a8,2025,Chambre sociale,Publié au Bulletin,api,9581,271,7,1,1,1,1,1,2638,1255,3647,2044,0,1
68355bf4eba840c5361d72aa,2025,Chambre sociale,Publié au Bulletin,api,9307,1131,5,1,1,1,1,1,2428,4887,1376,617,0,1
68355bf6eba840c5361d72ac,2025,Chambre sociale,Publié au Bulletin,api,13728,1160,11,1,1,1,1,1,4061,4671,3689,1314,0,1
68355bf8eba840c5361d72ae,2025,Chambre sociale,Publié au Bulletin,api,9632,798,5,1,1,1,1,1,2307,1481,4780,1065,0,1
68355d395f1d0759fab40e3b,2025,Chambre criminelle,Publié au Bulletin|Publié aux Lettres de chambre,api,12841,489,11,1,1,1,1,1,2292,5919,3651,986,0,1
6836a35291bdea24a84821af,2025,Chambre commerciale financière et économique,Publié au Bulletin,api,10812,275,7,1,1,1,1,1,2851,3860,3201,903,0,1
6836a35391bdea24a84821b1,2025,Chambre commerciale financière et économique,Publié au Bulletin,api,9588,240,5,1,1,1,1,1,2968,3247,1573,1801,0,1
6836a35491bdea24a84821b3,2025,Chambre commerciale financière et économique,Publié au Bulletin,api,15810,781,7,1,1,1,1,1,3225,4870,7098,620,0,1
6836a35691bdea24a84821b5,2025,Chambre commerciale financière et économique,Publié au Bulletin,api,14733,408,9,1,1,1,1,1,3409,5980,4322,1027,0,1
6836a35791bdea24a84821b7,2025,Chambre commerciale financière et économique,Publié au Bulletin,api,9404,609,5,1,1,1,1,1,3077,2910,2710,708,0,1
6836a35891bdea24a84821b9,2025,Troisième chambre civile,Publié au Bulletin,api,7405,747,5,1,1,1,1,1,2902,1068,1932,1504,0,1
6836a35991bdea24a84821bb,2025,Troisième chambre civile,Publié au Bulletin|Publié aux Lettres de chambre,api,9569,648,5,1,1,1,1,1,3519,1725,3055,1271,0,1
6836a35a91bdea24a84821bd,2025,Troisième chambre civile,Publié au Bulletin,api,9212,363,5,1,1,1,1,1,3281,1794,2837,1301,0,1
6836a35b91bdea24a84821bf,2025,Troisième chambre civile,Publié au Bulletin|Publié aux Lettres de chambre,api,13674,898,9,1,1,1,1,1,3178,4616,4504,1381,0,1
6836a35c91bdea24a84821c1,2025,Deuxième chambre civile,Publié au Bulletin|Publié aux Lettres de chambre,api,5784,401,9,1,1,1,1,1,2158,1038,2213,380,0,1
6836a35d91bdea24a84821c3,2025,Deuxième chambre civile,Publié au Bulletin|Publié aux Lettres de chambre,api,8962,942,5,1,1,1,1,1,2683,1575,2694,2011,0,1
6836a35e91bdea24a84821c5,2025,Deuxième chambre civile,Publié au Bulletin|Publié aux Lettres de chambre,api,11833,577,9,1,1,1,1,1,3842,3782,2959,1255,0,1
6836a36091bdea24a84821c7,2025,Deuxième chambre civile,Publié au Bulletin|Publié aux Lettres de chambre,api,10425,1052,7,1,1,1,1,1,2742,3753,2873,1060,0,1
6836a36191bdea24a84821c9,2025,Deuxième chambre civile,Publié au Bulletin|Publié aux Lettres de chambre,api,5474,495,5,1,1,1,1,1,2466,1312,1124,573,0,1
6836a36291bdea24a84821cb,2025,Deuxième chambre civile,Publié au Bulletin|Publié aux Lettres de chambre,api,15453,498,5,1,1,1,1,1,2807,4614,6760,1273,0,1
6836a36491bdea24a84821cd,2025,Première chambre civile,Publié au Bulletin|Publié aux Lettres de chambre,api,18992,818,9,1,1,1,1,1,3524,3715,10288,1470,0,1
6836a36591bdea24a84821cf,2025,Première chambre civile,Publié au Bulletin|Publié aux Lettres de chambre,api,9705,494,9,1,1,1,1,1,2197,2663,3650,1200,0,1
6836a36791bdea24a84821d1,2025,Première chambre civile,Publié au Bulletin,api,39632,1899,19,1,1,1,1,1,6524,16084,16151,888,0,1
6836a36991bdea24a84821d3,2025,Première chambre civile,Publié au Bulletin|Publié au Rapport|Publié aux Lettres de chambre,api,14761,818,6,1,1,1,1,1,4916,105,7900,1842,0,1
6836a4fd91bdea24a84821d5,2025,Chambre criminelle,Publié au Bulletin,api,5836,475,7,1,1,1,1,1,1855,1109,2146,729,0,1
68394219096a1269afd0fd66,2025,Chambre commerciale financière et économique,Publié au Bulletin,api,7625,611,5,1,1,1,1,1,3144,1475,1502,1505,0,1
6839421a096a1269afd0fd68,2025,Chambre commerciale financière et économique,Publié au Bulletin,api,7439,795,5,1,1,1,1,1,2060,873,3340,1167,0,1
68394291096a1269afd0fd6a,2025,Chambre criminelle,Publié au Bulletin,api,8105,849,5,1,1,1,1,1,2254,3818,1822,212,0,1
68394292096a1269afd0fd6c,2025,Chambre criminelle,Publié au Bulletin|Publié aux Lettres de chambre,api,5786,805,7,1,1,1,1,1,1895,1187,2495,212,0,1
68394292096a1269afd0fd6e,2025,Chambre criminelle,Publié au Bulletin|Publié aux Lettres de chambre,api,4450,536,5,1,1,1,1,1,1825,847,1152,627,0,1
6839af470172ada74d9a25f2,2025,Chambre criminelle,Publié au Bulletin,api,11711,683,9,1,1,1,1,1,2154,8077,1272,213,0,1
683e85272946a19cdadd41ed,2025,Chambre criminelle,Publié au Bulletin|Publié aux Lettres de chambre,regles,8149,821,3,1,1,1,0,1,2274,3201,0,1027,0,1
683fe2f2669ab94590960988,2025,Chambre criminelle,Publié au Bulletin,api,12712,530,11,1,1,1,1,1,2099,5147,4509,964,0,1
683fe324669ab945909609d0,2025,Chambre sociale,Publié au Bulletin,api,14174,790,7,1,1,1,1,1,3189,6280,4252,456,0,1
683fe325669ab945909609d2,2025,Chambre sociale,Publié au Bulletin|Publié aux Lettres de chambre|Communiqué,api,12480,675,7,1,1,1,1,1,4274,3972,3072,1165,0,1
683fe327669ab945909609d4,2025,Chambre sociale,Publié au Bulletin,api,12686,577,9,1,1,1,1,1,2898,4494,4637,662,0,1
683fe328669ab945909609d6,2025,Chambre commerciale financière et économique,Publié au Bulletin|Publié aux Lettres de chambre,api,8732,273,7,1,1,1,1,1,3464,1687,2126,1458,0,1
683fe329669ab945909609d8,2025,Chambre commerciale financière et économique,Publié au Bulletin|Publié aux Lettres de chambre,api,11191,341,7,1,1,1,1,1,4258,2049,3756,1131,0,1
683fe32b669ab945909609da,2025,Chambre commerciale financière et économique,Publié au Bulletin,api,13016,1217,7,1,1,1,1,1,2231,4079,5564,1145,0,1
683fe32c669ab945909609dc,2025,Chambre commerciale financière et économique,Publié au Bulletin,api,14154,1357,9,1,1,1,1,1,4078,3722,4363,1996,0,1
683fe32d669ab945909609de,2025,Première chambre civile,Publié aux Lettres de chambre|Publié au Bulletin,api,7788,541,5,1,1,1,1,1,2144,3904,1364,377,0,1
683fe32e669ab945909609e0,2025,Première chambre civile,Publié au Bulletin,regles,11324,711,3,1,1,1,0,1,1357,6357,0,1749,0,1
683fe32f669ab945909609e2,2025,Première chambre civile,Publié au Bulletin,api,9802,511,5,1,1,1,1,1,3165,2470,2361,1807,0,1
683fe331669ab945909609e4,2025,Première chambre civile,Publié aux Lettres de chambre|Publié au Bulletin,api,9324,338,7,1,1,1,1,1,2582,3500,2417,828,0,1
683fe332669ab945909609e6,2025,Première chambre civile,Publié aux Lettres de chambre|Publié au Bulletin,api,6681,347,5,1,1,1,1,1,2205,1143,2395,939,0,1
683fe334669ab945909609e8,2025,Première chambre civile,Publié au Bulletin,api,10001,829,5,1,1,1,1,1,3344,1375,4205,1078,0,1
6841303ee38bf6a0491e17eb,2025,Chambre criminelle,Publié au Bulletin,api,5943,1007,5,1,1,1,1,1,2155,2237,1344,208,0,1
6841313ce38bf6a0491e1981,2025,Troisième chambre civile,Publié au Bulletin,api,12689,545,7,1,1,1,1,1,3051,2623,5800,1218,0,1
6841313ee38bf6a0491e1983,2025,Troisième chambre civile,Publié au Bulletin,api,9874,913,7,1,1,1,1,1,3738,2939,1540,1660,0,1
6841313fe38bf6a0491e1985,2025,Deuxième chambre civile,Publié au Bulletin|Publié aux Lettres de chambre,api,15296,275,5,1,1,1,1,1,3013,10043,1661,580,0,1
68413140e38bf6a0491e1987,2025,Deuxième chambre civile,Publié au Bulletin|Publié aux Lettres de chambre,api,14503,492,9,1,1,1,1,1,2472,7867,3563,606,0,1
68413142e38bf6a0491e1989,2025,Deuxième chambre civile,Publié au Bulletin,api,11113,1015,7,1,1,1,1,1,2446,3787,3303,1580,0,1
68413143e38bf6a0491e198b,2025,Deuxième chambre civile,Publié au Bulletin|Publié aux Lettres de chambre,api,9271,363,5,1,1,1,1,1,2175,3601,2882,614,0,1
68413143e38bf6a0491e198d,2025,Deuxième chambre civile,Publié au Bulletin|Publié aux Lettres de chambre,api,6117,1358,4,1,1,0,1,1,2492,0,2534,1092,0,1
68413145e38bf6a0491e198f,2025,Deuxième chambre civile,Publié au Bulletin|Publié aux Lettres de chambre,api,6509,556,4,1,1,0,1,1,2279,0,3221,1010,0,1
68413146e38bf6a0491e1991,2025,Deuxième chambre civile,Publié au Bulletin|Publié aux Lettres de chambre,api,12356,852,5,1,1,1,1,1,2434,3738,5073,1112,0,1
6849128673d71a3e1cc31dd1,2025,Chambre criminelle,Publié au Bulletin|Publié aux Lettres de chambre,api,5118,915,7,1,1,1,1,1,2080,1002,1832,207,0,1
6849128673d71a3e1cc31dd3,2025,Chambre criminelle,Publié au Bulletin,api,37421,1995,11,1,1,1,1,1,2840,26907,7132,549,0,1
684912cb73d71a3e1cc31e3d,2025,Chambre sociale,Publié au Bulletin,api,6812,1074,7,1,1,1,1,1,2617,2270,1444,484,0,1
684912cd73d71a3e1cc31e3f,2025,Chambre sociale,Publié au Bulletin,api,9909,929,7,1,1,1,1,1,3084,1581,3794,1453,0,1
684912ce73d71a3e1cc31e41,2025,Chambre sociale,Publié au Bulletin,api,6584,1012,7,1,1,1,1,1,1993,2632,1475,487,0,1
684a6c0d3ec57bb95fcfd57b,2025,Chambre commerciale financière et économique,Publié au Bulletin,api,4235,391,3,1,1,0,1,1,2103,0,563,1569,0,1
684a6c0f3ec57bb95fcfd57d,2025,Chambre commerciale financière et économique,Publié au Bulletin,api,7408,285,7,1,1,1,1,1,2273,2362,1528,1248,0,1
684a6c103ec57bb95fcfd57f,2025,Chambre commerciale financière et économique,Publié au Bulletin,api,11494,442,5,1,1,1,1,1,2328,6757,1770,640,0,1
684a6c123ec57bb95fcfd581,2025,Chambre commerciale financière et économique,Publié au Bulletin|Publié aux Lettres de chambre|Communiqué,api,8751,344,9,1,1,1,1,1,2627,3610,1332,1187,0,1
684a6c133ec57bb95fcfd583,2025,Chambre commerciale financière et économique,Publié au Bulletin,api,7038,871,5,1,1,1,1,1,3081,1027,1700,1231,0,1
684a6c183ec57bb95fcfd585,2025,Chambre commerciale financière et économique,Publié au Bulletin,api,10820,660,4,1,1,0,1,1,5009,0,4278,1534,0,1
684a6c193ec57bb95fcfd587,2025,Chambre commerciale financière et économique,Publié au Bulletin|Publié aux Lettres de chambre,api,8912,294,5,1,1,1,1,1,3238,3740,1066,869,0,1
684a6c1b3ec57bb95fcfd589,2025,Chambre commerciale financière et économique,Publié au Bulletin|Publié aux Lettres de chambre|Communiqué,api,7104,779,5,1,1,1,1,1,2529,2585,1344,647,0,1
684a6c1c3ec57bb95fcfd58b,2025,Deuxième chambre civile,Publié au Bulletin|Publié aux Lettres de chambre,api,9317,368,5,1,1,1,1,1,2387,3048,2411,1472,0,1
684a6c1d3ec57bb95fcfd58d,2025,Deuxième chambre civile,Publié au Bulletin|Publié aux Lettres de chambre,api,6748,1235,4,1,1,0,1,1,2530,0,3311,908,0,1
684a6c1e3ec57bb95fcfd58f,2025,Deuxième chambre civile,Publié au Bulletin|Publié aux Lettres de chambre,api,9587,250,9,1,1,1,1,1,2847,2261,3964,520,0,1
684a6c1f3ec57bb95fcfd591,2025,Deuxième chambre civile,Publié au Bulletin|Publié aux Lettres de chambre,api,8537,601,5,1,1,1,1,1,2779,1988,2594,1177,0,1
684a6c213ec57bb95fcfd593,2025,Deuxième chambre civile,Publié au Bulletin|Publié aux Lettres de chambre,api,8279,231,7,1,1,1,1,1,2132,3210,1948,992,0,1
684a6c233ec57bb95fcfd595,2025,Deuxième chambre civile,Publié au Bulletin|Publié aux Lettres de chambre,api,6999,315,5,1,1,1,1,1,2416,1752,1734,1098,0,1
684a6c243ec57bb95fcfd597,2025,Deuxième chambre civile,Publié au Bulletin|Publié aux Lettres de chambre,api,25901,1851,9,1,1,1,1,1,6467,1930,16996,513,0,1
684a6c263ec57bb95fcfd599,2025,Première chambre civile,Publié au Bulletin|Publié aux Lettres de chambre,api,3227,727,3,1,1,0,1,1,1442,0,1364,421,0,1
684a6c273ec57bb95fcfd59b,2025,Première chambre civile,Publié au Bulletin|Publié aux Lettres de chambre,api,3226,727,3,1,1,0,1,1,1397,0,1248,581,0,1
684a6c283ec57bb95fcfd59d,2025,Première chambre civile,Publié au Bulletin|Publié aux Lettres de chambre,regles,5970,1157,3,1,1,1,0,1,455,2914,0,1260,0,1
684a6c2a3ec57bb95fcfd59f,2025,Première chambre civile,Publié au Bulletin|Publié aux Lettres de chambre,api,4855,279,7,1,1,1,1,1,1651,1010,1054,1143,0,1
684a6c2b3ec57bb95fcfd5a1,2025,Première chambre civile,Publié au Bulletin|Publié aux Lettres de chambre,api,4634,481,3,1,1,0,1,1,1624,0,2325,685,0,1
684a6c2d3ec57bb95fcfd5a3,2025,Première chambre civile,Publié au Bulletin,api,8210,241,5,1,1,1,1,1,2332,2030,2821,1028,0,1
684a6c2e3ec57bb95fcfd5a5,2025,Première chambre civile,Publié au Bulletin|Publié aux Lettres de chambre,api,4895,416,5,1,1,1,1,1,2139,858,1406,493,0,1
684a6eb63a448ddf7d79c168,2025,Chambre criminelle,Publié au Bulletin,api,8896,699,7,1,1,1,1,1,2893,2536,2665,805,0,1
684bb58427c66872f035aa5c,2025,Première chambre civile,Publié au Bulletin|Publié aux Lettres de chambre,api,5406,640,4,1,1,1,1,1,314,1188,2722,1182,0,1
684bb58527c66872f035aa5e,2025,Première chambre civile,Publié au Bulletin|Publié aux Lettres de chambre,api,6193,810,5,1,1,1,1,1,1988,1748,1379,1079,0,1
684bb58627c66872f035aa60,2025,Première chambre civile,Publié au Bulletin|Publié aux Lettres de chambre,api,10201,359,9,1,1,1,1,1,2231,2912,4568,495,0,1
684bb58727c66872f035aa62,2025,Première chambre civile,Publié au Bulletin|Publié au Rapport|Publié aux Lettres de chambre,api,9696,1136,5,1,1,1,1,1,2180,2044,4571,902,0,1
6850f8731e5261a8f4fc2c41,2025,Chambre criminelle,Publié au Bulletin|Publié aux Lettres de chambre,api,16661,1057,7,1,1,1,1,1,1864,8797,5792,211,0,1
6850f8741e5261a8f4fc2c43,2025,Chambre criminelle,Publié au Bulletin,api,19227,653,7,1,1,1,1,1,2210,11708,4944,368,0,1
6850f8741e5261a8f4fc2c45,2025,Chambre criminelle,Publié au Bulletin,api,2774,250,4,1,1,0,1,1,1681,0,871,223,0,1
6850f8741e5261a8f4fc2c47,2025,Chambre criminelle,Publié au Bulletin,api,5549,393,5,1,1,1,1,1,2147,2511,681,211,0,1
6850f8741e5261a8f4fc2c49,2025,Chambre criminelle,Publié au Bulletin|Publié aux Lettres de chambre,api,6352,685,5,1,1,1,1,1,2657,830,2086,780,0,1
6850f8741e5261a8f4fc2c4b,2025,Chambre criminelle,Publié au Bulletin,api,6361,712,5,1,1,1,1,1,1691,1714,2182,775,0,1
68525145a7fdae5a8046f329,2025,Chambre sociale,Publié au Bulletin,api,29527,806,17,1,1,1,1,1,4074,9725,15230,511,0,1
68525147a7fdae5a8046f32b,2025,Chambre sociale,Publié au Bulletin,api,16466,1208,9,1,1,1,1,1,3358,6108,5583,1422,0,1
6852514da7fdae5a8046f32d,2025,Chambre sociale,Publié au Bulletin,api,15252,1682,9,1,1,1,1,1,3813,6106,4705,633,0,1
6852514ea7fdae5a8046f32f,2025,Chambre sociale,Publié au Bulletin,api,22773,346,9,1,1,1,1,1,2502,13017,6641,618,0,1
6852514fa7fdae5a8046f331,2025,Chambre commerciale financière et économique,Publié au Bulletin,api,11853,238,9,1,1,1,1,1,2995,6104,1512,1247,0,1
68525151a7fdae5a8046f333,2025,Chambre commerciale financière et économique,Publié au Bulletin,api,6850,364,7,1,1,1,1,1,2695,1246,1464,1448,0,1
68525152a7fdae5a8046f335,2025,Chambre commerciale financière et économique,Publié au Bulletin,api,6398,752,7,1,1,1,1,1,2207,852,2062,1280,0,1
68525153a7fdae5a8046f337,2025,Chambre commerciale financière et économique,Publié au Bulletin,api,6021,690,7,1,1,1,1,1,1971,1090,1275,1688,0,1
68525155a7fdae5a8046f339,2025,Chambre commerciale financière et économique,Publié au Bulletin,api,11134,445,9,1,1,1,1,1,3543,3028,3539,1029,0,1
68525156a7fdae5a8046f33b,2025,Première chambre civile,Publié au Bulletin,api,14600,1017,9,1,1,1,1,1,2431,4534,6691,949,0,1
68525157a7fdae5a8046f33d,2025,Première chambre civile,Publié au Bulletin|Publié aux Lettres de chambre,api,6736,474,7,1,1,1,1,1,3253,1528,1411,547,0,1
68525158a7fdae5a8046f33f,2025,Première chambre civile,Publié au Bulletin|Publié aux Lettres de chambre,api,5503,914,4,1,1,0,1,1,2217,0,2165,1122,0,1
6852515aa7fdae5a8046f341,2025,Première chambre civile,Publié au Bulletin|Publié aux Lettres de chambre,api,5831,377,5,1,1,1,1,1,2539,1110,1336,847,0,1
685252caa7fdae5a8046f343,2025,Chambre criminelle,Publié au Bulletin|Publié aux Lettres de chambre,api,7675,1013,5,1,1,1,1,1,1992,896,3880,908,0,1
685252caa7fdae5a8046f345,2025,Chambre criminelle,Publié au Bulletin,api,8586,237,7,1,1,1,1,1,2681,3174,2418,316,0,1
685252caa7fdae5a8046f347,2025,Chambre criminelle,Publié au Bulletin,api,8836,276,5,1,1,1,1,1,1844,1016,5190,787,0,1
685252cba7fdae5a8046f349,2025,Chambre criminelle,Publié au Bulletin,api,7453,259,5,1,1,1,1,1,2188,741,3819,706,0,1
6853d9f25253664177a3e752,2025,Troisième chambre civile,Publié au Bulletin,api,6232,140,5,1,1,1,1,1,2465,631,1373,1764,0,1
6853d9f45253664177a3e754,2025,Troisième chambre civile,Publié au Bulletin,api,7291,310,7,1,1,1,1,1,2626,2203,1602,863,0,1
6853d9f55253664177a3e756,2025,Troisième chambre civile,Publié au Bulletin,api,6642,208,5,1,1,1,1,1,2737,1709,1199,998,0,1
6853d9f75253664177a3e758,2025,Troisième chambre civile,Publié au Bulletin,api,8193,306,7,1,1,1,1,1,3619,2112,1656,809,0,1
6853d9f85253664177a3e75a,2025,Troisième chambre civile,Publié au Bulletin,api,17053,870,11,1,1,1,1,1,2991,6144,6218,1707,0,1
6853d9f95253664177a3e75c,2025,Deuxième chambre civile,Publié au Bulletin|Publié aux Lettres de chambre,api,14654,943,7,1,1,1,1,1,3080,9472,1458,647,0,1
6853d9fa5253664177a3e75e,2025,Deuxième chambre civile,Publié au Bulletin|Publié aux Lettres de chambre,api,10091,414,7,1,1,1,1,1,2173,3914,2884,1123,0,1
6853d9fb5253664177a3e760,2025,Deuxième chambre civile,Publié au Bulletin|Publié aux Lettres de chambre,api,5534,174,5,1,1,1,1,1,2233,976,947,1379,0,1
6853d9fe5253664177a3e762,2025,Deuxième chambre civile,Publié au Bulletin,api,19421,404,7,1,1,1,1,1,6570,1707,8986,2161,0,1
6853d9ff5253664177a3e764,2025,Deuxième chambre civile,Publié au Bulletin|Publié aux Lettres de chambre,api,7757,639,5,1,1,1,1,1,3072,973,2542,1171,0,1
6854effa0e701f80ce36d523,2025,Chambre sociale,Publié au Bulletin|Publié aux Lettres de chambre,api,4918,1683,4,1,1,0,1,1,2431,0,2055,433,0,1
685b8af4005c83900a8e7cf9,2025,Chambre criminelle,Publié au Bulletin,api,24050,229,9,1,1,1,1,1,5056,15148,3552,299,0,1
685b8af5005c83900a8e7cfb,2025,Chambre criminelle,Publié au Bulletin,api,20457,584,9,1,1,1,1,1,2919,9661,6983,899,0,1
685b8af5005c83900a8e7cfd,2025,Chambre criminelle,Publié au Bulletin,api,4500,541,5,1,1,1,1,1,1834,1118,754,795,0,1
685b8af5005c83900a8e7cff,2025,Chambre criminelle,Publié au Bulletin,api,8658,992,5,1,1,1,1,1,2999,1418,3467,775,0,1
685b8af5005c83900a8e7d01,2025,Chambre criminelle,Publié au Bulletin|Publié aux Lettres de chambre,api,10956,1231,7,1,1,1,1,1,2289,3886,4418,366,0,1
685b8af5005c83900a8e7d03,2025,Chambre criminelle,Publié au Bulletin,api,6763,1388,7,1,1,1,1,1,2322,1574,2027,843,0,1
685ce0060c5506317f3be60c,2025,Chambre criminelle,Publié au Bulletin|Publié aux Lettres de chambre,api,11466,820,7,1,1,1,1,1,1835,2082,4864,2688,0,1
685ce0060c5506317f3be60e,2025,Chambre criminelle,Publié au Bulletin|Publié aux Lettres de chambre,api,6718,1003,5,1,1,1,1,1,1781,2039,2683,216,0,1
685ce2580c5506317f3be84c,2025,Chambre sociale,Publié au Bulletin|Publié aux Lettres de chambre,api,7891,502,7,1,1,1,1,1,3374,2848,1179,493,0,1
685ce25a0c5506317f3be84e,2025,Chambre sociale,Publié au Bulletin,api,7197,844,7,1,1,1,1,1,2592,1657,2346,605,0,1
685ce25b0c5506317f3be850,2025,Chambre sociale,Publié au Bulletin,api,7410,795,5,1,1,1,1,1,2687,1186,2510,1028,0,1
685ce25c0c5506317f3be852,2025,Chambre sociale,Publié au Bulletin,api,11381,1834,5,1,1,1,1,1,4627,2303,3435,1017,0,1
685ce25e0c5506317f3be854,2025,Chambre sociale,Publié au Bulletin|Publié aux Lettres de chambre,api,12987,632,11,1,1,1,1,1,2519,3369,5657,1449,0,1
685ce2600c5506317f3be856,2025,Chambre sociale,Publié au Bulletin|Publié aux Lettres de chambre,api,5403,702,5,1,1,1,1,1,2926,1148,837,493,0,1
685ce2610c5506317f3be858,2025,Chambre sociale,Publié au Bulletin|Publié aux Lettres de chambre,api,15758,468,11,1,1,1,1,1,2675,3230,8116,1744,0,1
685ce2630c5506317f3be85a,2025,Chambre sociale,Publié au Bulletin,api,17513,880,9,1,1,1,1,1,2888,6262,6741,1627,0,1
685ce2640c5506317f3be85c,2025,Chambre sociale,Publié au Bulletin,api,10781,307,7,1,1,1,1,1,3491,3145,2933,1215,0,1
685ce2650c5506317f3be85e,2025,Chambre sociale,Publié au Bulletin|Publié aux Lettres de chambre,api,8382,1044,7,1,1,1,1,1,2601,2036,2375,1373,0,1
685ce2670c5506317f3be860,2025,Chambre commerciale financière et économique,Publié au Bulletin|Publié aux Lettres de chambre,api,54701,782,15,1,1,1,1,1,7374,17766,26924,2648,0,1
685ce26a0c5506317f3be862,2025,Chambre commerciale financière et économique,Publié au Bulletin,api,19103,979,7,1,1,1,1,1,5175,5306,6089,2536,0,1
685ce26c0c5506317f3be864,2025,Chambre commerciale financière et économique,Publié au Bulletin|Publié aux Lettres de chambre|Communiqué,api,22982,1242,9,1,1,1,1,1,2866,12872,6616,633,0,1
685ce26e0c5506317f3be866,2025,Chambre commerciale financière et économique,Publié au Bulletin,api,11202,376,5,1,1,1,1,1,2846,4165,3379,813,0,1
685ce26f0c5506317f3be868,2025,Troisième chambre civile,Publié au Bulletin,api,7252,533,7,1,1,1,1,1,2791,2455,1125,884,0,1
685ce2700c5506317f3be86a,2025,Troisième chambre civile,Publié au Bulletin|Publié aux Lettres de chambre,api,22484,205,17,1,1,1,1,1,5088,12912,3718,779,0,1
685ce2720c5506317f3be86c,2025,Troisième chambre civile,Publié au Bulletin,api,6243,208,5,1,1,1,1,1,3164,1032,1261,787,0,1
685ce2730c5506317f3be86e,2025,Troisième chambre civile,Publié au Bulletin,api,20318,387,13,1,1,1,1,1,4665,11103,3111,1448,0,1
685ce2750c5506317f3be870,2025,Deuxième chambre civile,Publié au Bulletin|Publié aux Lettres de chambre,api,9124,707,5,1,1,1,1,1,3063,935,3784,1343,0,1
685ce2760c5506317f3be872,2025,Deuxième chambre civile,Publié au Bulletin|Publié aux Lettres de chambre,api,16625,856,5,1,1,1,1,1,2594,2201,11312,519,0,1
685ce2770c5506317f3be874,2025,Deuxième chambre civile,Publié au Bulletin|Publié aux Lettres de chambre,api,19540,856,7,1,1,1,1,1,3201,3799,11204,1339,0,1
685ce2790c5506317f3be876,2025,Deuxième chambre civile,Publié au Bulletin|Publié aux Lettres de chambre,api,9519,406,5,1,1,1,1,1,2429,1007,4780,1304,0,1
685ce27a0c5506317f3be878,2025,Deuxième chambre civile,Publié au Bulletin,api,5600,489,5,1,1,1,1,1,2086,1103,1915,497,0,1
685ce27c0c5506317f3be87a,2025,Deuxième chambre civile,Publié au Bulletin,api,14260,1383,7,1,1,1,1,1,1903,6836,5024,500,0,1
685ce27e0c5506317f3be87c,2025,Deuxième chambre civile,Publié au Bulletin,api,11539,718,5,1,1,1,1,1,4159,3740,2001,1640,0,1
685ce27f0c5506317f3be87e,2025,Deuxième chambre civile,Publié au Bulletin,api,6261,301,5,1,1,1,1,1,1883,1362,2507,510,0,1
685ce2810c5506317f3be880,2025,Deuxième chambre civile,Publié au Bulletin|Publié aux Lettres de chambre,api,9069,404,5,1,1,1,1,1,2174,4569,1666,661,0,1
685ce2820c5506317f3be882,2025,Deuxième chambre civile,Publié au Bulletin|Publié aux Lettres de chambre,api,6370,372,5,1,1,1,1,1,2498,1556,1694,623,0,1
685ce2840c5506317f3be884,2025,Première chambre civile,Publié au Bulletin|Publié aux Lettres de chambre,regles,10346,688,3,1,1,1,0,1,1002,6199,0,1193,1,1
685ce2850c5506317f3be886,2025,Première chambre civile,Publié au Bulletin|Publié aux Lettres de chambre,api,15720,680,9,1,1,1,1,1,3008,5861,5505,1351,0,1
685ce2870c5506317f3be888,2025,Première chambre civile,Publié au Bulletin|Publié aux Lettres de chambre,api,6220,247,5,1,1,1,1,1,2568,1126,1552,975,0,1
685ce28c0c5506317f3be88a,2025,Première chambre civile,Publié au Bulletin|Publié aux Lettres de chambre,api,24701,257,9,1,1,1,1,1,6892,11520,5099,1195,0,1
685e2a6c19f3995126284625,2025,Chambre criminelle,Publié au Bulletin,api,5527,510,5,1,1,1,1,1,2083,1188,1553,704,0,1
685e2a6e19f3995126284627,2025,Assemblée plénière,Publié au Bulletin|Publié au Rapport,api,8740,1158,7,1,1,1,1,1,3943,885,2922,993,0,1
685e2a6f19f3995126284629,2025,Assemblée plénière,Publié au Bulletin|Publié au Rapport,api,12908,807,11,1,1,1,1,1,3888,3855,3937,1235,0,1
685e9e51a1b03c11fc7ef11b,2025,Première chambre civile,Publié au Bulletin|Publié aux Lettres de chambre,api,6423,1160,4,1,1,1,1,1,309,1138,3386,1590,0,1
6864c7953355b57104228e59,2025,Chambre sociale,Publié au Bulletin,api,15411,904,7,1,1,1,1,1,2759,5258,5800,1597,0,1
6864c7973355b57104228e5b,2025,Chambre commerciale financière et économique,Publié au Bulletin,api,9354,355,4,1,1,0,1,1,6826,0,2083,446,0,1
6864c7993355b57104228e5d,2025,Chambre commerciale financière et économique,Publié au Bulletin,api,10060,384,7,1,1,1,1,1,2126,6548,831,558,0,1
6864c79a3355b57104228e5f,2025,Chambre commerciale financière et économique,Publié au Bulletin,api,5902,644,5,1,1,1,1,1,1963,1767,1080,1093,0,1
6864c79c3355b57104228e61,2025,Chambre commerciale financière et économique,Publié au Bulletin,api,7248,1042,5,1,1,1,1,1,3334,1438,1406,1071,0,1
6864c79d3355b57104228e63,2025,Chambre commerciale financière et économique,Publié au Bulletin,api,8455,505,5,1,1,1,1,1,4140,1528,1323,1465,0,1
6864c79f3355b57104228e65,2025,Chambre commerciale financière et économique,Publié au Bulletin,api,9412,698,5,1,1,1,1,1,3884,1688,2702,1139,0,1
6864c7a03355b57104228e67,2025,Chambre commerciale financière et économique,Publié au Bulletin|Publié aux Lettres de chambre,api,6856,394,7,1,1,1,1,1,3290,1552,1277,740,0,1
6864c7a23355b57104228e69,2025,Première chambre civile,Publié aux Lettres de chambre|Publié au Bulletin,api,6821,433,5,1,1,1,1,1,2158,896,2690,1078,0,1
6864c7a43355b57104228e6b,2025,Première chambre civile,Publié au Bulletin|Publié aux Lettres de chambre,api,10959,845,9,1,1,1,1,1,2770,4024,2673,1497,0,1
68661e3855c314fc83710437,2025,Première chambre civile,Publié aux Lettres de chambre|Publié au Bulletin,api,6716,244,5,1,1,1,1,1,3426,1519,1083,689,0,1
68661e3955c314fc83710439,2025,Première chambre civile,Publié au Bulletin,api,7852,316,7,1,1,1,1,1,2695,1454,2501,1205,0,1
68661e3b55c314fc8371043b,2025,Première chambre civile,Publié au Bulletin,api,9007,441,5,1,1,1,1,1,2539,2105,2569,1795,0,1
68661e3c55c314fc8371043d,2025,Deuxième chambre civile,Publié au Bulletin|Publié aux Lettres de chambre,api,9761,308,5,1,1,1,1,1,3409,1357,3455,1541,0,1
68661e3d55c314fc8371043f,2025,Deuxième chambre civile,Publié au Bulletin|Publié au Rapport|Publié aux Lettres de chambre,api,10622,362,4,1,1,1,0,1,3386,6027,0,1210,0,1
68661e3e55c314fc83710441,2025,Deuxième chambre civile,Publié au Bulletin|Publié au Rapport|Publié aux Lettres de chambre,api,11338,213,4,1,1,1,0,1,2594,7386,0,1359,0,1
68661e4055c314fc83710443,2025,Deuxième chambre civile,Publié au Bulletin|Publié aux Lettres de chambre,api,7690,461,5,1,1,1,1,1,4380,1193,1338,780,0,1
68661e4255c314fc83710445,2025,Deuxième chambre civile,Publié au Bulletin|Publié aux Lettres de chambre,api,5984,467,5,1,1,1,1,1,2367,950,1465,1203,0,1
68661e4355c314fc83710447,2025,Deuxième chambre civile,Publié au Bulletin|Publié aux Lettres de chambre,api,12150,251,7,1,1,1,1,1,6106,3561,1812,674,0,1
68661e4555c314fc83710449,2025,Deuxième chambre civile,Publié au Bulletin|Publié aux Lettres de chambre,api,8392,300,5,1,1,1,1,1,3013,2190,1996,1194,0,1
68661e4655c314fc8371044b,2025,Deuxième chambre civile,Publié au Bulletin|Publié aux Lettres de chambre,api,5969,1398,4,1,1,0,1,1,1998,0,3428,544,0,1
68661e4755c314fc8371044d,2025,Troisième chambre civile,Publié au Bulletin,api,8002,310,5,1,1,1,1,1,2832,1370,2573,1228,0,1
686e0277e0a6f0ca1546efa0,2025,Première chambre civile,Publié au Bulletin|Publié aux Lettres de chambre,api,14916,1477,7,1,1,1,1,1,3251,5545,4985,1138,0,1
686e0278e0a6f0ca1546efa2,2025,Première chambre civile,Publié au Bulletin|Publié aux Lettres de chambre,api,15059,1494,7,1,1,1,1,1,3306,5545,4981,1230,0,1
686e0285e0a6f0ca1546efb8,2025,Chambre commerciale financière et économique,Publié au Bulletin,api,7155,655,5,1,1,1,1,1,3118,1111,2171,756,0,1
686e0286e0a6f0ca1546efba,2025,Chambre commerciale financière et économique,Publié au Bulletin,api,7209,327,5,1,1,1,1,1,2432,1655,1630,1493,0,1
686e0288e0a6f0ca1546efbc,2025,Chambre commerciale financière et économique,Publié au Bulletin,api,9130,1815,7,1,1,1,1,1,3643,2491,2251,748,0,1
686e028ae0a6f0ca1546efbe,2025,Chambre commerciale financière et économique,Publié au Bulletin,api,5505,370,7,1,1,1,1,1,2426,1793,694,595,0,1
686e028be0a6f0ca1546efc0,2025,Chambre commerciale financière et économique,Publié au Bulletin,api,5966,226,5,1,1,1,1,1,2929,1802,629,607,0,1
686e028ce0a6f0ca1546efc2,2025,Chambre commerciale financière et économique,Publié au Bulletin,api,10963,553,5,1,1,1,1,1,2494,6216,1719,535,0,1
686e028ee0a6f0ca1546efc4,2025,Chambre commerciale financière et économique,Publié au Bulletin,api,9635,1564,7,1,1,1,1,1,3324,2854,2855,605,0,1
686e028fe0a6f0ca1546efc6,2025,Chambre commerciale financière et économique,Publié au Bulletin|Publié aux Lettres de chambre,api,10071,703,5,1,1,1,1,1,3603,1302,3955,1212,0,1
686e0291e0a6f0ca1546efc8,2025,Chambre commerciale financière et économique,Publié au Bulletin|Publié aux Lettres de chambre,api,33859,510,11,1,1,1,1,1,5714,19568,7329,1255,0,1
686e0293e0a6f0ca1546efca,2025,Chambre commerciale financière et économique,Publié au Bulletin,api,10388,380,5,1,1,1,1,1,3156,2147,3127,1959,0,1
686e0294e0a6f0ca1546efcc,2025,Chambre commerciale financière et économique,Publié au Bulletin,api,12699,439,9,1,1,1,1,1,3621,4631,3011,1441,0,1
686e0296e0a6f0ca1546efce,2025,Première chambre civile,Publié au Bulletin,api,19122,1168,9,1,1,1,1,1,2953,2519,12128,1527,0,1
686e0298e0a6f0ca1546efd0,2025,Première chambre civile,Publié au Bulletin|Publié aux Lettres de chambre,api,8572,459,5,1,1,1,1,1,2207,3831,2020,515,0,1
686e0299e0a6f0ca1546efd2,2025,Première chambre civile,Publié au Bulletin,api,26776,930,9,1,1,1,1,1,2451,9855,13807,668,0,1
686f55a33f11a71c18e869a2,2025,Deuxième chambre civile,Publié au Bulletin|Publié aux Lettres de chambre,api,7223,475,5,1,1,1,1,1,2591,1789,1684,1160,0,1
686f55a53f11a71c18e869a4,2025,Deuxième chambre civile,Publié au Bulletin|Publié aux Lettres de chambre,api,5444,546,5,1,1,1,1,1,1880,1075,1467,1023,0,1
686f55a63f11a71c18e869a6,2025,Troisième chambre civile,Publié au Bulletin,api,8419,316,7,1,1,1,1,1,2462,1077,2712,2171,0,1
686f55a83f11a71c18e869a8,2025,Troisième chambre civile,Publié au Bulletin|Publié aux Lettres de chambre,api,15127,574,9,1,1,1,1,1,2356,3496,7971,1309,0,1
686f55a93f11a71c18e869aa,2025,Troisième chambre civile,Publié au Bulletin,api,10943,280,9,1,1,1,1,1,2409,4436,3275,828,0,1
68709e1c7c3ffdb9560b0727,2025,Chambre criminelle,Publié au Bulletin|Publié aux Lettres de chambre,api,6863,276,7,1,1,1,1,1,1951,3810,895,210,0,1
68709e1c7c3ffdb9560b072d,2025,Chambre criminelle,Publié au Bulletin,api,5410,678,5,1,1,1,1,1,2499,776,1926,210,0,1
688311734d9076bf079c23e9,2025,Chambre criminelle,Publié au Bulletin,api,7548,1622,7,1,1,1,1,1,1982,2144,2632,793,0,1
68836da7c6072b5ce8fd57b5,2025,Assemblée plénière,Publié au Bulletin|Publié au Rapport,api,22028,168,5,1,1,1,1,1,4470,1799,14996,764,0,1
68836da7c6072b5ce8fd57b7,2025,Assemblée plénière,Publié au Bulletin|Publié au Rapport,api,19090,348,5,1,1,1,1,1,4200,2117,12390,384,0,1
68838b69fb8d03a5e1304f71,2025,Chambre criminelle,Publié au Bulletin,api,9308,1104,9,1,1,1,1,1,2002,3361,3120,830,0,1
6894375b5b43bcd1194a957f,2025,Chambre criminelle,Publié au Bulletin,api,5738,680,3,1,1,0,1,1,1362,0,4111,265,0,1
6895894b79d4e986ce5bcde2,2025,Chambre criminelle,Publié au Bulletin,api,4423,447,7,1,1,1,1,1,1988,1081,1151,206,0,1
6895894d79d4e986ce5bcde4,2025,Chambre criminelle,Publié au Bulletin,api,8329,375,7,1,1,1,1,1,3299,698,3575,760,0,1
68a7fbc60b6e9dfcc423f294,2025,Chambre criminelle,Publié au Bulletin,api,18835,243,9,1,1,1,1,1,7298,6212,4752,578,0,1
68b690429b7f3c45d0a40cb1,2025,Chambre criminelle,Publié au Bulletin,api,13082,417,9,1,1,1,1,1,3434,5110,4331,212,0,1
68b690429b7f3c45d0a40cb3,2025,Chambre criminelle,Publié au Bulletin,api,8916,845,5,1,1,1,1,1,2698,3635,2244,340,0,1
68b7e3aed8ce8d4698ffd1b5,2025,Première chambre civile,Publié au Bulletin|Publié aux Lettres de chambre,api,6438,750,5,1,1,1,1,1,2477,1432,1405,1125,0,1
68b7e3b0d8ce8d4698ffd1b7,2025,Première chambre civile,Publié au Bulletin|Publié aux Lettres de chambre,api,9716,591,4,1,1,0,1,1,6214,0,1951,1552,0,1
68b92dddd5d722cabac541ca,2025,Première chambre civile,Publié au Bulletin|Publié aux Lettres de chambre,api,7901,800,7,1,1,1,1,1,2709,1273,2849,1073,0,1
68b92dded5d722cabac541cc,2025,Deuxième chambre civile,Publié au Bulletin|Publié aux Lettres de chambre,api,20048,1726,7,1,1,1,1,1,2334,9175,7954,588,0,1
68b92de0d5d722cabac541ce,2025,Deuxième chambre civile,Publié au Bulletin,api,7243,389,5,1,1,1,1,1,2652,1150,2286,1156,0,1
68b92de1d5d722cabac541d0,2025,Deuxième chambre civile,Publié au Bulletin|Publié aux Lettres de chambre,api,8054,982,5,1,1,1,1,1,2064,1476,3397,1118,0,1
68b92de3d5d722cabac541d2,2025,Deuxième chambre civile,Publié au Bulletin,api,6839,868,5,1,1,1,1,1,2416,1719,2043,662,0,1
68b92de4d5d722cabac541d4,2025,Deuxième chambre civile,Publié au Bulletin|Publié aux Lettres de chambre,api,5080,383,5,1,1,1,1,1,1922,698,1381,1080,0,1
68b92de5d5d722cabac541d6,2025,Deuxième chambre civile,Publié au Bulletin,api,18644,693,7,1,1,1,1,1,2437,5106,9762,1342,0,1
68b92de7d5d722cabac541d8,2025,Deuxième chambre civile,Publié au Bulletin,api,6507,625,5,1,1,1,1,1,2104,908,2883,613,0,1
68b92de8d5d722cabac541da,2025,Troisième chambre civile,Publié au Bulletin,api,15954,791,7,1,1,1,1,1,4275,5895,4029,1758,0,1
68b92dead5d722cabac541dc,2025,Troisième chambre civile,Publié au Bulletin,api,7271,353,7,1,1,1,1,1,3645,732,1650,1247,0,1
68b92decd5d722cabac541de,2025,Troisième chambre civile,Publié au Bulletin,api,10987,673,5,1,1,1,1,1,2980,2085,4787,1136,0,1
68b92e36d5d722cabac54242,2025,Deuxième chambre civile,Publié au Bulletin|Publié aux Lettres de chambre,api,11740,333,9,1,1,1,1,1,4789,2602,3007,1347,0,1
68b92fe3ca957917fe8c0718,2025,Chambre criminelle,Publié au Bulletin|Publié aux Lettres de chambre,api,7324,591,5,1,1,1,1,1,2905,2761,1447,212,0,1
68ba954dad6d7f163078831d,2025,Chambre criminelle,Publié au Bulletin,api,7036,579,7,1,1,1,1,1,2689,2418,1719,213,0,1
68c132fb021d8d629a1611fc,2025,Première chambre civile,Publié aux Lettres de chambre|Publié au Bulletin,api,6078,481,7,1,1,1,1,1,1762,2142,1681,496,0,1
68c132fc021d8d629a1611fe,2025,Première chambre civile,Publié au Bulletin|Publié aux Lettres de chambre,api,6471,609,7,1,1,1,1,1,2098,1562,1762,1052,0,1
68c132fe021d8d629a161200,2025,Première chambre civile,Publié au Bulletin|Publié aux Lettres de chambre,api,3794,563,3,1,1,0,1,1,1421,0,1790,583,0,1
68c132ff021d8d629a161202,2025,Première chambre civile,Publié au Bulletin|Publié aux Lettres de chambre,api,6052,321,5,1,1,1,1,1,2500,2291,689,573,0,1
68c13301021d8d629a161204,2025,Chambre commerciale financière et économique,Publié au Bulletin,api,6810,559,5,1,1,1,1,1,2166,1471,1935,1239,0,1
68c13302021d8d629a161206,2025,Chambre commerciale financière et économique,Publié au Bulletin,api,6721,540,5,1,1,1,1,1,2290,1211,1712,1509,0,1
68c13303021d8d629a161208,2025,Chambre commerciale financière et économique,Publié au Bulletin,api,5733,393,5,1,1,1,1,1,2150,1048,1190,1346,0,1
68c13305021d8d629a16120a,2025,Chambre commerciale financière et économique,Publié au Bulletin,api,6102,534,7,1,1,1,1,1,3043,1694,820,548,0,1
68c13307021d8d629a16120c,2025,Chambre sociale,Publié au Bulletin|Publié aux Lettres de chambre,api,10082,944,5,1,1,1,1,1,2915,2225,3795,1148,0,1
68c1330a021d8d629a16120e,2025,Chambre sociale,Publié au Bulletin,api,22997,1173,9,1,1,1,1,1,3430,12061,6774,737,0,1
68c1330b021d8d629a161210,2025,Chambre sociale,Publié au Bulletin,api,12153,274,7,1,1,1,1,1,2693,5719,2712,1032,0,1
68c1330d021d8d629a161212,2025,Chambre sociale,Publié au Bulletin|Publié aux Lettres de chambre,api,6505,1162,5,1,1,1,1,1,2717,1010,1720,1059,0,1
68c1330f021d8d629a161214,2025,Chambre sociale,Publié au Bulletin,api,10518,649,7,1,1,1,1,1,2732,2225,4365,1199,0,1
68c13312021d8d629a161216,2025,Chambre sociale,Publié au Bulletin|Publié au Rapport|Publié aux Lettres de chambre|Communiqué,api,14453,1822,7,1,1,1,1,1,3593,1543,7131,2189,0,1
68c13314021d8d629a161218,2025,Chambre sociale,Publié au Bulletin|Publié au Rapport|Publié aux Lettres de chambre|Communiqué,api,14757,1164,9,1,1,1,1,1,2897,3163,7175,1527,0,1
68c13315021d8d629a16121a,2025,Chambre sociale,Publié au Bulletin|Publié aux Lettres de chambre,api,5859,371,5,1,1,1,1,1,2687,1493,1189,491,0,1
68c13317021d8d629a16121c,2025,Chambre sociale,Publié au Bulletin|Publié aux Lettres de chambre,api,11422,695,5,1,1,1,1,1,3291,4262,3380,490,0,1
68c13319021d8d629a16121e,2025,Chambre sociale,Publié au Bulletin,api,9634,274,5,1,1,1,1,1,2707,2582,3272,1074,0,1
68c1331a021d8d629a161220,2025,Chambre sociale,Publié au Bulletin,api,6745,1005,7,1,1,1,1,1,2960,1897,1331,560,0,1
68c1331c021d8d629a161222,2025,Chambre sociale,Publié au Bulletin|Publié aux Lettres de chambre,api,7462,383,7,1,1,1,1,1,3002,3246,709,508,0,1
68c1331d021d8d629a161224,2025,Chambre sociale,Publié au Bulletin,api,9528,381,5,1,1,1,1,1,2397,2934,3065,1133,0,1
68c1331f021d8d629a161226,2025,Chambre sociale,Publié au Bulletin,api,21307,455,13,1,1,1,1,1,2793,7792,8704,2027,0,1
68c1353fc008a26741809e9c,2025,Chambre criminelle,Publié au Bulletin,api,9076,423,9,1,1,1,1,1,1802,3680,3388,211,0,1
68c1353fc008a26741809e9e,2025,Chambre criminelle,Publié au Bulletin,api,9228,601,7,1,1,1,1,1,2279,2783,3957,212,0,1
68c13540c008a26741809ea0,2025,Chambre criminelle,Publié au Bulletin,api,10860,393,5,1,1,1,1,1,3523,3415,3712,211,0,1
68c273c3def1b35fcc39fb23,2025,Troisième chambre civile,Publié au Bulletin,api,10610,950,5,1,1,1,1,1,2956,3267,2980,1408,0,1
68c273c5def1b35fcc39fb25,2025,Troisième chambre civile,Publié au Bulletin,api,11458,603,7,1,1,1,1,1,3577,3644,3102,1138,0,1
68c273c7def1b35fcc39fb27,2025,Troisième chambre civile,Publié au Bulletin,api,7896,438,7,1,1,1,1,1,2676,1642,2465,1116,0,1
68c273c8def1b35fcc39fb29,2025,Troisième chambre civile,Publié au Bulletin,api,11212,596,5,1,1,1,1,1,2807,4351,2894,1161,0,1
68c273cadef1b35fcc39fb2b,2025,Troisième chambre civile,Publié au Bulletin|Publié aux Lettres de chambre,api,8102,512,5,1,1,1,1,1,2883,878,3112,1230,0,1
68c273cbdef1b35fcc39fb2d,2025,Deuxième chambre civile,Publié au Bulletin|Publié aux Lettres de chambre,api,7585,461,5,1,1,1,1,1,1828,2323,2207,1228,0,1
68c273cddef1b35fcc39fb2f,2025,Deuxième chambre civile,Publié au Bulletin|Publié aux Lettres de chambre,api,7973,991,5,1,1,1,1,1,2234,1114,3504,1122,0,1
68c273cedef1b35fcc39fb31,2025,Deuxième chambre civile,Publié au Bulletin|Publié aux Lettres de chambre,api,8989,275,5,1,1,1,1,1,1773,3133,2396,1688,0,1
68c273d0def1b35fcc39fb33,2025,Deuxième chambre civile,Publié au Bulletin|Publié aux Lettres de chambre,api,9132,222,5,1,1,1,1,1,1966,3957,2007,1203,0,1
68c273d1def1b35fcc39fb35,2025,Deuxième chambre civile,Publié au Bulletin|Publié aux Lettres de chambre,api,8991,2288,5,1,1,1,1,1,1742,2929,3738,583,0,1
68c273d3def1b35fcc39fb37,2025,Deuxième chambre civile,Publié au Bulletin|Publié aux Lettres de chambre,api,9611,383,7,1,1,1,1,1,2926,3649,2407,632,0,1
68c273d5def1b35fcc39fb39,2025,Deuxième chambre civile,Publié au Bulletin|Publié aux Lettres de chambre,api,6928,321,7,1,1,1,1,1,2311,1656,1891,1073,0,1
68c273d7def1b35fcc39fb3b,2025,Deuxième chambre civile,Publié au Bulletin|Publié aux Lettres de chambre,api,16871,1715,7,1,1,1,1,1,3788,2718,9243,1125,0,1
68c273d8def1b35fcc39fb3d,2025,Deuxième chambre civile,Publié au Bulletin|Publié aux Lettres de chambre,api,10717,461,7,1,1,1,1,1,3229,3998,2699,794,0,1
68c904234f50b651b49423ca,2025,Chambre criminelle,Publié au Bulletin,api,8351,1012,7,1,1,1,1,1,2087,3712,2342,213,0,1
68c904234f50b651b49423cc,2025,Chambre criminelle,Publié au Bulletin,api,7920,1288,7,1,1,1,1,1,1898,2194,3618,213,0,1
68ca5abb892376614a8345c1,2025,Chambre commerciale financière et économique,Publié au Bulletin,api,9016,465,7,1,1,1,1,1,2990,2978,2234,817,0,1
68ca5abd892376614a8345c3,2025,Chambre commerciale financière et économique,Publié au Bulletin,api,12201,332,9,1,1,1,1,1,3100,2594,5205,1307,0,1
68ca5abe892376614a8345c5,2025,Chambre commerciale financière et économique,Publié au Bulletin,api,7238,163,7,1,1,1,1,1,2983,1379,1807,1072,0,1
68ca5abf892376614a8345c7,2025,Chambre commerciale financière et économique,Publié au Bulletin,api,5890,718,7,1,1,1,1,1,2683,1449,1059,702,0,1
68ca5ac1892376614a8345c9,2025,Chambre commerciale financière et économique,Publié au Bulletin,api,6839,404,5,1,1,1,1,1,2889,1736,1006,1209,0,1
68ca5ac2892376614a8345cb,2025,Chambre commerciale financière et économique,Publié au Bulletin,api,8347,1243,7,1,1,1,1,1,2841,2074,2740,695,0,1
68ca5ac4892376614a8345cd,2025,Chambre commerciale financière et économique,Publié au Bulletin,api,8940,150,7,1,1,1,1,1,2770,2496,2124,1553,0,1
68ca5ac5892376614a8345cf,2025,Chambre commerciale financière et économique,Publié au Bulletin,api,8344,570,7,1,1,1,1,1,2248,3472,2013,614,0,1
68ca5ac7892376614a8345d1,2025,Chambre commerciale financière et économique,Publié au Bulletin|Publié aux Lettres de chambre,api,18272,708,7,1,1,1,1,1,3208,2698,11622,747,0,1
68ca5ac9892376614a8345d3,2025,Première chambre civile,Publié au Bulletin|Publié aux Lettres de chambre,api,24611,1025,11,1,1,1,1,1,2125,7126,14228,1139,0,1
68ca5cc2892376614a8345d5,2025,Chambre criminelle,Publié au Bulletin|Publié aux Lettres de chambre,api,7545,1055,5,1,1,1,1,1,2144,1594,3583,225,0,1
68ca5cc3892376614a8345d7,2025,Chambre criminelle,Publié au Bulletin|Publié aux Lettres de chambre,api,9478,535,9,1,1,1,1,1,2436,2829,3533,685,0,1
68ca5cc3892376614a8345d9,2025,Chambre criminelle,Publié au Bulletin,api,26002,894,9,1,1,1,1,1,2550,14198,8719,540,0,1
68ca5cc3892376614a8345db,2025,Chambre criminelle,Publié au Bulletin,regles,6928,377,3,1,1,1,0,1,748,4526,0,219,0,1
68ca5cc4892376614a8345dd,2025,Chambre criminelle,Publié au Bulletin,api,7132,458,5,1,1,1,1,1,1840,2602,2475,216,0,1
68cab5b24c2b6787f70e5d39,2025,Première chambre civile,Publié au Bulletin|Publié aux Lettres de chambre,api,17182,1817,5,1,1,1,1,1,3596,1075,10277,2235,0,1
68cab5b44c2b6787f70e5d3b,2025,Première chambre civile,Publié au Bulletin|Publié aux Lettres de chambre,api,18445,1634,9,1,1,1,1,1,3442,6385,7884,739,0,1
68cab67d4c2b6787f70e5d3d,2025,Première chambre civile,Publié au Bulletin|Publié aux Lettres de chambre,api,13298,1327,7,1,1,1,1,1,3092,1761,7708,740,0,1
68cba03fe4abb8795b568fc5,2025,Troisième chambre civile,Publié au Bulletin,api,5301,407,5,1,1,1,1,1,3061,1216,501,524,0,1
68cba041e4abb8795b568fc7,2025,Troisième chambre civile,Publié au Bulletin,api,10438,340,7,1,1,1,1,1,3295,2194,3467,1485,0,1
68cba043e4abb8795b568fc9,2025,Troisième chambre civile,Publié au Bulletin,regles,10006,348,3,1,1,1,0,1,650,5665,0,1271,1,1
68cba046e4abb8795b568fcb,2025,Deuxième chambre civile,Publié au Bulletin,api,11341,702,7,1,1,1,1,1,6245,1357,2307,1435,0,1
68cba048e4abb8795b568fcd,2025,Deuxième chambre civile,Publié au Bulletin|Publié aux Lettres de chambre,api,8708,990,5,1,1,1,1,1,2992,2485,2055,1177,0,1
68cba049e4abb8795b568fcf,2025,Deuxième chambre civile,Publié au Bulletin,api,8730,796,5,1,1,1,1,1,2310,1751,3657,1013,0,1
68cba04be4abb8795b568fd1,2025,Deuxième chambre civile,Publié au Bulletin|Publié aux Lettres de chambre,api,9529,926,7,1,1,1,1,1,2659,3211,2426,1236,0,1
68cba04de4abb8795b568fd3,2025,Deuxième chambre civile,Publié au Bulletin,api,13013,464,9,1,1,1,1,1,2675,4889,4019,1435,0,1
68cba04ee4abb8795b568fd5,2025,Deuxième chambre civile,Publié au Bulletin|Publié aux Lettres de chambre,api,7932,305,5,1,1,1,1,1,2141,1624,3140,1028,0,1
68cba050e4abb8795b568fd7,2025,Première chambre civile,Publié au Bulletin|Publié aux Lettres de chambre,api,15744,1328,5,1,1,1,1,1,3356,1182,9780,1427,0,1
68ccea2641cce69a12ae3e0f,2025,Chambre criminelle,Publié au Bulletin,api,4947,485,3,1,1,0,1,1,1334,0,2706,907,0,1
68cd5d7042bf5a7eb8178d90,2025,Chambre criminelle,Publié au Bulletin|Publié aux Lettres de chambre,api,7211,851,5,1,1,1,1,1,2182,2774,1411,845,0,1
68d23c4ae79315d4e1ebacf2,2025,Chambre criminelle,Publié au Bulletin,api,4765,562,7,1,1,1,1,1,1889,893,1633,353,0,1
68d23c4be79315d4e1ebacf4,2025,Chambre criminelle,Publié au Bulletin,api,10861,506,5,1,1,1,1,1,5806,1041,3052,963,0,1
68d392e20a396ba0a4747323,2025,Première chambre civile,Publié au Bulletin|Publié aux Lettres de chambre,api,8645,228,7,1,1,1,1,1,2288,2802,2291,1267,0,1
68d392e40a396ba0a4747325,2025,Première chambre civile,Publié au Bulletin|Publié aux Lettres de chambre,api,5903,285,7,1,1,1,1,1,2563,1485,1075,783,0,1
68d392e60a396ba0a4747327,2025,Première chambre civile,Publié au Bulletin|Publié aux Lettres de chambre,api,8200,704,5,1,1,1,1,1,3407,868,2805,1121,0,1
68d392e80a396ba0a4747329,2025,Première chambre civile,Publié au Bulletin|Publié aux Lettres de chambre,api,27389,1743,13,1,1,1,1,1,3705,7217,15159,1317,0,1
68d392eb0a396ba0a474732b,2025,Chambre commerciale financière et économique,Publié au Bulletin,api,40047,358,9,1,1,1,1,1,6538,11755,20646,1113,0,1
68d392ec0a396ba0a474732d,2025,Chambre sociale,Publié au Bulletin,api,5643,968,5,1,1,1,1,1,2042,1362,1242,998,0,1
68d3964e930ad2af00666c52,2025,Chambre criminelle,Publié au Bulletin,api,11450,263,11,1,1,1,1,1,2234,5020,3347,856,0,1
68d3964e930ad2af00666c54,2025,Chambre criminelle,Publié au Bulletin,api,14047,145,9,1,1,1,1,1,3490,5328,5014,220,0,1
68d3964f930ad2af00666c56,2025,Chambre criminelle,Publié au Bulletin,api,29686,856,15,1,1,1,1,1,3938,11061,13597,1101,0,1
68d3964f930ad2af00666c58,2025,Chambre criminelle,Publié au Bulletin,api,21641,1383,11,1,1,1,1,1,4233,10259,6241,915,0,1
68d4d6271e8f43fdd30b5c8f,2025,Chambre criminelle,Publié au Bulletin|Publié aux Lettres de chambre,api,5020,548,7,1,1,1,1,1,2158,604,2041,220,0,1
68d4d77f1e8f43fdd30b5df3,2025,Troisième chambre civile,Publié au Bulletin|Publié aux Lettres de chambre,api,9810,466,5,1,1,1,1,1,5420,1881,1232,1278,0,1
68d4d7801e8f43fdd30b5df5,2025,Troisième chambre civile,Publié au Bulletin|Publié aux Lettres de chambre,api,12625,354,7,1,1,1,1,1,3256,4896,2643,1833,0,1
68d4d7811e8f43fdd30b5df7,2025,Autre,Publié au Bulletin|Publié aux Lettres de chambre,api,8394,213,4,1,1,1,1,1,682,989,5837,886,0,1
68d4d7831e8f43fdd30b5df9,2025,Deuxième chambre civile,Publié au Bulletin,api,5996,740,5,1,1,1,1,1,2512,1096,1307,1082,0,1
68d4d7851e8f43fdd30b5dfb,2025,Deuxième chambre civile,Publié au Bulletin|Publié aux Lettres de chambre,api,5580,450,5,1,1,1,1,1,2296,896,1302,1087,0,1
68d4d7861e8f43fdd30b5dfd,2025,Deuxième chambre civile,Publié au Bulletin|Publié aux Lettres de chambre,api,7032,601,7,1,1,1,1,1,2216,1487,2150,1182,0,1
68d4d7871e8f43fdd30b5dff,2025,Deuxième chambre civile,Publié au Bulletin,api,6763,652,5,1,1,1,1,1,2273,1202,2156,1133,0,1
68d4d7881e8f43fdd30b5e01,2025,Deuxième chambre civile,Publié au Bulletin,api,5891,494,5,1,1,1,1,1,2172,896,1705,1119,0,1
68d4d78a1e8f43fdd30b5e03,2025,Deuxième chambre civile,Publié au Bulletin|Publié aux Lettres de chambre,api,7238,442,5,1,1,1,1,1,2161,1610,2028,1440,0,1
68d4d78b1e8f43fdd30b5e05,2025,Deuxième chambre civile,Publié au Bulletin|Publié aux Lettres de chambre,api,7592,914,7,1,1,1,1,1,2117,1714,2646,1118,0,1
68d4d78d1e8f43fdd30b5e07,2025,Deuxième chambre civile,Publié au Bulletin|Publié aux Lettres de chambre,api,6527,324,5,1,1,1,1,1,2257,795,2033,1443,0,1
68d4d78f1e8f43fdd30b5e09,2025,Deuxième chambre civile,Publié au Bulletin|Publié aux Lettres de chambre,api,11870,282,7,1,1,1,1,1,2301,5079,3436,1057,0,1
68d4d7901e8f43fdd30b5e0b,2025,Deuxième chambre civile,Publié au Bulletin|Publié aux Lettres de chambre,api,18395,626,5,1,1,1,1,1,2391,2076,13243,686,0,1
68d4d7921e8f43fdd30b5e0d,2025,Première chambre civile,Publié au Bulletin,api,10128,606,11,1,1,1,1,1,3263,2801,3279,792,0,1
68d4d7941e8f43fdd30b5e0f,2025,Première chambre civile,Publié au Bulletin|Publié aux Lettres de chambre,api,10103,613,9,1,1,1,1,1,4676,2951,1932,549,0,1
68db6b07ec448d52c0fbc1fd,2025,Chambre criminelle,Publié au Bulletin,api,32892,1143,13,1,1,1,1,1,5323,15746,10860,972,0,1
68db6b07ec448d52c0fbc1ff,2025,Chambre criminelle,Publié au Bulletin,api,14687,330,11,1,1,1,1,1,2187,5936,5719,852,0,1
68dce14fbc55f2c6aba50113,2025,Chambre criminelle,Publié au Bulletin|Publié aux Lettres de chambre,api,8079,475,9,1,1,1,1,1,1880,1821,3097,1286,0,1
68dce14fbc55f2c6aba50115,2025,Chambre criminelle,Publié au Bulletin,api,4511,500,5,1,1,1,1,1,2219,371,1036,886,0,1
68dce14fbc55f2c6aba50117,2025,Chambre criminelle,Publié au Bulletin,api,29281,915,5,1,1,1,1,1,7190,16200,5544,348,0,1
68dce258bc55f2c6aba501fd,2025,Chambre sociale,Publié au Bulletin,api,33536,465,7,1,1,1,1,1,3055,16283,12520,1681,0,1
68dce25abc55f2c6aba501ff,2025,Chambre sociale,Publié au Bulletin,api,11354,567,6,1,1,1,1,1,4920,52,3950,2434,0,1
68dce25bbc55f2c6aba50201,2025,Chambre sociale,Publié au Bulletin,api,19030,418,11,1,1,1,1,1,3151,5521,8852,1513,0,1
68dce25dbc55f2c6aba50203,2025,Chambre commerciale financière et économique,Publié au Bulletin|Publié aux Lettres de chambre,api,21336,1144,9,1,1,1,1,1,3760,10013,6697,871,0,1
68dce25ebc55f2c6aba50205,2025,Chambre commerciale financière et économique,Publié au Bulletin,api,21736,1048,11,1,1,1,1,1,5588,8513,6349,1293,0,1
68dce260bc55f2c6aba50207,2025,Première chambre civile,Publié au Bulletin,api,6724,518,7,1,1,1,1,1,1804,1475,2285,1163,0,1
68dce261bc55f2c6aba50209,2025,Première chambre civile,Publié au Bulletin,api,4865,590,7,1,1,1,1,1,1751,1453,1091,573,0,1
68dce263bc55f2c6aba5020b,2025,Première chambre civile,Publié au Bulletin,api,6227,309,7,1,1,1,1,1,1845,2659,1227,499,0,1
68dce265bc55f2c6aba5020d,2025,Première chambre civile,Publié au Bulletin|Publié aux Lettres de chambre,api,14008,307,5,1,1,1,1,1,2524,1710,9362,413,0,1
68de29555eaf3d95fe752d77,2025,Troisième chambre civile,Publié au Bulletin,api,10343,374,9,1,1,1,1,1,3159,1640,3162,2387,0,1
68de29595eaf3d95fe752d79,2025,Troisième chambre civile,Publié au Bulletin,api,7783,400,7,1,1,1,1,1,2608,2975,1614,589,0,1
68de295b5eaf3d95fe752d7b,2025,Deuxième chambre civile,Publié au Bulletin|Publié aux Lettres de chambre,api,7180,334,4,1,1,0,1,1,4236,0,1626,1319,0,1
68de295c5eaf3d95fe752d7d,2025,Deuxième chambre civile,Publié au Bulletin|Publié aux Lettres de chambre,api,6429,317,5,1,1,1,1,1,2164,3054,434,778,0,1
68de295d5eaf3d95fe752d7f,2025,Deuxième chambre civile,Publié au Bulletin|Publié aux Lettres de chambre,api,8357,267,5,1,1,1,1,1,2948,1571,2462,1377,0,1
68de295f5eaf3d95fe752d81,2025,Deuxième chambre civile,Publié au Bulletin|Publié aux Lettres de chambre,api,7768,164,5,1,1,1,1,1,2280,2167,2557,765,0,1
68de29605eaf3d95fe752d83,2025,Deuxième chambre civile,Publié au Bulletin|Publié aux Lettres de chambre,api,6954,463,5,1,1,1,1,1,2115,2046,1535,1259,0,1
68de29625eaf3d95fe752d85,2025,Deuxième chambre civile,Publié au Bulletin|Publié aux Lettres de chambre,api,6093,187,7,1,1,1,1,1,2918,1030,1227,921,0,1
68de29635eaf3d95fe752d87,2025,Deuxième chambre civile,Publié au Bulletin|Publié aux Lettres de chambre,api,6757,584,9,1,1,1,1,1,2121,1411,2181,1049,0,1
68de29645eaf3d95fe752d89,2025,Deuxième chambre civile,Publié au Bulletin|Publié aux Lettres de chambre,api,5037,546,7,1,1,1,1,1,2201,689,1573,577,0,1
68de2ceaa6e9861e0f884f97,2025,Chambre criminelle,Publié au Bulletin,api,4119,676,5,1,1,1,1,1,2015,675,1216,214,0,1
68de2ceaa6e9861e0f884f99,2025,Chambre criminelle,Publié au Bulletin,api,6385,475,7,1,1,1,1,1,1859,2496,1818,215,0,1
68e4a36403dbcf05326f3349,2025,Chambre criminelle,Publié au Bulletin,api,5738,653,5,1,1,1,1,1,2873,1573,1083,210,0,1
68e4a36403dbcf05326f334b,2025,Chambre criminelle,Publié au Bulletin,api,9336,974,7,1,1,1,1,1,3024,3301,1991,1023,0,1
68e5f9fca28a47f8aa0162b9,2025,Chambre criminelle,Publié au Bulletin,api,9682,1408,9,1,1,1,1,1,2602,4322,2553,210,0,1
68e5f9fca28a47f8aa0162bb,2025,Chambre criminelle,Publié au Bulletin|Publié aux Lettres de chambre,api,12019,489,5,1,1,1,1,1,2450,4171,4291,1108,0,1
68e5fac2a28a47f8aa016395,2025,Chambre sociale,Publié au Bulletin,api,8618,550,9,1,1,1,1,1,3159,2948,1931,585,0,1
68e5fac3a28a47f8aa016397,2025,Chambre sociale,Publié au Bulletin|Publié aux Lettres de chambre,api,17982,834,13,1,1,1,1,1,2365,9220,5017,1389,0,1
68e5fac4a28a47f8aa016399,2025,Chambre sociale,Publié au Bulletin,api,15149,389,5,1,1,1,1,1,4413,7781,2378,578,0,1
68e5fac6a28a47f8aa01639b,2025,Chambre sociale,Publié au Bulletin,api,11971,508,5,1,1,1,1,1,2243,6913,2272,544,0,1
68e5fac7a28a47f8aa01639d,2025,Chambre sociale,Publié au Bulletin|Publié aux Lettres de chambre,api,7774,349,5,1,1,1,1,1,3491,1018,2181,1085,0,1
68e5fac9a28a47f8aa01639f,2025,Chambre sociale,Publié au Bulletin,api,7942,429,7,1,1,1,1,1,2353,2574,1823,1195,0,1
68e5facaa28a47f8aa0163a1,2025,Chambre sociale,Publié au Bulletin,api,24655,1493,9,1,1,1,1,1,3649,13095,4779,3137,0,1
68e5facca28a47f8aa0163a3,2025,Chambre commerciale financière et économique,Publié au Bulletin|Publié aux Lettres de chambre,api,56566,530,21,1,1,1,1,1,3334,29068,22266,1915,0,1
68e5facda28a47f8aa0163a5,2025,Première chambre civile,Publié au Bulletin,api,6028,368,4,1,1,0,1,1,3393,0,1604,1032,0,1
68e5facea28a47f8aa0163a7,2025,Première chambre civile,Publié au Bulletin,api,5817,436,4,1,1,0,1,1,2742,0,1902,1174,0,1
68e5fad0a28a47f8aa0163a9,2025,Première chambre civile,Publié au Bulletin|Publié aux Lettres de chambre,api,7446,371,7,1,1,1,1,1,1927,1434,2910,1178,0,1
68e74c860ebbd151ceb999ca,2025,Troisième chambre civile,Publié au Bulletin,api,6811,428,7,1,1,1,1,1,2421,1223,2497,673,0,1
68e74c880ebbd151ceb999cc,2025,Troisième chambre civile,Publié au Bulletin,api,12507,245,7,1,1,1,1,1,3027,4334,3645,1504,0,1
68e74c8a0ebbd151ceb999ce,2025,Troisième chambre civile,Publié au Bulletin,api,9312,728,5,1,1,1,1,1,3119,3895,1692,607,0,1
68e74c8a0ebbd151ceb999d0,2025,Deuxième chambre civile,Publié au Bulletin|Publié aux Lettres de chambre,api,3998,493,4,1,1,1,1,1,1184,774,1326,714,0,1
68e74c8a0ebbd151ceb999d2,2025,Deuxième chambre civile,Publié au Bulletin|Publié aux Lettres de chambre,api,3176,257,4,1,1,1,1,1,1179,830,669,498,0,1
68e74c8a0ebbd151ceb999d4,2025,Deuxième chambre civile,Publié au Bulletin|Publié aux Lettres de chambre,api,3720,393,4,1,1,1,1,1,1223,729,920,848,0,1
68e74c8a0ebbd151ceb999d6,2025,Deuxième chambre civile,Publié au Bulletin|Publié aux Lettres de chambre,api,3927,276,4,1,1,1,1,1,1117,1246,1066,498,0,1
68e74c8b0ebbd151ceb999d8,2025,Deuxième chambre civile,Publié au Bulletin|Publié aux Lettres de chambre,api,13587,902,5,1,1,1,1,1,3632,2718,6201,1037,0,1
68e74c8d0ebbd151ceb999da,2025,Première chambre civile,Publié au Bulletin|Publié aux Lettres de chambre,api,8699,782,4,1,1,1,1,1,1038,621,5753,1287,0,1
68e897e26d821fc8a3c6555c,2025,Chambre criminelle,Publié au Bulletin,api,7154,593,5,1,1,1,1,1,2112,2188,2645,210,0,1
68e897e36d821fc8a3c6555e,2025,Chambre criminelle,Publié au Bulletin,api,7544,628,5,1,1,1,1,1,2225,2436,1858,1026,0,1
68eddde00965287eb763677e,2025,Chambre criminelle,Publié au Bulletin|Publié aux Lettres de chambre,regles,4749,275,3,1,1,1,0,1,536,2691,0,229,0,1
68eddde00965287eb7636780,2025,Chambre criminelle,Publié au Bulletin,api,5778,297,5,1,1,1,1,1,2111,573,2391,704,0,1
68eddde00965287eb7636782,2025,Chambre criminelle,Publié au Bulletin,api,12734,488,7,1,1,1,1,1,2348,4706,4852,831,0,1
68eddde10965287eb7636784,2025,Chambre criminelle,Publié au Bulletin|Publié aux Lettres de chambre,api,17663,899,9,1,1,1,1,1,1871,8772,5894,1131,0,1
68ef361e10fb86995ec6e978,2025,Chambre criminelle,Publié au Bulletin,api,7719,1409,5,1,1,1,1,1,2904,1552,2217,1047,0,1
68ef380610fb86995ec6ea58,2025,Chambre sociale,Publié au Bulletin,api,10474,937,5,1,1,1,1,1,3576,890,5119,890,0,1
68ef380810fb86995ec6ea5a,2025,Chambre sociale,Publié au Bulletin,api,8061,352,7,1,1,1,1,1,2587,2338,2588,551,0,1
68ef380910fb86995ec6ea5c,2025,Chambre commerciale financière et économique,Publié au Bulletin,api,9572,242,5,1,1,1,1,1,3025,3629,1334,1585,0,1
68ef380b10fb86995ec6ea5e,2025,Chambre commerciale financière et économique,Publié au Bulletin,api,12340,417,7,1,1,1,1,1,4948,4496,1804,1095,0,1
68ef380d10fb86995ec6ea60,2025,Chambre commerciale financière et économique,Publié au Bulletin|Publié aux Lettres de chambre,api,17492,2046,7,1,1,1,1,1,2804,4821,8596,1274,0,1
68ef380e10fb86995ec6ea62,2025,Chambre commerciale financière et économique,Publié au Bulletin|Publié aux Lettres de chambre,api,24445,897,7,1,1,1,1,1,5044,7810,10608,986,0,1
68ef381010fb86995ec6ea64,2025,Première chambre civile,Publié au Bulletin,api,9012,633,7,1,1,1,1,1,2522,2602,2831,1060,0,1
68ef381110fb86995ec6ea66,2025,Première chambre civile,Publié au Bulletin|Publié aux Lettres de chambre,api,4504,276,5,1,1,1,1,1,2330,769,833,573,0,1
68ef381210fb86995ec6ea68,2025,Première chambre civile,Publié au Bulletin,api,6429,416,7,1,1,1,1,1,2182,2265,1397,588,0,1
68ef381410fb86995ec6ea6a,2025,Première chambre civile,Publié au Bulletin|Publié au Rapport|Publié aux Lettres de chambre,api,12044,972,7,1,1,1,1,1,3662,5842,1955,588,0,1
68ef381510fb86995ec6ea6c,2025,Première chambre civile,Publié au Bulletin,api,7152,418,5,1,1,1,1,1,2858,1630,1483,1182,0,1
68f086048af7f48b3631e941,2025,Chambre criminelle,Publié au Bulletin,api,5574,378,5,1,1,1,1,1,1902,1928,913,832,0,1
68f086048af7f48b3631e943,2025,Chambre criminelle,Publié au Bulletin|Publié aux Lettres de chambre,api,5815,668,5,1,1,1,1,1,2456,1334,1145,881,0,1
68f087408af7f48b3631eae3,2025,Troisième chambre civile,Publié au Bulletin,api,8014,231,5,1,1,1,1,1,2546,1975,2329,1165,0,1
68f087428af7f48b3631eae5,2025,Troisième chambre civile,Publié au Bulletin,api,8386,741,5,1,1,1,1,1,2503,1330,3560,994,0,1
68f087438af7f48b3631eae7,2025,Troisième chambre civile,Publié au Bulletin,api,6824,448,7,1,1,1,1,1,2925,1056,2145,701,0,1
68f087448af7f48b3631eae9,2025,Troisième chambre civile,Publié au Bulletin,api,12516,836,11,1,1,1,1,1,3045,4501,3681,1296,0,1
68f087468af7f48b3631eaeb,2025,Troisième chambre civile,Publié au Bulletin,api,4854,269,7,1,1,1,1,1,2600,969,640,648,0,1
68f087478af7f48b3631eaed,2025,Troisième chambre civile,Publié au Bulletin,api,8180,330,5,1,1,1,1,1,3076,1843,2619,643,0,1
68f087498af7f48b3631eaef,2025,Troisième chambre civile,Publié au Bulletin,api,9514,897,5,1,1,1,1,1,2678,1880,3769,1188,0,1
68f0874b8af7f48b3631eaf1,2025,Deuxième chambre civile,Publié au Bulletin|Publié aux Lettres de chambre,api,12063,814,7,1,1,1,1,1,2563,3478,4869,1156,0,1
68f0874c8af7f48b3631eaf3,2025,Deuxième chambre civile,Publié au Bulletin,api,15267,1373,5,1,1,1,1,1,2199,5721,6194,1154,0,1
68f0874e8af7f48b3631eaf5,2025,Deuxième chambre civile,Publié au Bulletin,api,9089,694,5,1,1,1,1,1,2318,3379,2742,651,0,1
68f0874f8af7f48b3631eaf7,2025,Deuxième chambre civile,Publié au Bulletin,api,7689,291,5,1,1,1,1,1,2036,2087,2406,1161,0,1
68f087518af7f48b3631eaf9,2025,Deuxième chambre civile,Publié au Bulletin|Publié aux Lettres de chambre,api,8584,758,5,1,1,1,1,1,2095,4071,1878,541,0,1
68f087528af7f48b3631eafb,2025,Deuxième chambre civile,Publié au Bulletin,api,20306,788,7,1,1,1,1,1,2310,10993,6397,609,0,1
68f087548af7f48b3631eafd,2025,Première chambre civile,Publié au Bulletin,api,13986,310,9,1,1,1,1,1,2624,7417,3254,696,0,1
68f087558af7f48b3631eaff,2025,Première chambre civile,Publié au Bulletin,api,10963,1170,7,1,1,1,1,1,5759,1289,1897,2021,0,1
68f1d5a70b565ec7590f7b1b,2025,Chambre criminelle,Publié au Bulletin,api,11230,2057,7,1,1,1,1,1,2391,1824,6311,707,0,1
68f240d5914b718c86a39204,2025,Chambre criminelle,Publié au Bulletin,api,7218,866,5,1,1,1,1,1,3361,1105,1662,1091,0,1
68f871790274fc2d1f4a13b1,2025,Chambre sociale,Publié au Bulletin,api,15028,539,9,1,1,1,1,1,2315,7079,4436,1203,0,1
68f8717b0274fc2d1f4a13b3,2025,Chambre commerciale financière et économique,Publié au Bulletin,api,6883,628,5,1,1,1,1,1,2629,1286,1819,1150,0,1
68f8717c0274fc2d1f4a13b5,2025,Première chambre civile,Publié au Bulletin,api,6719,1084,7,1,1,1,1,1,2711,1016,1928,1067,0,1
68f8717e0274fc2d1f4a13b7,2025,Première chambre civile,Publié au Bulletin,api,5566,303,4,1,1,0,1,1,2163,0,2473,931,0,1
68f9c18f0a84a5e5f0033f5b,2025,Deuxième chambre civile,Publié au Bulletin|Publié aux Lettres de chambre,api,8828,557,7,1,1,1,1,1,3339,1656,2210,1626,0,1
68f9c18f0a84a5e5f0033f5e,2025,Deuxième chambre civile,Publié au Bulletin|Publié aux Lettres de chambre,api,5995,259,5,1,1,1,1,1,2273,1188,1379,1156,0,1
68f9c18f0a84a5e5f0033f61,2025,Deuxième chambre civile,Publié au Bulletin|Publié aux Lettres de chambre,api,9131,861,7,1,1,1,1,1,2272,1652,4082,1128,0,1
690074042481d356bd18cfa1,2025,Chambre criminelle,Publié au Bulletin,api,5909,934,5,1,1,1,1,1,2775,660,2110,365,0,1
690074042481d356bd18cfa4,2025,Chambre criminelle,Publié au Bulletin,api,3679,441,7,1,1,1,1,1,1927,728,811,216,0,1
6901c097748a422ad95510fe,2025,Chambre criminelle,Publié au Bulletin|Publié aux Lettres de chambre,api,9685,604,5,1,1,1,1,1,1856,1348,3503,2979,0,1
6901c097748a422ad9551101,2025,Chambre criminelle,Publié au Bulletin|Publié aux Lettres de chambre,api,7297,317,7,1,1,1,1,1,2392,1208,2851,849,0,1
6901c097748a422ad9551104,2025,Chambre criminelle,Publié au Bulletin,api,5457,1027,7,1,1,1,1,1,2255,988,2000,217,0,1
6901c097748a422ad9551107,2025,Chambre criminelle,Publié au Bulletin,api,6739,155,7,1,1,1,1,1,2492,1005,2348,897,0,1
6901c097748a422ad955110a,2025,Chambre criminelle,Publié au Bulletin,api,4596,1334,5,1,1,1,1,1,1933,1040,1408,216,0,1
690317031e4ff47a82fc83ee,2025,Chambre criminelle,Publié au Bulletin|Publié aux Lettres de chambre,api,13462,1039,9,1,1,1,1,1,2727,5151,5373,216,0,1
69099bce43d68eab407426fe,2025,Chambre criminelle,Publié au Bulletin,api,11288,394,5,1,1,1,1,1,1937,4012,4610,730,0,1
69099bd043d68eab40742a33,2025,Chambre criminelle,Publié au Bulletin,api,4636,556,7,1,1,1,1,1,1650,1124,1650,215,0,1
69099bd343d68eab40742e1e,2025,Chambre criminelle,Publié au Bulletin,api,11547,603,9,1,1,1,1,1,1887,3084,5499,1082,0,1
69099bd543d68eab40742eff,2025,Chambre criminelle,Publié au Bulletin,api,8768,1079,7,1,1,1,1,1,3011,1293,3660,807,0,1
69099bd943d68eab407430fa,2025,Chambre criminelle,Publié au Bulletin,api,23488,911,11,1,1,1,1,1,3714,9962,9293,526,0,1
69099bdd43d68eab407431bc,2025,Chambre criminelle,Publié au Bulletin,api,17143,1239,13,1,1,1,1,1,1955,7600,7384,213,0,1
69099be043d68eab407431df,2025,Chambre criminelle,Publié au Bulletin,api,16604,890,7,1,1,1,1,1,4625,4168,7395,419,0,1
690af3df28bf9d42b6ccc656,2025,Chambre sociale,Publié au Bulletin,api,27456,720,9,1,1,1,1,1,2863,12838,10457,1303,0,1
690af3e228bf9d42b6ccc73d,2025,Chambre sociale,Publié au Bulletin,api,18669,2326,7,1,1,1,1,1,5944,7462,4670,596,0,1
690af3e628bf9d42b6ccc859,2025,Chambre sociale,Publié au Bulletin,api,22209,873,7,1,1,1,1,1,4352,7357,9406,1097,0,1
690af3e928bf9d42b6ccc951,2025,Chambre sociale,Publié au Bulletin,api,12152,1250,5,1,1,1,1,1,2730,5892,2454,1077,0,1
690af3ec28bf9d42b6ccca17,2025,Chambre sociale,Publié au Bulletin,api,13645,693,9,1,1,1,1,1,2923,3469,5942,1316,0,1
690af3ee28bf9d42b6cccae5,2025,Chambre sociale,Publié au Bulletin,api,10318,815,7,1,1,1,1,1,2134,6087,1610,490,0,1
690af3f128bf9d42b6cccb8c,2025,Chambre commerciale financière et économique,Publié au Bulletin,api,6709,308,7,1,1,1,1,1,2368,2824,848,672,0,1
690af3f328bf9d42b6cccc5f,2025,Chambre commerciale financière et économique,Publié au Bulletin,regles,10522,627,3,1,1,1,0,1,1293,6290,0,1299,0,1
690af3f628bf9d42b6cccd18,2025,Chambre commerciale financière et économique,Publié au Bulletin,api,8516,720,7,1,1,1,1,1,2909,3816,1096,698,0,1
690af3f828bf9d42b6cccdc8,2025,Chambre commerciale financière et économique,Publié au Bulletin,api,5610,376,5,1,1,1,1,1,2573,1106,1286,646,0,1
690af3fb28bf9d42b6ccce84,2025,Chambre commerciale financière et économique,Publié au Bulletin|Publié aux Lettres de chambre,api,11864,669,9,1,1,1,1,1,3676,5235,2118,840,0,1
690af3fe28bf9d42b6cccf79,2025,Chambre commerciale financière et économique,Publié au Bulletin|Publié aux Lettres de chambre,api,8130,257,7,1,1,1,1,1,2958,1331,2789,1055,0,1
690af40028bf9d42b6ccd029,2025,Première chambre civile,Publié au Bulletin|Publié aux Lettres de chambre,api,13811,833,9,1,1,1,1,1,2942,4380,5237,1257,0,1
690af40428bf9d42b6ccd157,2025,Première chambre civile,Publié au Bulletin,api,8772,207,7,1,1,1,1,1,2959,2288,1841,1687,0,1
690af40728bf9d42b6ccd251,2025,Première chambre civile,Publié au Bulletin,api,9377,1017,7,1,1,1,1,1,3285,1399,3243,1453,0,1
690af40928bf9d42b6ccd2f9,2025,Première chambre civile,Publié au Bulletin|Publié au Rapport|Publié aux Lettres de chambre,api,14278,1703,5,1,1,1,1,1,3051,4000,5184,2044,0,1
690af40c28bf9d42b6ccd400,2025,Première chambre civile,Publié au Bulletin|Publié aux Lettres de chambre,api,9248,981,7,1,1,1,1,1,2609,2278,3734,630,0,1
690af40f28bf9d42b6ccd4ce,2025,Première chambre civile,Publié au Bulletin|Publié au Rapport|Publié aux Lettres de chambre,api,9094,1739,7,1,1,1,1,1,3164,1747,3681,505,0,1
690af56e28bf9d42b6ccfbb9,2025,Chambre criminelle,Publié au Bulletin|Publié aux Lettres de chambre,api,8261,341,7,1,1,1,1,1,2244,3455,2354,211,0,1
690c495e1f8a20b910eb5308,2025,Troisième chambre civile,Publié au Bulletin,api,5826,380,4,1,1,1,1,1,644,2720,1325,1137,0,1
690c49611f8a20b910eb542f,2025,Troisième chambre civile,Publié au Bulletin,api,6141,359,5,1,1,1,1,1,2739,1666,1034,703,0,1
690c49631f8a20b910eb54f1,2025,Troisième chambre civile,Publié au Bulletin,api,7690,291,5,1,1,1,1,1,3642,1237,1763,1049,0,1
690c49661f8a20b910eb5615,2025,Troisième chambre civile,Publié au Bulletin,api,6759,217,5,1,1,1,1,1,2709,966,1775,1310,0,1
690c49681f8a20b910eb56bf,2025,Troisième chambre civile,Publié au Bulletin,api,8966,1031,5,1,1,1,1,1,3081,1766,3035,1085,0,1
690c496b1f8a20b910eb5803,2025,Troisième chambre civile,Publié au Bulletin|Publié aux Lettres de chambre,api,8300,765,5,1,1,1,1,1,2962,1415,2079,1845,0,1
690c496e1f8a20b910eb5905,2025,Troisième chambre civile,Publié au Bulletin|Publié aux Lettres de chambre,api,4848,551,7,1,1,1,1,1,2293,1053,868,637,0,1
690c49701f8a20b910eb59e1,2025,Troisième chambre civile,Publié au Bulletin,api,8426,289,5,1,1,1,1,1,3224,2880,1797,526,0,1
690c49731f8a20b910eb5aea,2025,Deuxième chambre civile,Publié au Bulletin,api,9262,550,7,1,1,1,1,1,1894,5279,1519,573,0,1
690c49751f8a20b910eb5bda,2025,Deuxième chambre civile,Publié au Bulletin|Publié aux Lettres de chambre,api,8360,296,5,1,1,1,1,1,2263,1366,4008,724,0,1
690c49781f8a20b910eb5cf4,2025,Deuxième chambre civile,Publié au Bulletin|Publié aux Lettres de chambre,api,9271,1085,7,1,1,1,1,1,3559,1686,3520,509,0,1
690c497b1f8a20b910eb5e07,2025,Deuxième chambre civile,Publié au Bulletin|Publié aux Lettres de chambre,api,7556,383,5,1,1,1,1,1,2468,884,3448,757,0,1
690c497d1f8a20b910eb6016,2025,Deuxième chambre civile,Publié au Bulletin|Publié aux Lettres de chambre,api,8833,554,5,1,1,1,1,1,2435,1793,2811,1795,0,1
690c4b591f8a20b910ebb52e,2025,Chambre criminelle,Publié au Bulletin,api,2224,302,3,1,1,0,1,1,1241,0,750,233,0,1
690c4b5c1f8a20b910ebb72c,2025,Chambre criminelle,Publié au Bulletin,api,14203,1077,7,1,1,1,1,1,1833,6946,4607,820,0,1
690c4b5f1f8a20b910ebb9f6,2025,Chambre criminelle,Publié au Bulletin,api,9276,760,7,1,1,1,1,1,1861,3344,3066,1008,0,1
69146af64322238c089863ff,2025,Chambre criminelle,Publié au Bulletin,api,15372,1737,7,1,1,1,1,1,4372,3745,6847,411,0,1
6915978a5cc9fa7cae5abe1d,2025,Chambre sociale,Publié au Bulletin|Publié aux Lettres de chambre,api,12409,1185,7,1,1,1,1,1,2684,3026,5514,1188,0,1
6915978d5cc9fa7cae5abe7b,2025,Chambre sociale,Publié au Bulletin|Publié aux Lettres de chambre,api,13781,358,5,1,1,1,1,1,2362,3657,7115,648,0,1
691597925cc9fa7cae5abeee,2025,Chambre sociale,Publié au Bulletin|Publié aux Lettres de chambre,api,8485,356,7,1,1,1,1,1,2122,1837,3229,1300,0,1
691597955cc9fa7cae5abef9,2025,Chambre sociale,Publié au Bulletin|Publié aux Lettres de chambre,api,15242,480,7,1,1,1,1,1,2651,8070,3898,626,0,1
691597985cc9fa7cae5abf68,2025,Chambre sociale,Publié au Bulletin|Publié aux Lettres de chambre,api,19124,183,7,1,1,1,1,1,2297,7365,8205,1260,0,1
6915979c5cc9fa7cae5abfcd,2025,Chambre sociale,Publié au Bulletin,api,18815,1307,13,1,1,1,1,1,2435,7625,7077,1687,0,1
6915979f5cc9fa7cae5abfe9,2025,Chambre sociale,Publié au Bulletin,api,17498,741,11,1,1,1,1,1,3332,9751,3795,627,0,1
691597a15cc9fa7cae5ac03b,2025,Chambre sociale,Publié au Bulletin,api,6761,1000,7,1,1,1,1,1,3207,1245,1819,493,0,1
691597a45cc9fa7cae5ac083,2025,Chambre commerciale financière et économique,Publié au Bulletin,api,9732,399,7,1,1,1,1,1,2811,2576,3129,1219,0,1
691597a75cc9fa7cae5ac0d0,2025,Chambre commerciale financière et économique,Publié au Bulletin,api,12656,725,7,1,1,1,1,1,3333,2392,4959,1975,0,1
691597ab5cc9fa7cae5ac130,2025,Chambre commerciale financière et économique,Publié au Bulletin,api,24031,1116,11,1,1,1,1,1,2972,7366,11719,1981,0,1
691597af5cc9fa7cae5ac14a,2025,Chambre commerciale financière et économique,Publié au Bulletin,api,15054,607,5,1,1,1,1,1,2602,2698,8359,1396,0,1
691597b25cc9fa7cae5ac192,2025,Chambre commerciale financière et économique,Publié au Bulletin,api,9956,678,5,1,1,1,1,1,3913,1556,3186,1302,0,1
691597b55cc9fa7cae5ac1d6,2025,Chambre commerciale financière et économique,Publié au Bulletin|Publié au Rapport|Publié aux Lettres de chambre,api,9979,805,5,1,1,1,1,1,2656,2352,4262,710,0,1
691597b75cc9fa7cae5ac1e4,2025,Troisième chambre civile,Publié au Bulletin|Publié aux Lettres de chambre,api,6598,792,7,1,1,1,1,1,2414,1290,2291,606,0,1
691597bb5cc9fa7cae5ac22b,2025,Troisième chambre civile,Publié au Bulletin|Publié aux Lettres de chambre,api,31619,782,11,1,1,1,1,1,5046,17508,8529,543,0,1
691597be5cc9fa7cae5ac284,2025,Deuxième chambre civile,Publié au Bulletin|Publié aux Lettres de chambre,api,10149,591,5,1,1,1,1,1,2869,3236,3413,632,0,1
691597c05cc9fa7cae5ac2bc,2025,Première chambre civile,Publié au Bulletin,api,6447,536,5,1,1,1,1,1,3682,1094,1000,672,0,1
691597c35cc9fa7cae5ac2cb,2025,Première chambre civile,Publié au Bulletin,api,7174,432,5,1,1,1,1,1,2529,1236,2237,1173,0,1
691597c55cc9fa7cae5ac304,2025,Première chambre civile,Publié au Bulletin,api,8167,716,5,1,1,1,1,1,4530,1685,1169,784,0,1
691597c85cc9fa7cae5ac315,2025,Première chambre civile,Publié au Bulletin|Publié aux Lettres de chambre,api,6572,641,7,1,1,1,1,1,2320,1020,1998,1237,0,1
691598045cc9fa7cae5ac77a,2025,Chambre criminelle,Publié au Bulletin,api,5332,222,7,1,1,1,1,1,2358,1320,1444,213,0,1
6916fa75e097417ee1bcf78e,2025,Chambre criminelle,Publié au Bulletin|Publié aux Lettres de chambre,api,5837,546,5,1,1,1,1,1,2166,927,1910,835,0,1
691c4bf58b6588a4f898c47e,2025,Chambre criminelle,Publié au Bulletin|Publié aux Lettres de chambre,api,29986,797,17,1,1,1,1,1,2345,18227,9101,326,0,1
691c4bf88b6588a4f898c4b7,2025,Chambre criminelle,Publié au Bulletin,api,8231,1552,5,1,1,1,1,1,2038,1380,4599,215,0,1
691c4bfa8b6588a4f898c4e7,2025,Chambre criminelle,Publié au Bulletin,api,11418,1527,5,1,1,1,1,1,2476,3717,4103,1123,0,1
691c4bfd8b6588a4f898c536,2025,Chambre criminelle,Publié au Bulletin,api,12427,446,11,1,1,1,1,1,1874,4989,4511,1060,0,1
691d844002bad2f30af408ff,2025,Première chambre civile,Publié au Bulletin|Publié aux Lettres de chambre,api,8029,353,7,1,1,1,1,1,1938,1475,3786,833,0,1
691d844202bad2f30af40907,2025,Première chambre civile,Publié au Bulletin,api,7143,456,7,1,1,1,1,1,1569,2174,2406,997,0,1
691d844502bad2f30af40950,2025,Première chambre civile,Publié au Bulletin,api,8896,806,9,1,1,1,1,1,1593,3823,2902,583,0,1
691d846402bad2f30af40ca8,2025,Chambre sociale,Publié au Bulletin,api,22936,641,7,1,1,1,1,1,9993,4509,6451,1986,0,1
691d846702bad2f30af40cea,2025,Chambre sociale,Publié au Bulletin|Publié aux Lettres de chambre,api,11221,742,5,1,1,1,1,1,3290,2474,4547,911,0,1
691d846902bad2f30af40d0a,2025,Chambre sociale,Publié au Bulletin|Publié aux Lettres de chambre,api,5821,2223,4,1,1,0,1,1,2818,0,2568,436,0,1
691dc7f402bad2f30afd8d0d,2025,Chambre criminelle,Publié au Bulletin|Publié aux Lettres de chambre,api,7982,418,9,1,1,1,1,1,1971,2274,2695,1047,0,1
691dc7f602bad2f30afd8d5b,2025,Chambre criminelle,Publié au Bulletin|Publié aux Lettres de chambre,api,10470,534,7,1,1,1,1,1,2681,3129,3775,888,0,1
691dc7f902bad2f30afd8daf,2025,Chambre criminelle,Publié au Bulletin|Publié aux Lettres de chambre,api,12606,493,7,1,1,1,1,1,2745,6312,3337,215,0,1
691dc7fb02bad2f30afd8dfc,2025,Chambre criminelle,Publié au Bulletin|Publié aux Lettres de chambre,api,6756,404,5,1,1,1,1,1,1843,2004,2134,776,0,1
691dc7ff02bad2f30afd8e1a,2025,Chambre criminelle,Publié au Bulletin,api,15649,289,5,1,1,1,1,1,3845,7816,3126,863,0,1
691eb7e30faf9858cdf4b1a9,2025,Chambre criminelle,Publié au Bulletin,api,9619,1125,5,1,1,1,1,1,2842,2387,4175,216,0,1
691eb7e50faf9858cdf4b234,2025,Chambre criminelle,Publié au Bulletin,api,5106,1071,5,1,1,1,1,1,2152,577,1513,865,0,1
691eb7e80faf9858cdf4b30b,2025,Chambre criminelle,Publié au Bulletin|Publié aux Lettres de chambre,api,15665,386,11,1,1,1,1,1,1873,6455,6383,961,0,1
691ebace0faf9858cdf58278,2025,Deuxième chambre civile,Publié au Bulletin|Publié aux Lettres de chambre,api,8676,460,4,1,1,0,1,1,2357,0,5307,1013,0,1
691ebad10faf9858cdf582ba,2025,Deuxième chambre civile,Publié au Bulletin|Publié aux Lettres de chambre,api,8394,396,5,1,1,1,1,1,3463,1722,2040,1170,0,1
691ebad30faf9858cdf582c5,2025,Deuxième chambre civile,Publié au Bulletin|Publié aux Lettres de chambre,api,7266,930,5,1,1,1,1,1,2685,1073,2478,1031,0,1
691ebad60faf9858cdf58305,2025,Deuxième chambre civile,Publié au Bulletin|Publié aux Lettres de chambre,api,11676,638,7,1,1,1,1,1,2888,4714,3484,593,0,1
691ebad80faf9858cdf5830c,2025,Deuxième chambre civile,Publié au Bulletin|Publié aux Lettres de chambre,regles,7575,503,3,1,1,1,0,1,895,4055,0,1116,0,1
691ebadb0faf9858cdf5834c,2025,Deuxième chambre civile,Publié au Bulletin|Publié aux Lettres de chambre,api,6769,382,5,1,1,1,1,1,2748,715,2144,1163,0,1
691ebade0faf9858cdf5838e,2025,Deuxième chambre civile,Publié au Bulletin|Publié aux Lettres de chambre,api,11147,471,7,1,1,1,1,1,2711,3306,3966,1167,0,1
691ebae00faf9858cdf58399,2025,Deuxième chambre civile,Publié au Bulletin|Publié aux Lettres de chambre,api,7749,973,4,1,1,1,1,1,664,668,5391,1026,0,1
691ebae30faf9858cdf583a0,2025,Deuxième chambre civile,Publié au Bulletin|Publié aux Lettres de chambre,api,8614,852,4,1,1,1,1,1,680,1081,4491,2362,0,1
691ebae50faf9858cdf583e2,2025,Troisième chambre civile,Publié au Bulletin,api,14316,517,7,1,1,1,1,1,2647,3480,6906,1286,0,1
691ebae80faf9858cdf58422,2025,Troisième chambre civile,Publié au Bulletin,api,9702,362,5,1,1,1,1,1,2612,4280,2223,588,0,1
69200584c302c2b2379ca1d0,2025,Chambre criminelle,Publié au Bulletin|Publié aux Lettres de chambre,api,23112,319,11,1,1,1,1,1,3867,13521,5299,432,0,1
69254c37bbc24b0cc5e085b8,2025,Chambre criminelle,Publié au Bulletin,api,16096,727,13,1,1,1,1,1,2189,5854,6883,1179,0,1
69254c39bbc24b0cc5e085f7,2025,Chambre criminelle,Publié au Bulletin|Publié aux Lettres de chambre,api,6674,665,7,1,1,1,1,1,2167,2593,1700,217,0,1
69254c3cbbc24b0cc5e085ff,2025,Chambre criminelle,Publié au Bulletin,api,4326,659,5,1,1,1,1,1,1715,459,1286,867,0,1
6926a8f777bf00d0f5e9c819,2025,Première chambre civile,Publié au Bulletin,api,15634,1046,9,1,1,1,1,1,3271,4331,6720,1317,0,1
6926a8f977bf00d0f5e9c88e,2025,Première chambre civile,Publié au Bulletin|Publié aux Lettres de chambre,api,6372,541,7,1,1,1,1,1,2915,1766,1054,640,0,1
6926a8fc77bf00d0f5e9c973,2025,Première chambre civile,Publié au Bulletin,api,7426,656,7,1,1,1,1,1,3232,2293,1256,648,0,1
6926a90077bf00d0f5e9ca49,2025,Chambre commerciale financière et économique,Publié au Bulletin|Publié au Rapport|Publié aux Lettres de chambre,api,22893,489,7,1,1,1,1,1,5787,10443,5796,870,0,1
6926a90277bf00d0f5e9caf8,2025,Chambre commerciale financière et économique,Publié au Bulletin,api,7727,437,7,1,1,1,1,1,3812,1648,1618,652,0,1
6926a90577bf00d0f5e9cbce,2025,Chambre commerciale financière et économique,Publié au Bulletin,api,14941,896,11,1,1,1,1,1,4129,5669,4151,999,0,1
6926a90877bf00d0f5e9ccb7,2025,Chambre commerciale financière et économique,Publié au Bulletin,api,8698,591,9,1,1,1,1,1,2856,2591,1901,1355,0,1
6926a90b77bf00d0f5e9cd88,2025,Chambre commerciale financière et économique,Publié au Bulletin,api,7200,890,5,1,1,1,1,1,2541,1887,1728,1045,0,1
6926a90d77bf00d0f5e9ce18,2025,Chambre commerciale financière et économique,Publié au Bulletin,api,8011,268,7,1,1,1,1,1,4776,1607,996,635,0,1
6926a91077bf00d0f5e9cf15,2025,Chambre commerciale financière et économique,Publié au Bulletin,api,17325,1368,5,1,1,1,1,1,2647,6335,6994,1350,0,1
6926a91277bf00d0f5e9cf89,2025,Chambre commerciale financière et économique,Publié au Bulletin,api,7068,152,9,1,1,1,1,1,3255,1880,1355,583,0,1
6926a91577bf00d0f5e9d040,2025,Chambre sociale,Publié au Bulletin,api,7825,935,5,1,1,1,1,1,2165,3284,1882,495,0,1
6926ab8a77bf00d0f5ea186d,2025,Chambre criminelle,Publié au Bulletin,api,55124,680,23,1,1,1,1,1,5897,30651,18377,218,0,1
6926ab8d77bf00d0f5ea18a7,2025,Chambre criminelle,Publié au Bulletin|Publié aux Lettres de chambre,api,17112,509,7,1,1,1,1,1,2338,5017,8784,976,0,1
6926ab9177bf00d0f5ea18ea,2025,Chambre criminelle,Publié au Bulletin|Publié aux Lettres de chambre,api,27209,468,13,1,1,1,1,1,3505,12346,10071,1296,0,1
6927fa00011fb71514eb4742,2025,Première chambre civile,Publié au Bulletin|Publié au Rapport|Publié aux Lettres de chambre,regles,23188,1792,3,1,1,1,0,1,5168,12423,0,1887,0,1
6927fa03011fb71514eb47c1,2025,Deuxième chambre civile,Publié au Bulletin|Publié aux Lettres de chambre,api,8443,475,7,1,1,1,1,1,4022,1972,1363,1089,0,1
6927fa06011fb71514eb4835,2025,Deuxième chambre civile,Publié au Bulletin,api,9974,597,7,1,1,1,1,1,3083,3328,2652,914,0,1
6927fa08011fb71514eb48b4,2025,Deuxième chambre civile,Publié au Bulletin,api,5402,650,5,1,1,1,1,1,2197,1136,958,1112,0,1
6927fa0b011fb71514eb4936,2025,Deuxième chambre civile,Publié au Bulletin|Publié aux Lettres de chambre,api,12584,979,7,1,1,1,1,1,1799,1714,7522,1552,0,1
6927fa0e011fb71514eb49e2,2025,Troisième chambre civile,Publié au Bulletin|Publié aux Lettres de chambre,api,14441,625,5,1,1,1,1,1,2852,6547,3566,1477,0,1
6927fa10011fb71514eb4a98,2025,Troisième chambre civile,Publié au Bulletin|Publié aux Lettres de chambre,api,14234,785,9,1,1,1,1,1,2801,5440,4666,1332,0,1
6927fa13011fb71514eb4af0,2025,Troisième chambre civile,Publié au Bulletin,api,5812,490,7,1,1,1,1,1,3016,1263,972,564,0,1
6927fa16011fb71514eb4b99,2025,Chambre sociale,Publié au Bulletin|Publié aux Lettres de chambre,api,6852,555,7,1,1,1,1,1,2548,1834,1976,497,0,1
6927fd52011fb71514ebc2ed,2025,Chambre criminelle,Publié au Bulletin|Publié aux Lettres de chambre,api,6297,686,5,1,1,1,1,1,2147,2040,1279,832,0,1
6927fd56011fb71514ebc3cd,2025,Chambre criminelle,Publié au Bulletin,api,34109,230,21,1,1,1,1,1,4708,20707,7214,1497,0,1
69293e9cb3dd52896a6ecc38,2025,Deuxième chambre civile,Publié au Bulletin|Publié aux Lettres de chambre,api,5893,405,5,1,1,1,1,1,2010,1178,1672,1034,0,1
69293e9fb3dd52896a6eccfe,2025,Deuxième chambre civile,Publié au Bulletin|Publié aux Lettres de chambre,api,11067,626,4,1,1,1,1,1,667,2593,6535,1272,0,1
69293ea3b3dd52896a6ecdd4,2025,Assemblée plénière,Publié au Bulletin|Publié au Rapport,api,17945,880,5,1,1,1,1,1,4457,3236,9722,531,0,1
69293ea5b3dd52896a6ecdec,2025,Assemblée plénière,Publié au Bulletin|Publié au Rapport,regles,17693,880,4,1,1,1,0,1,1221,12973,0,534,0,1
69293ea9b3dd52896a6ece28,2025,Assemblée plénière,Publié au Bulletin|Publié au Rapport,regles,18243,880,6,1,1,1,0,1,1079,13210,0,1115,0,1
69297c7cb3dd52896a73dd89,2025,Chambre commerciale financière et économique,Publié au Bulletin|Publié aux Lettres de chambre|Communiqué,api,41148,583,15,1,1,1,1,1,6955,20730,11407,2067,0,1
69297c81b3dd52896a73ddea,2025,Chambre commerciale financière et économique,Publié au Bulletin|Publié aux Lettres de chambre|Communiqué,api,33474,583,15,1,1,1,1,1,6958,13067,11389,2071,0,1
692e885315321910675a8499,2025,Chambre criminelle,Publié au Bulletin,api,10537,460,9,1,1,1,1,1,2293,2431,4966,852,0,1
692e885715321910675a84d5,2025,Chambre criminelle,Publié au Bulletin,api,20559,1366,5,1,1,1,1,1,5229,9075,6045,211,0,1
692e885a15321910675a84dc,2025,Chambre criminelle,Publié au Bulletin,api,14125,532,11,1,1,1,1,1,1789,5377,6065,901,0,1
692fdf560437ac0245b81d10,2025,Chambre criminelle,Publié au Bulletin,api,8989,510,5,1,1,1,1,1,2617,4028,1950,395,0,1
692fe05b0437ac0245b82fde,2025,Chambre sociale,Publié au Bulletin|Publié aux Lettres de chambre,api,31856,2326,15,1,1,1,1,1,5486,11621,13038,1722,0,1
692fe05d0437ac0245b82fe8,2025,Chambre sociale,Publié au Bulletin|Publié aux Lettres de chambre,api,9657,521,7,1,1,1,1,1,6200,2160,838,462,0,1
692fe0600437ac0245b83021,2025,Chambre commerciale financière et économique,Publié au Bulletin,api,8151,309,7,1,1,1,1,1,2976,1827,1878,1473,0,1
692fe0630437ac0245b8328f,2025,Chambre commerciale financière et économique,Publié au Bulletin,api,6893,946,7,1,1,1,1,1,1963,1343,2353,1237,0,1
692fe0650437ac0245b83503,2025,Chambre commerciale financière et économique,Publié au Bulletin,api,15728,709,9,1,1,1,1,1,4339,6486,3503,1405,0,1
692fe06a0437ac0245b838c2,2025,Chambre commerciale financière et économique,Publié au Bulletin,api,38013,365,13,1,1,1,1,1,4640,20288,12417,677,0,1
692fe06d0437ac0245b83978,2025,Première chambre civile,Publié au Bulletin|Publié aux Lettres de chambre,api,8357,289,7,1,1,1,1,1,2598,3829,1254,679,0,1
692fe06f0437ac0245b83a9e,2025,Première chambre civile,Publié au Bulletin,api,7470,389,5,1,1,1,1,1,2595,1654,2380,842,0,1
6931362f83684346b6375666,2025,Troisième chambre civile,Publié au Bulletin,api,7204,331,7,1,1,1,1,1,2616,2063,1751,777,0,1
6931363183684346b6375679,2025,Troisième chambre civile,Publié au Bulletin,api,7583,350,5,1,1,1,1,1,2556,1549,2372,1107,0,1
6931363583684346b63756b7,2025,Deuxième chambre civile,Publié au Bulletin|Publié aux Lettres de chambre,api,15057,252,5,1,1,1,1,1,2605,8120,3644,689,0,1
6931363683684346b63756bd,2025,Deuxième chambre civile,Publié au Bulletin,api,7022,888,5,1,1,1,1,1,2147,2091,1703,1082,0,1
6931363983684346b63756f8,2025,Deuxième chambre civile,Publié au Bulletin|Publié aux Lettres de chambre,api,12826,927,5,1,1,1,1,1,2366,4988,4306,1167,0,1
6931363c83684346b637570f,2025,Deuxième chambre civile,Publié au Bulletin|Publié aux Lettres de chambre,api,7876,1133,7,1,1,1,1,1,2174,2954,2236,515,0,1
6931363e83684346b6375748,2025,Deuxième chambre civile,Publié au Bulletin|Publié aux Lettres de chambre,api,9028,307,7,1,1,1,1,1,2521,2662,3242,606,0,1
6931364183684346b637574e,2025,Deuxième chambre civile,Publié au Bulletin|Publié aux Lettres de chambre,api,8895,375,5,1,1,1,1,1,2460,3759,1561,1116,0,1
6932864e72f940f4b6c6925d,2025,Chambre criminelle,Publié au Bulletin|Publié aux Lettres de chambre,api,17522,2040,9,1,1,1,1,1,4128,2884,9736,779,0,1
6932865072f940f4b6c69285,2025,Chambre criminelle,Publié au Bulletin,api,4624,736,3,1,1,0,1,1,1467,0,2865,292,0,1
6932865572f940f4b6c692d9,2025,Première chambre civile,Publié au Bulletin,api,4966,374,4,1,1,1,1,1,318,688,3018,942,0,1
6937d1db50f255303296625b,2025,Chambre criminelle,Publié au Bulletin,api,14822,246,11,1,1,1,1,1,2694,5910,4947,1278,0,1
69392791c988783351cb640c,2025,Première chambre civile,Publié au Bulletin|Publié aux Lettres de chambre,api,9594,651,5,1,1,1,1,1,3263,1926,3396,1010,0,1
69392794c988783351cb6416,2025,Première chambre civile,Publié au Bulletin,api,8308,746,7,1,1,1,1,1,2220,1717,3255,1119,0,1
69392797c988783351cb6455,2025,Première chambre civile,Publié au Bulletin|Publié aux Lettres de chambre,api,11012,746,5,1,1,1,1,1,2788,1973,4683,1569,0,1
6939279ac988783351cb646e,2025,Première chambre civile,Publié au Bulletin|Publié aux Lettres de chambre,api,10058,710,5,1,1,1,1,1,2893,1896,4293,977,0,1
6939279dc988783351cb64ae,2025,Première chambre civile,Publié au Bulletin,api,5791,248,4,1,1,0,1,1,2142,0,2667,983,0,1
693927a0c988783351cb64ee,2025,Première chambre civile,Publié au Bulletin|Publié aux Lettres de chambre,api,8710,395,7,1,1,1,1,1,1880,4083,2180,570,0,1
693927a2c988783351cb64fc,2025,Première chambre civile,Publié au Bulletin|Publié aux Lettres de chambre,api,10717,1491,7,1,1,1,1,1,1693,2074,5483,1470,0,1
693927a5c988783351cb6532,2025,Chambre commerciale financière et économique,Publié au Bulletin,api,5535,360,5,1,1,1,1,1,2684,583,1114,1155,0,1
693927a7c988783351cb6552,2025,Chambre commerciale financière et économique,Publié au Bulletin|Publié aux Lettres de chambre,api,10387,491,7,1,1,1,1,1,3621,4959,1270,540,0,1
693927aac988783351cb6592,2025,Chambre commerciale financière et économique,Publié au Bulletin,api,13163,1004,7,1,1,1,1,1,4769,3180,2930,2287,0,1
693927adc988783351cb65a8,2025,Chambre commerciale financière et économique,Publié au Bulletin,api,6819,542,5,1,1,1,1,1,2354,1519,1315,1632,0,1
693927aec988783351cb65b6,2025,Chambre commerciale financière et économique,Publié au Bulletin,api,6122,452,5,1,1,1,1,1,2071,1723,1237,1092,0,1
693927b1c988783351cb65ef,2025,Chambre commerciale financière et économique,Publié au Bulletin,api,8581,846,4,1,1,1,1,1,714,1062,5810,995,0,1
693927b4c988783351cb6634,2025,Chambre sociale,Publié au Bulletin,api,9777,679,7,1,1,1,1,1,3049,3706,2536,489,0,1
693927b6c988783351cb665c,2025,Chambre sociale,Publié au Bulletin,api,7816,1036,7,1,1,1,1,1,2675,2594,2061,489,0,1
693927bac988783351cb66a1,2025,Chambre sociale,Publié au Bulletin|Publié aux Lettres de chambre,api,12080,993,7,1,1,1,1,1,2227,2723,4943,2190,0,1
693927bcc988783351cb66b0,2025,Chambre sociale,Publié au Bulletin|Publié aux Lettres de chambre,api,12890,1430,5,1,1,1,1,1,2998,3038,5437,1418,0,1
693927bfc988783351cb6749,2025,Chambre sociale,Publié au Bulletin|Publié aux Lettres de chambre,api,15456,319,9,1,1,1,1,1,2155,4399,8301,606,0,1
693927c2c988783351cb683d,2025,Chambre sociale,Publié au Bulletin|Publié aux Lettres de chambre,api,15593,1705,5,1,1,1,1,1,2570,5151,6414,1459,0,1
693927c4c988783351cb6876,2025,Chambre sociale,Publié au Bulletin|Publié aux Lettres de chambre,api,7144,438,5,1,1,1,1,1,2482,1422,2752,489,0,1
693927c7c988783351cb6882,2025,Chambre sociale,Publié au Bulletin|Publié aux Lettres de chambre,api,9782,695,7,1,1,1,1,1,2704,3854,2738,489,0,1
693927cac988783351cb68cf,2025,Chambre sociale,Publié au Bulletin,api,6951,248,9,1,1,1,1,1,2556,2372,1385,643,0,1
693927ccc988783351cb68de,2025,Chambre sociale,Publié au Bulletin,api,8502,230,7,1,1,1,1,1,2145,2121,2952,1287,0,1
693927cfc988783351cb691f,2025,Chambre sociale,Publié au Bulletin|Publié aux Lettres de chambre,api,15536,422,13,1,1,1,1,1,2394,5055,6486,1610,0,1
693927d1c988783351cb6926,2025,Chambre sociale,Publié au Bulletin,api,6441,362,5,1,1,1,1,1,2427,2333,1020,662,0,1
693927d4c988783351cb6972,2025,Chambre sociale,Publié au Bulletin,api,8012,535,5,1,1,1,1,1,2245,1359,3372,1037,0,1
693a7d4a3e607b3c211300d0,2025,Deuxième chambre civile,Publié au Bulletin|Publié aux Lettres de chambre,api,7310,288,4,1,1,1,0,1,3470,2323,0,1518,0,1
693a7d4d3e607b3c2113016f,2025,Deuxième chambre civile,Publié au Bulletin|Publié aux Lettres de chambre,api,9125,973,5,1,1,1,1,1,3505,1287,3163,1171,0,1
693a7d503e607b3c2113020e,2025,Deuxième chambre civile,Publié au Bulletin|Publié aux Lettres de chambre,api,6603,524,5,1,1,1,1,1,1917,1822,1816,1049,0,1
693a7d513e607b3c211302a8,2025,Deuxième chambre civile,Publié au Bulletin|Publié aux Lettres de chambre,api,7332,471,7,1,1,1,1,1,3039,1752,1731,813,0,1
693a7d543e607b3c2113032d,2025,Deuxième chambre civile,Publié au Bulletin|Publié aux Lettres de chambre,api,7829,713,5,1,1,1,1,1,2636,1168,2839,1187,0,1
693a7d563e607b3c211303b1,2025,Deuxième chambre civile,Publié au Bulletin|Publié aux Lettres de chambre,api,7848,393,7,1,1,1,1,1,2938,725,3536,652,0,1
693a7d593e607b3c2113044a,2025,Deuxième chambre civile,Publié au Bulletin|Publié aux Lettres de chambre,api,9616,551,5,1,1,1,1,1,3459,1415,3462,1281,0,1
693a7d5c3e607b3c211304d3,2025,Troisième chambre civile,Publié au Bulletin,api,7862,512,5,1,1,1,1,1,2338,2660,2328,537,0,1
693a85113e607b3c21140a16,2025,Chambre criminelle,Publié au Bulletin|Publié aux Lettres de chambre,api,4511,810,7,1,1,1,1,1,1768,1076,1459,211,0,1
693a85133e607b3c21140a1e,2025,Chambre criminelle,Publié au Bulletin,api,5492,447,5,1,1,1,1,1,1991,1266,1542,694,0,1
694189e7c69a34cd2071de08,2025,Chambre criminelle,Publié au Bulletin|Publié aux Lettres de chambre,api,4145,415,7,1,1,1,1,1,1998,662,1278,210,0,1
694189e9c69a34cd2071dec8,2025,Chambre criminelle,Publié au Bulletin,api,6078,590,5,1,1,1,1,1,2130,2719,1008,222,0,1
694189f7c69a34cd2071e3c5,2025,Chambre criminelle,Publié au Bulletin,api,4021,680,4,1,1,0,1,1,1328,0,1833,861,0,1
694189fbc69a34cd2071e4dd,2025,Chambre criminelle,Publié au Bulletin,api,14404,315,11,1,1,1,1,1,4393,4144,4920,954,0,1
694189fdc69a34cd2071e563,2025,Chambre criminelle,Publié au Bulletin|Publié aux Lettres de chambre,api,6252,1467,5,1,1,1,1,1,2278,1505,2071,399,0,1
69418a14c69a34cd2072179f,2025,Chambre criminelle,Publié au Bulletin,api,5945,968,3,1,1,0,1,1,1601,0,3751,593,0,1
69418a17c69a34cd20721d30,2025,Chambre criminelle,Publié au Bulletin,api,2372,440,3,1,1,0,1,1,1233,0,915,224,0,1
694252f961c46255e1714515,2025,Première chambre civile,Publié au Bulletin|Publié aux Lettres de chambre,api,8657,297,5,1,1,1,1,1,3122,3323,1677,536,0,1
694252fc61c46255e1714682,2025,Première chambre civile,Publié au Bulletin,api,6816,629,5,1,1,1,1,1,2367,1158,1743,1549,0,1
694252ff61c46255e17147be,2025,Première chambre civile,Publié au Bulletin,api,13808,581,7,1,1,1,1,1,2461,4487,4898,1965,0,1
6942530161c46255e17148d0,2025,Première chambre civile,Publié au Bulletin|Publié aux Lettres de chambre,api,12223,465,7,1,1,1,1,1,4127,1369,5649,1081,0,1
6942530461c46255e1714a46,2025,Première chambre civile,Publié au Bulletin|Publié aux Lettres de chambre,api,9231,783,5,1,1,1,1,1,3843,1840,2540,1009,0,1
6942530661c46255e1714b1f,2025,Chambre commerciale financière et économique,Publié au Bulletin,api,7295,873,7,1,1,1,1,1,2746,1896,2090,566,0,1
6942530961c46255e1714c5c,2025,Chambre commerciale financière et économique,Publié au Bulletin,api,12755,338,11,1,1,1,1,1,3078,5455,2602,1627,0,1
6942530c61c46255e1714d57,2025,Chambre commerciale financière et économique,Publié au Bulletin,api,5105,460,7,1,1,1,1,1,2236,1063,1217,592,0,1
6942530e61c46255e1714e80,2025,Chambre commerciale financière et économique,Publié au Bulletin,api,9487,339,5,1,1,1,1,1,1936,1273,5307,972,0,1
6942531161c46255e1714fb2,2025,Chambre commerciale financière et économique,Publié au Bulletin,api,8310,372,6,1,1,1,1,1,3409,1439,2405,1059,0,1
6942531361c46255e1715076,2025,Chambre commerciale financière et économique,Publié au Bulletin,api,5874,380,7,1,1,1,1,1,2464,1809,869,735,0,1
6942531661c46255e1715203,2025,Chambre commerciale financière et économique,Publié au Bulletin,api,21028,1209,13,1,1,1,1,1,3075,7786,8901,1275,0,1
6942531961c46255e1715371,2025,Chambre commerciale financière et économique,Publié au Bulletin,api,10073,667,7,1,1,1,1,1,3460,1729,4075,812,0,1
6943a61575782d5f0684c29d,2025,Chambre criminelle,Publié au Bulletin,api,10293,900,5,1,1,1,1,1,2675,3818,3589,212,0,1
6943a61875782d5f0684c2da,2025,Chambre criminelle,Publié au Bulletin,api,6269,783,6,1,1,1,1,1,2501,108,2740,922,0,1
6943a8c575782d5f06857db3,2025,Deuxième chambre civile,Publié au Bulletin|Publié aux Lettres de chambre,api,14347,475,9,1,1,1,1,1,2479,5292,5014,1567,0,1
6943a8c775782d5f06857e89,2025,Deuxième chambre civile,Publié au Bulletin|Publié aux Lettres de chambre,api,5342,762,6,1,1,1,1,1,2183,482,1729,950,0,1
6943a8ca75782d5f06857f6f,2025,Deuxième chambre civile,Publié au Bulletin|Publié aux Lettres de chambre,api,6847,817,7,1,1,1,1,1,2526,1701,1518,1105,0,1
6943a8cc75782d5f0685803e,2025,Deuxième chambre civile,Publié au Bulletin|Publié aux Lettres de chambre,api,6533,466,5,1,1,1,1,1,2003,1528,1701,1302,0,1
6943a8cf75782d5f0685816c,2025,Deuxième chambre civile,Publié au Bulletin|Publié aux Lettres de chambre,api,13681,228,5,1,1,1,1,1,2235,8441,2392,614,0,1
6943a8d275782d5f068582b1,2025,Troisième chambre civile,Publié au Bulletin,api,8218,460,7,1,1,1,1,1,3035,2637,1803,746,0,1
6943a8d475782d5f0685835b,2025,Troisième chambre civile,Publié au Bulletin,api,7872,454,7,1,1,1,1,1,4688,1670,1013,504,0,1
6943a8d775782d5f06858497,2025,Troisième chambre civile,Publié au Bulletin,api,16317,405,9,1,1,1,1,1,2512,9184,3985,641,0,1
6943a8da75782d5f06858602,2025,Troisième chambre civile,Publié au Bulletin,api,12778,234,9,1,1,1,1,1,3101,4340,3425,1917,0,1
695cbb6475782d5f06f00ec7,2026,Chambre criminelle,Publié au Bulletin,api,38026,1800,13,1,1,1,1,1,3485,21569,12286,695,0,1
695e106875782d5f060d1613,2026,Première chambre civile,Publié au Bulletin,api,10691,611,7,1,1,1,1,1,3862,2683,2533,1616,0,1
695e106d75782d5f060d167e,2026,Chambre commerciale financière et économique,Publié au Bulletin|Publié au Rapport|Publié aux Lettres de chambre|Communiqué,api,17688,1846,7,1,1,1,1,1,3215,5663,7108,1705,0,1
695e107175782d5f060d16e7,2026,Chambre commerciale financière et économique,Publié au Bulletin|Publié au Rapport|Publié aux Lettres de chambre|Communiqué,api,17497,1628,7,1,1,1,1,1,2782,6219,7094,1405,0,1
695e107475782d5f060d1742,2026,Chambre commerciale financière et économique,Publié au Bulletin,api,11945,327,9,1,1,1,1,1,2569,5077,2918,1386,0,1
695e107875782d5f060d1763,2026,Chambre commerciale financière et économique,Publié au Bulletin,api,22937,1192,11,1,1,1,1,1,3977,11575,5715,1677,0,1
695e107a75782d5f060d17c1,2026,Chambre sociale,Publié au Bulletin,api,5994,277,7,1,1,1,1,1,1943,1529,1954,571,0,1
695e107d75782d5f060d182f,2026,Chambre sociale,Publié au Bulletin,api,12047,322,5,1,1,1,1,1,2508,4863,3656,1021,0,1
695e107f75782d5f060d1894,2026,Chambre sociale,Publié au Bulletin,api,9742,879,7,1,1,1,1,1,2093,3446,3141,1065,0,1
695e108475782d5f060d1901,2026,Chambre sociale,Publié au Bulletin|Publié aux Lettres de chambre,api,14420,1897,9,1,1,1,1,1,2179,2524,8166,1556,0,1
695e108775782d5f060d1946,2026,Première chambre civile,Publié au Bulletin|Publié aux Lettres de chambre,api,10847,605,7,1,1,1,1,1,4224,2139,3214,1273,0,1
695e113175782d5f060d29ff,2026,Chambre criminelle,Publié au Bulletin,api,10369,1101,9,1,1,1,1,1,2209,3598,3875,692,0,1
695e113375782d5f060d2a42,2026,Chambre criminelle,Publié au Bulletin,api,8485,591,5,1,1,1,1,1,2117,2683,3477,209,0,1
695f68bacdc6046d479868b5,2026,Première chambre civile,Publié au Bulletin|Publié aux Lettres de chambre,api,9102,468,5,1,1,1,1,1,3321,2509,2078,1195,0,1
695f68bdcdc6046d47986a06,2026,Deuxième chambre civile,Publié au Bulletin|Publié aux Lettres de chambre,api,6265,540,5,1,1,1,1,1,2256,961,1905,1144,0,1
695f68bfcdc6046d47986ac2,2026,Deuxième chambre civile,Publié au Bulletin|Publié aux Lettres de chambre,api,6945,821,5,1,1,1,1,1,2471,2200,1759,516,0,1
695f68c2cdc6046d47986bee,2026,Deuxième chambre civile,Publié au Bulletin|Publié aux Lettres de chambre,api,5990,361,5,1,1,1,1,1,2363,1580,1447,601,0,1
695f68c4cdc6046d47986c8f,2026,Deuxième chambre civile,Publié au Bulletin,api,7009,604,5,1,1,1,1,1,2179,1220,2554,1057,0,1
695f68c7cdc6046d47986df9,2026,Deuxième chambre civile,Publié au Bulletin|Publié aux Lettres de chambre,regles,9802,414,3,1,1,1,0,1,902,6565,0,630,0,1
695f68cccdc6046d47987014,2026,Troisième chambre civile,Publié au Bulletin,api,7653,307,5,1,1,1,1,1,2382,2606,2050,616,0,1
695f68cfcdc6046d47987135,2026,Troisième chambre civile,Publié au Bulletin,api,10143,453,9,1,1,1,1,1,3243,2314,3276,1315,0,1
695f68d1cdc6046d4798721f,2026,Troisième chambre civile,Publié au Bulletin,api,8253,581,5,1,1,1,1,1,2451,2297,2272,1234,0,1
695f68d4cdc6046d4798732a,2026,Troisième chambre civile,Publié au Bulletin,api,5578,297,7,1,1,1,1,1,2419,1360,1271,531,0,1
695f6d3bcdc6046d479910da,2026,Chambre criminelle,Publié au Bulletin,api,7364,465,5,1,1,1,1,1,2151,2068,2938,208,0,1
695f6d3ccdc6046d479910e9,2026,Chambre criminelle,Publié au Bulletin|Publié aux Lettres de chambre,api,4328,673,5,1,1,1,1,1,1819,731,1062,717,0,1
695f6d3fcdc6046d47991138,2026,Chambre criminelle,Publié au Bulletin,api,6997,694,5,1,1,1,1,1,1964,2708,1465,861,0,1
6960bea7cdc6046d47b941cd,2026,Chambre criminelle,Publié au Bulletin,api,7123,430,7,1,1,1,1,1,1792,2521,1972,841,0,1
6965e5b7cdc6046d471b4a61,2026,Chambre criminelle,Publié au Bulletin,api,21884,482,11,1,1,1,1,1,3173,10360,7186,1172,0,1
6965e5bccdc6046d471b4aa8,2026,Chambre criminelle,Publié au Bulletin,api,17521,776,7,1,1,1,1,1,3349,8548,4922,705,0,1
6965e5becdc6046d471b4ab6,2026,Chambre criminelle,Publié au Bulletin,api,6030,830,5,1,1,1,1,1,1750,910,2514,857,0,1
6965e5c1cdc6046d471b4b0e,2026,Chambre criminelle,Publié au Bulletin,api,23975,2725,5,1,1,1,1,1,2698,13516,7424,338,0,1
69673dcdcdc6046d473a208c,2026,Première chambre civile,Publié au Bulletin,api,8454,355,7,1,1,1,1,1,2420,2570,2739,728,0,1
69673dcfcdc6046d473a20f3,2026,Première chambre civile,Publié au Bulletin|Publié aux Lettres de chambre,api,6236,876,5,1,1,1,1,1,2096,1854,1713,574,0,1
69673dd2cdc6046d473a21a8,2026,Première chambre civile,Publié au Bulletin|Publié aux Lettres de chambre,api,4548,387,7,1,1,1,1,1,2015,1338,699,499,0,1
69673dd4cdc6046d473a2200,2026,Première chambre civile,Publié au Bulletin,api,6930,550,7,1,1,1,1,1,1989,1011,2630,1303,0,1
69673dd7cdc6046d473a22ba,2026,Chambre commerciale financière et économique,Publié au Bulletin|Publié aux Lettres de chambre,api,15792,1144,7,1,1,1,1,1,2825,2714,9148,1108,0,1
69673ddacdc6046d473a238f,2026,Chambre commerciale financière et économique,Publié au Bulletin,api,10210,374,7,1,1,1,1,1,2975,3524,2231,1483,0,1
69673ddccdc6046d473a23e8,2026,Chambre sociale,Publié au Bulletin,api,8427,627,5,1,1,1,1,1,2771,2247,2323,1087,0,1
69673ddfcdc6046d473a2499,2026,Chambre sociale,Publié au Bulletin|Publié aux Lettres de chambre,api,9026,1718,5,1,1,1,1,1,2159,2174,4200,494,0,1
69673de2cdc6046d473a24c5,2026,Chambre sociale,Publié au Bulletin|Publié aux Lettres de chambre,api,12167,2376,5,1,1,1,1,1,2202,2428,6628,910,0,1
69673de4cdc6046d473a2519,2026,Chambre sociale,Publié au Bulletin|Publié aux Lettres de chambre,api,19286,2617,9,1,1,1,1,1,3219,8395,5893,1784,0,1
69673de7cdc6046d473a252e,2026,Chambre sociale,Publié au Bulletin|Publié aux Lettres de chambre,api,5661,426,7,1,1,1,1,1,2161,1741,1269,493,0,1
69673debcdc6046d473a256a,2026,Chambre sociale,Publié au Bulletin,api,27788,3058,9,1,1,1,1,1,3037,9799,13457,1500,0,1
69673dedcdc6046d473a2585,2026,Chambre sociale,Publié au Bulletin|Publié aux Lettres de chambre,api,11511,494,7,1,1,1,1,1,2918,3791,4141,664,0,1
69673df1cdc6046d473a25ce,2026,Chambre sociale,Publié au Bulletin|Publié aux Lettres de chambre,api,15919,1168,7,1,1,1,1,1,2936,5066,6367,1553,0,1
69674129cdc6046d473a7988,2026,Chambre criminelle,Publié au Bulletin,api,39071,2576,11,1,1,1,1,1,3214,16751,18133,980,0,1
6967412ccdc6046d473a79d9,2026,Chambre criminelle,Publié au Bulletin|Publié aux Lettres de chambre,api,14051,156,7,1,1,1,1,1,3511,2700,6533,1310,0,1
69674130cdc6046d473a79f7,2026,Chambre criminelle,Publié au Bulletin,api,14538,1806,7,1,1,1,1,1,3135,1912,9196,298,0,1
69674132cdc6046d473a7a33,2026,Chambre criminelle,Publié au Bulletin,api,7822,444,5,1,1,1,1,1,1966,2971,2675,211,0,1
69674135cdc6046d473a7a41,2026,Chambre criminelle,Publié au Bulletin|Publié aux Lettres de chambre,api,6849,1120,5,1,1,1,1,1,2202,653,3290,705,0,1
69674137cdc6046d473a7a8d,2026,Chambre criminelle,Publié au Bulletin|Publié aux Lettres de chambre,api,5003,482,5,1,1,1,1,1,1951,257,1898,898,0,1
6967413acdc6046d473a7aa4,2026,Chambre criminelle,Publié au Bulletin|Publié aux Lettres de chambre,api,9287,937,5,1,1,1,1,1,2233,3547,2879,629,0,1
6967413bcdc6046d473a7ae4,2026,Chambre criminelle,Publié au Bulletin|Publié aux Lettres de chambre,api,4245,542,5,1,1,1,1,1,1944,1274,815,213,0,1
6967413ecdc6046d473a80ac,2026,Chambre criminelle,Publié au Bulletin,api,6583,643,9,1,1,1,1,1,2924,986,1620,1058,0,1
6968b640cdc6046d475d9632,2026,Chambre criminelle,Publié au Bulletin,api,4958,1182,3,1,1,0,1,1,1248,0,3485,225,0,1
6968b977cdc6046d475f28ad,2026,Première chambre civile,Publié au Bulletin,api,6524,843,7,1,1,1,1,1,2312,2099,1509,607,0,1
6968b979cdc6046d475f28fb,2026,Deuxième chambre civile,Publié au Bulletin|Publié aux Lettres de chambre,api,5605,724,7,1,1,1,1,1,2731,1109,1085,683,0,1
6968b97bcdc6046d475f290a,2026,Deuxième chambre civile,Publié au Bulletin|Publié aux Lettres de chambre,api,7610,801,5,1,1,1,1,1,2231,1924,2269,1187,0,1
6968b97ecdc6046d475f2950,2026,Deuxième chambre civile,Publié au Bulletin|Publié aux Lettres de chambre,api,7402,1346,5,1,1,1,1,1,2207,2319,1766,1111,0,1
6968b980cdc6046d475f2965,2026,Deuxième chambre civile,Publié au Bulletin,api,9374,695,7,1,1,1,1,1,2064,3444,2556,1313,0,1
6968b983cdc6046d475f29bb,2026,Deuxième chambre civile,Publié au Bulletin|Publié aux Lettres de chambre,api,9889,305,5,1,1,1,1,1,3518,2013,3149,1210,0,1
6968b986cdc6046d475f29dc,2026,Troisième chambre civile,Publié au Bulletin,api,12671,321,9,1,1,1,1,1,3861,3878,3212,1725,0,1
6968b988cdc6046d475f2a23,2026,Troisième chambre civile,Publié au Bulletin,api,5486,446,7,1,1,1,1,1,2406,1156,1266,661,0,1
6968b98bcdc6046d475f2a64,2026,Troisième chambre civile,Publié au Bulletin,api,7314,198,5,1,1,1,1,1,2158,1716,1758,1683,0,1
6968b98dcdc6046d475f2ad3,2026,Troisième chambre civile,Publié au Bulletin,api,8835,627,7,1,1,1,1,1,2731,1617,2949,1541,0,1
6969deaacdc6046d477d2c53,2026,Chambre criminelle,Publié au Bulletin|Publié aux Lettres de chambre,api,6296,615,5,1,1,1,1,1,2051,1298,2112,836,0,1
6969deaccdc6046d477d2c95,2026,Chambre criminelle,Publié au Bulletin|Publié aux Lettres de chambre,api,7762,261,5,1,1,1,1,1,2048,3504,1998,213,0,1
6969deafcdc6046d477d2c9b,2026,Chambre criminelle,Publié au Bulletin|Publié aux Lettres de chambre,api,6158,335,5,1,1,1,1,1,1669,2463,1101,926,0,1
6969deb2cdc6046d477d2cdb,2026,Assemblée plénière,Publié au Bulletin|Publié au Rapport,api,20698,228,5,1,1,1,1,1,5892,3109,10907,791,0,1
696f20eacdc6046d47f3b69f,2026,Chambre criminelle,Publié au Bulletin,api,11733,870,7,1,1,1,1,1,2210,4534,3725,1267,0,1
696f20edcdc6046d47f3b89f,2026,Chambre criminelle,Publié au Bulletin|Publié aux Lettres de chambre,api,7926,1002,5,1,1,1,1,1,1941,2336,2562,1088,0,1
696f20f1cdc6046d47f3b900,2026,Chambre criminelle,Publié au Bulletin,api,23680,1451,15,1,1,1,1,1,1813,12178,8587,1113,0,1
69707805cdc6046d4712af3d,2026,Chambre criminelle,Publié au Bulletin,api,5695,759,4,1,1,1,1,1,1699,883,2663,450,0,1
69707807cdc6046d4712afb6,2026,Chambre criminelle,Publié au Bulletin,api,5782,380,7,1,1,1,1,1,2711,1247,1431,396,0,1
6970780acdc6046d4712b01e,2026,Chambre criminelle,Publié au Bulletin|Publié aux Lettres de chambre,api,4706,210,7,1,1,1,1,1,1836,1639,1018,216,0,1
6970780ccdc6046d4712b097,2026,Chambre criminelle,Publié au Bulletin|Publié aux Lettres de chambre,api,8457,1219,5,1,1,1,1,1,2477,2042,3288,651,0,1
6970780fcdc6046d4712b142,2026,Chambre criminelle,Publié au Bulletin|Publié aux Lettres de chambre,api,7804,1219,5,1,1,1,1,1,2662,2116,2810,217,0,1
69707a9fcdc6046d471336a3,2026,Première chambre civile,Publié au Bulletin|Publié aux Lettres de chambre,regles,13306,951,3,1,1,1,0,1,458,10675,0,509,1,1
69707aa1cdc6046d471337d3,2026,Première chambre civile,Publié au Bulletin|Publié aux Lettres de chambre,api,6486,264,5,1,1,1,1,1,2224,1211,2616,436,0,1
69707aa5cdc6046d471337e7,2026,Première chambre civile,Publié au Bulletin|Publié aux Lettres de chambre,api,17914,952,11,1,1,1,1,1,2290,6717,8396,518,0,1
69707aa7cdc6046d47133824,2026,Première chambre civile,Publié au Bulletin,api,10794,412,7,1,1,1,1,1,1839,5385,3072,501,0,1
69707aa9cdc6046d47133831,2026,Première chambre civile,Publié au Bulletin|Publié aux Lettres de chambre,api,6390,431,7,1,1,1,1,1,2040,2900,843,610,0,1
69707aaccdc6046d47133878,2026,Chambre sociale,Publié au Bulletin,api,9809,455,7,1,1,1,1,1,1825,2060,4534,1393,0,1
69707aaecdc6046d47133885,2026,Chambre sociale,Publié au Bulletin|Publié aux Lettres de chambre,api,4901,618,7,1,1,1,1,1,2078,1338,993,495,0,1
69707ab1cdc6046d471338c4,2026,Chambre sociale,Publié au Bulletin|Publié aux Lettres de chambre,api,11577,604,7,1,1,1,1,1,3346,4383,2285,1566,0,1
69707ab3cdc6046d471338d1,2026,Chambre sociale,Publié au Bulletin,api,12358,767,7,1,1,1,1,1,3163,6649,1984,565,0,1
69707ab6cdc6046d4713391a,2026,Chambre sociale,Publié au Bulletin|Publié aux Lettres de chambre,api,8597,832,7,1,1,1,1,1,2670,2279,2005,1646,0,1
69707abacdc6046d4713395c,2026,Chambre sociale,Publié au Bulletin|Publié aux Lettres de chambre,api,17310,452,7,1,1,1,1,1,2609,8567,5165,972,0,1
69707abccdc6046d47133966,2026,Chambre sociale,Publié au Bulletin|Publié aux Lettres de chambre,api,12673,233,5,1,1,1,1,1,6141,2216,2836,1481,0,1
69707abfcdc6046d471339ac,2026,Chambre sociale,Publié au Bulletin,api,7036,1219,7,1,1,1,1,1,2116,1151,3276,496,0,1
69707ac3cdc6046d471339f7,2026,Chambre sociale,Publié au Bulletin,api,15309,1752,6,1,1,1,1,1,3531,2268,8175,1337,0,1
6971c8e7cdc6046d4734c1e5,2026,Chambre criminelle,Publié au Bulletin,api,9731,168,7,1,1,1,1,1,4965,787,3089,893,0,1
6971c971cdc6046d4734ec5d,2026,Deuxième chambre civile,Publié au Bulletin|Publié aux Lettres de chambre,api,10423,543,7,1,1,1,1,1,3064,4070,2549,743,0,1
6971c974cdc6046d4734ed6f,2026,Deuxième chambre civile,Publié au Bulletin|Publié aux Lettres de chambre,api,7854,662,4,1,1,0,1,1,1969,0,5386,500,0,1
6971c976cdc6046d4734ee29,2026,Deuxième chambre civile,Publié au Bulletin|Publié aux Lettres de chambre,api,13417,412,7,1,1,1,1,1,2218,4940,4736,1526,0,1
6971c979cdc6046d4734ef17,2026,Deuxième chambre civile,Publié au Bulletin|Publié aux Lettres de chambre,api,6977,1246,7,1,1,1,1,1,2375,1382,2070,1153,0,1
6971c97ccdc6046d4734f00f,2026,Deuxième chambre civile,Publié au Bulletin|Publié aux Lettres de chambre,api,9310,403,5,1,1,1,1,1,2415,2476,3300,1120,0,1
6971c97ecdc6046d4734f0e1,2026,Troisième chambre civile,Publié au Bulletin|Publié aux Lettres de chambre,api,5779,269,7,1,1,1,1,1,2347,1221,1670,544,0,1
6971c981cdc6046d4734f1b3,2026,Troisième chambre civile,Publié au Bulletin,api,8071,735,7,1,1,1,1,1,2970,1906,2539,659,0,1
69786db4cdc6046d47d707b1,2026,Chambre criminelle,Publié au Bulletin,api,8374,468,5,1,1,1,1,1,1897,4873,1390,215,0,1
69786db6cdc6046d47d707f0,2026,Chambre criminelle,Publié au Bulletin,api,8383,1111,7,1,1,1,1,1,2001,1236,4933,216,0,1
6979b1d4cdc6046d47f21fe4,2026,Chambre criminelle,Publié au Bulletin|Publié aux Lettres de chambre,api,7155,440,7,1,1,1,1,1,2115,1965,2706,372,0,1
6979b1d6cdc6046d47f22011,2026,Chambre criminelle,Publié au Bulletin,api,8209,473,5,1,1,1,1,1,3708,695,2644,1163,0,1
6979b305cdc6046d47f26742,2026,Première chambre civile,Publié au Bulletin|Publié aux Lettres de chambre,api,14296,396,7,1,1,1,1,1,4091,4749,3739,1720,0,1
6979b307cdc6046d47f267d3,2026,Première chambre civile,Publié au Bulletin|Publié aux Lettres de chambre,api,6657,514,7,1,1,1,1,1,2498,1195,1753,1214,0,1
6979b30acdc6046d47f268bf,2026,Première chambre civile,Publié au Bulletin|Publié aux Lettres de chambre,api,7797,529,5,1,1,1,1,1,2363,3727,969,739,0,1
6979b30fcdc6046d47f26a00,2026,Chambre commerciale financière et économique,Publié au Bulletin|Publié aux Lettres de chambre,api,36466,917,21,1,1,1,1,1,5012,12643,15990,2838,0,1
6979b311cdc6046d47f26a85,2026,Chambre commerciale financière et économique,Publié au Bulletin,api,9451,315,7,1,1,1,1,1,3139,1438,2594,2283,0,1
6979b314cdc6046d47f26b82,2026,Chambre commerciale financière et économique,Publié au Bulletin,api,12374,444,7,1,1,1,1,1,4710,1769,3554,2344,0,1
6979b319cdc6046d47f26cc8,2026,Chambre commerciale financière et économique,Publié au Bulletin|Publié aux Lettres de chambre,api,49590,532,13,1,1,1,1,1,3185,27970,17524,920,0,1
697b037ccdc6046d471135a3,2026,Troisième chambre civile,Publié au Bulletin,api,6627,305,7,1,1,1,1,1,2757,1703,1410,760,0,1
697b037fcdc6046d4711366b,2026,Troisième chambre civile,Publié au Bulletin,api,6307,373,5,1,1,1,1,1,2448,1190,1611,1059,0,1
697b0381cdc6046d471136ea,2026,Troisième chambre civile,Publié au Bulletin,api,6880,217,5,1,1,1,1,1,3083,1994,1301,503,0,1
697b040bcdc6046d47115f7e,2026,Première chambre civile,Publié au Bulletin,api,7023,426,7,1,1,1,1,1,2479,871,2291,1385,0,1
697b0410cdc6046d47116147,2026,Deuxième chambre civile,Publié au Bulletin|Publié aux Lettres de chambre,api,7045,833,7,1,1,1,1,1,2346,2422,1625,655,0,1
697b0412cdc6046d471161dc,2026,Deuxième chambre civile,Publié au Bulletin,api,8520,458,5,1,1,1,1,1,2281,2378,2710,1152,0,1
697b0415cdc6046d471162f9,2026,Deuxième chambre civile,Publié au Bulletin|Publié aux Lettres de chambre,api,11274,781,7,1,1,1,1,1,2048,3680,3971,1578,0,1
697b0418cdc6046d471163d3,2026,Deuxième chambre civile,Publié au Bulletin|Publié aux Lettres de chambre,api,6980,834,5,1,1,1,1,1,2128,2727,1494,632,0,1
697b041acdc6046d4711649f,2026,Troisième chambre civile,Publié au Bulletin,api,9730,333,5,1,1,1,1,1,2501,2736,3115,1379,0,1
697b041dcdc6046d47116578,2026,Troisième chambre civile,Publié au Bulletin,api,7862,824,5,1,1,1,1,1,2733,1168,2463,1499,0,1
697b041fcdc6046d4711664a,2026,Troisième chambre civile,Publié au Bulletin,api,7555,402,5,1,1,1,1,1,2353,2791,1792,620,0,1
69819392cdc6046d47b685e7,2026,Chambre criminelle,Publié au Bulletin,api,12117,1230,7,1,1,1,1,1,2828,4758,3675,859,0,1
69819395cdc6046d47b686eb,2026,Chambre criminelle,Publié au Bulletin,api,4033,515,7,1,1,1,1,1,1823,914,772,527,0,1
6983560bcdc6046d47e18c99,2026,Première chambre civile,Publié au Bulletin,api,7437,345,6,1,1,1,1,1,3775,49,1958,1657,0,1
6983560ecdc6046d47e18cac,2026,Première chambre civile,Publié au Bulletin|Publié aux Lettres de chambre,api,5695,111,5,1,1,1,1,1,2003,821,1919,953,0,1
69835611cdc6046d47e18d26,2026,Première chambre civile,Publié au Bulletin,api,10504,806,9,1,1,1,1,1,3404,2487,4021,597,0,1
69835613cdc6046d47e18d33,2026,Première chambre civile,Publié au Bulletin,api,7133,1151,5,1,1,1,1,1,2226,2828,1507,573,0,1
69835616cdc6046d47e18d9e,2026,Chambre commerciale financière et économique,Publié au Bulletin|Publié aux Lettres de chambre,api,6259,485,7,1,1,1,1,1,2317,1980,1163,802,0,1
69835618cdc6046d47e18dc1,2026,Chambre commerciale financière et économique,Publié au Bulletin|Publié aux Lettres de chambre,api,10527,1521,5,1,1,1,1,1,2476,1430,5290,1332,0,1
6983561bcdc6046d47e18e11,2026,Chambre commerciale financière et économique,Publié au Bulletin,api,8781,346,5,1,1,1,1,1,2183,4820,1045,734,0,1
6983561dcdc6046d47e18e24,2026,Chambre commerciale financière et économique,Publié au Bulletin,api,4285,351,7,1,1,1,1,1,1951,785,654,898,0,1
6983561fcdc6046d47e18e7a,2026,Chambre commerciale financière et économique,Publié au Bulletin,api,5783,403,5,1,1,1,1,1,2461,1310,600,1413,0,1
69835621cdc6046d47e18e95,2026,Chambre commerciale financière et économique,Publié au Bulletin,api,6075,469,5,1,1,1,1,1,2280,1658,982,1156,0,1
69835624cdc6046d47e18ee9,2026,Chambre commerciale financière et économique,Publié au Bulletin,api,10020,804,5,1,1,1,1,1,4067,2591,1792,1571,0,1
69835627cdc6046d47e18f23,2026,Chambre commerciale financière et économique,Publié au Bulletin,api,4938,287,7,1,1,1,1,1,2280,966,743,952,0,1
69835629cdc6046d47e19443,2026,Chambre sociale,Publié au Bulletin,api,10488,624,7,1,1,1,1,1,2261,2869,4012,1349,0,1
698356fdcdc6046d47e1b04c,2026,Chambre sociale,Publié au Bulletin,api,6777,955,7,1,1,1,1,1,2245,2188,1853,494,0,1
698357f0cdc6046d47e1d254,2026,Chambre criminelle,Publié au Bulletin,api,38501,649,17,1,1,1,1,1,10802,14496,11346,1870,0,1
698357f3cdc6046d47e1d3e8,2026,Chambre criminelle,Publié au Bulletin|Publié aux Lettres de chambre,api,9117,606,7,1,1,1,1,1,2684,3049,2598,789,0,1
698357f6cdc6046d47e1d530,2026,Chambre criminelle,Publié au Bulletin,api,20560,678,9,1,1,1,1,1,3529,7166,9287,583,0,1
69835917cdc6046d47e1f279,2026,Chambre criminelle,Publié au Bulletin|Publié aux Lettres de chambre,api,9425,958,5,1,1,1,1,1,2206,3526,2875,819,0,1
69843caacdc6046d47fb32ee,2026,Deuxième chambre civile,Publié au Bulletin|Publié aux Lettres de chambre,api,7094,606,9,1,1,1,1,1,1803,2845,1876,575,0,1
69843d22cdc6046d47fb461c,2026,Deuxième chambre civile,Publié au Bulletin|Publié aux Lettres de chambre,api,7991,577,7,1,1,1,1,1,1916,2999,2438,641,0,1
69843d24cdc6046d47fb465e,2026,Deuxième chambre civile,Publié au Bulletin|Publié aux Lettres de chambre,api,5019,174,5,1,1,1,1,1,1790,712,1541,977,0,1
69843d27cdc6046d47fb46f5,2026,Deuxième chambre civile,Publié au Bulletin|Publié aux Lettres de chambre,api,5304,160,5,1,1,1,1,1,2408,785,1006,1106,0,1
69843d29cdc6046d47fb474f,2026,Deuxième chambre civile,Publié au Bulletin|Publié aux Lettres de chambre,api,11409,1452,7,1,1,1,1,1,2529,1763,6464,656,0,1
69843d2ccdc6046d47fb4810,2026,Deuxième chambre civile,Publié au Bulletin,api,6510,494,7,1,1,1,1,1,2616,2073,1318,506,0,1
698ad0a7cdc6046d47b65401,2026,Chambre criminelle,Publié au Bulletin,api,13557,1002,7,1,1,1,1,1,2455,6440,4456,209,0,1
698ad0abcdc6046d47b65417,2026,Chambre criminelle,Publié au Bulletin,api,17290,1509,7,1,1,1,1,1,3460,6262,7134,437,0,1
698ad0adcdc6046d47b65460,2026,Chambre criminelle,Publié au Bulletin,api,7707,524,5,1,1,1,1,1,2542,2014,2380,772,0,1
698c3a74cdc6046d47d9ef42,2026,Chambre sociale,Publié au Bulletin|Publié aux Lettres de chambre,api,21152,915,9,1,1,1,1,1,3316,9643,7708,490,0,1
698c3a86cdc6046d47d9f44a,2026,Première chambre civile,Publié au Bulletin|Publié au Rapport,api,9318,783,6,1,1,1,1,1,3946,54,4084,1236,0,1
698c3a89cdc6046d47d9f611,2026,Première chambre civile,Publié au Bulletin,api,6008,530,5,1,1,1,1,1,1908,1730,1370,1001,0,1
698c3a8ccdc6046d47d9f825,2026,Première chambre civile,Publié au Bulletin,api,9014,480,9,1,1,1,1,1,2478,1975,3509,1057,0,1
698c3a8ecdc6046d47d9fa08,2026,Première chambre civile,Publié au Bulletin,api,6151,881,5,1,1,1,1,1,2203,1190,1734,1025,0,1
698c3a92cdc6046d47d9fca0,2026,Chambre commerciale financière et économique,Publié au Bulletin|Publié aux Lettres de chambre,api,16571,1311,13,1,1,1,1,1,3857,3226,6249,3248,0,1
698c3a95cdc6046d47d9fe41,2026,Chambre commerciale financière et économique,Publié au Bulletin,api,5273,178,5,1,1,1,1,1,2802,877,938,657,0,1
698c3a98cdc6046d47d9ff7f,2026,Chambre commerciale financière et économique,Publié au Bulletin,api,10402,300,7,1,1,1,1,1,2826,2327,3930,1322,0,1
698c3a9bcdc6046d47da0076,2026,Chambre commerciale financière et économique,Publié au Bulletin,api,9554,382,9,1,1,1,1,1,2770,4404,1653,732,0,1
698c3a9ecdc6046d47da014b,2026,Chambre commerciale financière et économique,Publié au Bulletin,api,11935,904,5,1,1,1,1,1,3917,1296,5381,1342,0,1
698c3aa2cdc6046d47da0231,2026,Chambre commerciale financière et économique,Publié au Bulletin,api,7941,166,5,1,1,1,1,1,3866,1035,1565,1476,0,1
698c3aa6cdc6046d47da037d,2026,Chambre sociale,Publié au Bulletin|Publié aux Lettres de chambre,api,9358,3220,7,1,1,1,1,1,2904,2133,3836,488,0,1
698c3aa9cdc6046d47da0465,2026,Chambre sociale,Publié au Bulletin|Publié au Rapport|Publié aux Lettres de chambre,api,12480,4142,7,1,1,1,1,1,2974,1697,6524,1288,0,1
698c3aaccdc6046d47da052b,2026,Chambre sociale,Publié au Bulletin,api,8484,1308,7,1,1,1,1,1,2613,1567,2943,1364,0,1
698c3ab2cdc6046d47da06fd,2026,Chambre sociale,Publié au Bulletin|Publié aux Lettres de chambre,api,22425,1271,9,1,1,1,1,1,6166,4577,10625,1062,0,1
698d7b48cdc6046d47fedd14,2026,Deuxième chambre civile,Publié au Bulletin|Publié aux Lettres de chambre,api,6016,773,5,1,1,1,1,1,2225,763,1730,1299,0,1
698d7c8fcdc6046d47ff3e78,2026,Deuxième chambre civile,Publié au Bulletin|Publié aux Lettres de chambre,api,5956,765,5,1,1,1,1,1,2146,1086,1385,1340,0,1
698d7c91cdc6046d47ff3f59,2026,Deuxième chambre civile,Publié au Bulletin|Publié aux Lettres de chambre,api,7828,632,7,1,1,1,1,1,2194,2473,2543,621,0,1
698d7c94cdc6046d47ff4054,2026,Deuxième chambre civile,Publié au Bulletin|Publié aux Lettres de chambre,regles,11941,702,3,1,1,1,0,1,1066,8790,0,596,1,1
698d7c9acdc6046d47ff4260,2026,Troisième chambre civile,Publié au Bulletin,api,7963,791,5,1,1,1,1,1,2843,1468,2584,1069,0,1
698d7c9dcdc6046d47ff435f,2026,Troisième chambre civile,Publié au Bulletin,api,10499,856,5,1,1,1,1,1,2703,3599,3687,511,0,1
698d7ca0cdc6046d47ff4483,2026,Troisième chambre civile,Publié au Bulletin,api,6454,475,5,1,1,1,1,1,2794,1300,1701,660,0,1
698ec190cdc6046d4728aa34,2026,Chambre criminelle,Publié au Bulletin,api,9618,1686,5,1,1,1,1,1,2293,1647,4710,969,0,1
69940982cdc6046d47a6e232,2026,Chambre criminelle,Publié au Bulletin,api,9961,378,9,1,1,1,1,1,2435,4354,2962,215,0,1
69940985cdc6046d47a6e27a,2026,Chambre criminelle,Publié au Bulletin,api,6905,276,7,1,1,1,1,1,2033,3114,1548,213,0,1
69940988cdc6046d47a6e292,2026,Chambre criminelle,Publié au Bulletin,api,11758,887,7,1,1,1,1,1,2559,3724,4364,1114,0,1
69955ec3cdc6046d47c7ecb1,2026,Chambre commerciale financière et économique,Publié au Bulletin|Publié aux Lettres de chambre,api,9467,366,5,1,1,1,1,1,3017,4317,1444,690,0,1
69955ec5cdc6046d47c7ecc3,2026,Chambre commerciale financière et économique,Publié au Bulletin,api,3640,220,3,1,1,0,1,1,2086,0,854,700,0,1
69955ec8cdc6046d47c7ed06,2026,Chambre sociale,Publié au Bulletin|Publié aux Lettres de chambre,api,7676,1034,5,1,1,1,1,1,2753,1740,2649,535,0,1
69955ecbcdc6046d47c7ed20,2026,Chambre sociale,Publié au Bulletin|Publié aux Lettres de chambre,api,10708,594,5,1,1,1,1,1,2719,3214,3644,1132,0,1
69955ecfcdc6046d47c7ed6d,2026,Chambre sociale,Publié au Bulletin|Publié aux Lettres de chambre,api,15112,250,11,1,1,1,1,1,2158,5461,5270,2230,0,1
69955ed2cdc6046d47c7edb4,2026,Chambre sociale,Publié au Bulletin,api,17903,983,11,1,1,1,1,1,2990,7910,6509,501,0,1
69955fafcdc6046d47c801d2,2026,Chambre criminelle,Publié au Bulletin|Publié aux Lettres de chambre,api,4298,311,3,1,1,0,1,1,2541,0,1400,357,0,1
69955fb3cdc6046d47c80429,2026,Chambre criminelle,Publié au Bulletin,api,16591,105,5,1,1,1,1,1,2971,8111,4666,844,0,1
69955fefcdc6046d47c80ac0,2026,Chambre criminelle,Publié au Bulletin,api,6977,474,9,1,1,1,1,1,2635,2487,1647,213,0,1
69955ff2cdc6046d47c80ad7,2026,Chambre criminelle,Publié au Bulletin|Publié aux Lettres de chambre,api,13181,453,11,1,1,1,1,1,3443,4450,4446,849,0,1
69955ff5cdc6046d47c80bbd,2026,Chambre criminelle,Publié au Bulletin|Publié aux Lettres de chambre,api,6990,369,7,1,1,1,1,1,2388,1392,2998,215,0,1
6996b61dcdc6046d47eba393,2026,Première chambre civile,Publié au Bulletin|Publié aux Lettres de chambre,api,7003,932,7,1,1,1,1,1,3107,1873,1481,545,0,1
6996b626cdc6046d47eba43e,2026,Première chambre civile,Publié au Bulletin|Publié aux Lettres de chambre,api,5523,272,5,1,1,1,1,1,2282,1113,1185,944,0,1
6996b628cdc6046d47eba488,2026,Deuxième chambre civile,Publié au Bulletin|Publié aux Lettres de chambre,api,5735,522,5,1,1,1,1,1,2086,889,1486,1275,0,1
6996b62bcdc6046d47eba4a0,2026,Deuxième chambre civile,Publié au Bulletin|Publié aux Lettres de chambre,api,6108,1024,7,1,1,1,1,1,2366,735,2222,788,0,1
6996b62ecdc6046d47eba4e5,2026,Deuxième chambre civile,Publié au Bulletin|Publié aux Lettres de chambre,api,13383,284,9,1,1,1,1,1,2317,5326,5203,542,0,1
6996b633cdc6046d47eba541,2026,Deuxième chambre civile,Publié au Bulletin|Publié aux Lettres de chambre,api,8178,776,5,1,1,1,1,1,2022,1300,3715,1142,0,1
6996b639cdc6046d47eba5a1,2026,Deuxième chambre civile,Publié au Bulletin|Publié aux Lettres de chambre,regles,3174,464,2,1,0,1,0,1,0,2778,0,396,1,1
6996b63ccdc6046d47eba5f0,2026,Troisième chambre civile,Publié au Bulletin,api,10556,560,7,1,1,1,1,1,3258,2616,3417,1268,0,1
69a691fbcdc6046d475533af,2026,Chambre criminelle,Publié au Bulletin,api,9047,289,7,1,1,1,1,1,1898,2903,3479,770,0,1
69a691fecdc6046d475533c3,2026,Chambre criminelle,Publié au Bulletin,api,10914,860,5,1,1,1,1,1,2373,3990,3789,763,0,1
69a69202cdc6046d47553431,2026,Chambre criminelle,Publié au Bulletin,api,22462,495,11,1,1,1,1,1,1971,9389,10195,914,0,1
69a69203cdc6046d47553458,2026,Chambre criminelle,Publié au Bulletin,api,3314,341,3,1,1,0,1,1,1290,0,1803,221,0,1
69a69206cdc6046d475534b7,2026,Chambre criminelle,Publié au Bulletin,api,7350,236,5,1,1,1,1,1,2169,2537,2438,207,0,1
69a7e38ecdc6046d4773ecbf,2026,Chambre criminelle,Publié au Bulletin|Publié aux Lettres de chambre,api,9274,436,9,1,1,1,1,1,2364,2132,3809,974,0,1
69a7e390cdc6046d4773ed5f,2026,Chambre criminelle,Publié au Bulletin,api,5013,207,5,1,1,1,1,1,2034,1629,1143,208,0,1
69a7e393cdc6046d4773edda,2026,Chambre criminelle,Publié au Bulletin|Publié aux Lettres de chambre,api,12611,437,9,1,1,1,1,1,3483,7021,1731,381,0,1
69a7e417cdc6046d4774103d,2026,Première chambre civile,Publié au Bulletin|Publié aux Lettres de chambre,api,7433,294,4,1,1,1,0,1,2477,3848,0,1109,0,1
69a7e41acdc6046d47741109,2026,Première chambre civile,Publié au Bulletin,api,10283,790,9,1,1,1,1,1,2557,3778,3545,408,0,1
69a7e41ccdc6046d477411bd,2026,Première chambre civile,Publié au Bulletin,api,7650,291,7,1,1,1,1,1,2520,3040,1384,709,0,1
69a7e41fcdc6046d47741278,2026,Chambre commerciale financière et économique,Publié au Bulletin|Publié aux Lettres de chambre,api,8943,425,7,1,1,1,1,1,2417,3047,2433,1049,0,1
69a7e422cdc6046d4774136a,2026,Chambre commerciale financière et économique,Publié au Bulletin|Publié aux Lettres de chambre,api,11631,541,5,1,1,1,1,1,3334,5129,2460,709,0,1
69a7e425cdc6046d47741429,2026,Chambre commerciale financière et économique,Publié au Bulletin,api,6137,473,4,1,1,0,1,1,3190,0,1829,1119,0,1
69a7e428cdc6046d4774150c,2026,Chambre commerciale financière et économique,Publié au Bulletin,api,9529,1039,7,1,1,1,1,1,3830,2817,2118,767,0,1
69a7e42bcdc6046d477415fd,2026,Chambre commerciale financière et économique,Publié au Bulletin,api,5675,296,6,1,1,1,1,1,2869,54,1156,1598,0,1
69a7e42dcdc6046d477416a7,2026,Chambre commerciale financière et économique,Publié au Bulletin,api,6569,424,5,1,1,1,1,1,2819,2100,1097,554,0,1
69a7e430cdc6046d47741792,2026,Chambre sociale,Publié au Bulletin,api,6283,623,5,1,1,1,1,1,2643,1587,1561,493,0,1
69a7e435cdc6046d477418e8,2026,Chambre sociale,Publié au Bulletin,api,18255,1243,7,1,1,1,1,1,2196,6168,8792,1102,0,1
69a7e438cdc6046d477419e6,2026,Chambre sociale,Publié au Bulletin,api,21527,376,9,1,1,1,1,1,4341,12291,4194,706,0,1
69a94d2fcdc6046d47939d92,2026,Chambre criminelle,Publié au Bulletin|Publié aux Lettres de chambre,api,18718,738,11,1,1,1,1,1,2085,5689,8099,2852,0,1
69a94d34cdc6046d47939e84,2026,Chambre criminelle,Publié au Bulletin|Publié aux Lettres de chambre,api,4303,724,4,1,1,0,1,1,1562,0,1848,894,0,1
69a94f95cdc6046d4794395f,2026,Première chambre civile,Publié au Bulletin,api,12610,467,9,1,1,1,1,1,2269,4182,4257,1907,0,1
69a94f98cdc6046d47943aae,2026,Deuxième chambre civile,Publié au Bulletin|Publié aux Lettres de chambre,api,9330,941,5,1,1,1,1,1,2972,3878,1867,614,0,1
69a94f9acdc6046d47943bc9,2026,Deuxième chambre civile,Publié au Bulletin|Publié aux Lettres de chambre,api,6208,1177,5,1,1,1,1,1,2286,1731,1689,503,0,1
69a94f9dcdc6046d47943cb1,2026,Deuxième chambre civile,Publié au Bulletin|Publié aux Lettres de chambre,api,8832,858,7,1,1,1,1,1,2605,2215,2568,1447,0,1
69a94fa0cdc6046d47943e02,2026,Deuxième chambre civile,Publié au Bulletin|Publié aux Lettres de chambre,api,8488,444,9,1,1,1,1,1,2923,2365,2665,540,0,1
69a94fa3cdc6046d47943f07,2026,Deuxième chambre civile,Publié au Bulletin|Publié aux Lettres de chambre,api,6494,437,5,1,1,1,1,1,2904,1174,1214,1203,0,1
69a94fa6cdc6046d47944021,2026,Deuxième chambre civile,Publié au Bulletin|Publié aux Lettres de chambre,api,8771,1472,7,1,1,1,1,1,2576,1190,4564,444,0,1
69a94fa9cdc6046d4794411c,2026,Deuxième chambre civile,Publié au Bulletin|Publié aux Lettres de chambre,api,7730,213,4,1,1,1,1,1,674,558,5646,852,0,1
69a94fabcdc6046d47944243,2026,Troisième chambre civile,Publié au Bulletin,api,7285,434,5,1,1,1,1,1,2583,1374,2281,1048,0,1
69a94faecdc6046d47944386,2026,Troisième chambre civile,Publié au Bulletin,api,11879,463,7,1,1,1,1,1,3196,2597,4576,1513,0,1
69a94fb1cdc6046d47944497,2026,Troisième chambre civile,Publié au Bulletin,api,9403,464,9,1,1,1,1,1,3694,2439,2739,536,0,1
69a94fb4cdc6046d479445e3,2026,Troisième chambre civile,Publié au Bulletin,api,6990,265,7,1,1,1,1,1,2963,1407,1940,683,0,1
69b10e7fcdc6046d473d3f9a,2026,Première chambre civile,Publié au Bulletin|Publié aux Lettres de chambre,api,13845,1582,7,1,1,1,1,1,2140,2921,8171,616,0,1
69b10e82cdc6046d473d3ffe,2026,Première chambre civile,Publié au Bulletin|Publié aux Lettres de chambre,api,8736,1444,5,1,1,1,1,1,2998,2814,2298,627,0,1
69b10e86cdc6046d473d40e7,2026,Première chambre civile,Publié au Bulletin,api,18916,2128,5,1,1,1,1,1,2667,9595,4986,1669,0,1
69b10e89cdc6046d473d4190,2026,Première chambre civile,Publié au Bulletin,api,7443,1048,6,1,1,1,1,1,2860,129,3342,1114,0,1
69b10e8ccdc6046d473d41fb,2026,Chambre commerciale financière et économique,Publié au Bulletin|Publié aux Lettres de chambre,api,8313,289,5,1,1,1,1,1,3346,1462,2299,1207,0,1
69b10e8fcdc6046d473d42ac,2026,Chambre commerciale financière et économique,Publié au Bulletin,api,10259,1351,9,1,1,1,1,1,2351,2514,4118,1281,0,1
69b10e92cdc6046d473d4328,2026,Chambre commerciale financière et économique,Publié au Bulletin,api,6791,410,5,1,1,1,1,1,3004,2110,1009,669,0,1
69b10e95cdc6046d473d43c6,2026,Chambre commerciale financière et économique,Publié au Bulletin,api,9170,447,7,1,1,1,1,1,3461,2422,1450,1840,0,1
69b10e9acdc6046d473d44b2,2026,Chambre commerciale financière et économique,Publié au Bulletin,api,18564,873,11,1,1,1,1,1,4799,4613,7633,1526,0,1
69b10e9ccdc6046d473d44fd,2026,Chambre commerciale financière et économique,Publié au Bulletin,api,5271,1084,4,1,1,0,1,1,2750,0,1414,1108,0,1
69b10e9fcdc6046d473d4587,2026,Chambre sociale,Publié au Bulletin,api,9328,530,7,1,1,1,1,1,2335,3490,3021,485,0,1
69b10ea2cdc6046d473d4610,2026,Chambre sociale,Publié au Bulletin,api,10248,268,9,1,1,1,1,1,2673,2785,3395,1400,0,1
69b11202cdc6046d473db10c,2026,Chambre criminelle,Publié au Bulletin|Publié aux Lettres de chambre,api,8265,673,7,1,1,1,1,1,2291,1472,3464,1041,0,1
69b2659fcdc6046d47619492,2026,Deuxième chambre civile,Publié au Bulletin|Publié aux Lettres de chambre,api,9657,1069,5,1,1,1,1,1,2069,3041,3935,613,0,1
69b265a2cdc6046d476194dd,2026,Deuxième chambre civile,Publié au Bulletin|Publié aux Lettres de chambre,api,7370,418,5,1,1,1,1,1,2567,1246,2373,1185,0,1
69b265a4cdc6046d476194f5,2026,Deuxième chambre civile,Publié au Bulletin|Publié aux Lettres de chambre,api,5742,159,7,1,1,1,1,1,1963,2303,973,506,0,1
69b265a8cdc6046d4761953f,2026,Deuxième chambre civile,Publié au Bulletin|Publié aux Lettres de chambre,api,12314,265,9,1,1,1,1,1,2610,4555,3266,1888,0,1
69b265aacdc6046d4761958b,2026,Deuxième chambre civile,Publié au Bulletin|Publié aux Lettres de chambre,api,7165,397,5,1,1,1,1,1,2312,1836,1862,1156,0,1
69b265aecdc6046d476195a6,2026,Deuxième chambre civile,Publié au Bulletin|Publié aux Lettres de chambre,api,10532,325,7,1,1,1,1,1,2394,2702,3598,1841,0,1
69b265b1cdc6046d476195ed,2026,Deuxième chambre civile,Publié au Bulletin|Publié aux Lettres de chambre,api,8259,722,4,1,1,0,1,1,2316,0,4874,1070,0,1
69b265b6cdc6046d47619645,2026,Deuxième chambre civile,Publié au Bulletin|Publié aux Lettres de chambre,api,17207,389,7,1,1,1,1,1,10410,1826,2462,2512,0,1
69b265bfcdc6046d47619713,2026,Troisième chambre civile,Publié au Bulletin,api,13161,369,7,1,1,1,1,1,4853,2927,3783,1601,0,1
69b265c3cdc6046d4761972d,2026,Troisième chambre civile,Publié au Bulletin,api,10683,698,5,1,1,1,1,1,5474,1131,2312,1767,0,1
69b265c6cdc6046d47619781,2026,Chambre commerciale financière et économique,Publié au Bulletin,api,14489,879,9,1,1,1,1,1,3182,2510,7447,1355,0,1
69b8f33fcdc6046d47f03653,2026,Chambre criminelle,Publié au Bulletin,api,5840,1128,4,1,1,0,1,1,1469,0,4146,226,0,1
69b8f342cdc6046d47f036ac,2026,Chambre criminelle,Publié au Bulletin|Publié aux Lettres de chambre,regles,5928,526,3,1,1,1,0,1,414,3961,0,216,0,1
69b8f345cdc6046d47f036df,2026,Chambre criminelle,Publié au Bulletin,api,15212,710,7,1,1,1,1,1,9472,4074,1447,222,0,1
69ba4cb3cdc6046d470ec03f,2026,Chambre criminelle,Publié au Bulletin|Publié aux Lettres de chambre,api,16493,466,5,1,1,1,1,1,1767,6764,4623,3340,0,1
69ba4cb6cdc6046d470ec088,2026,Chambre criminelle,Publié au Bulletin|Publié aux Lettres de chambre,api,8363,373,9,1,1,1,1,1,2275,3040,2267,786,0,1
69ba4cb8cdc6046d470ec0a5,2026,Chambre criminelle,Publié au Bulletin,api,7260,222,7,1,1,1,1,1,2538,2037,2371,317,0,1
69bad34fcdc6046d471a5cc0,2026,Chambre sociale,Publié au Bulletin|Publié aux Lettres de chambre,api,22598,3268,7,1,1,1,1,1,2656,7756,11548,641,0,1
69bad352cdc6046d471a5d10,2026,Chambre sociale,Publié au Bulletin,api,12140,901,7,1,1,1,1,1,4344,2242,5066,491,0,1
69bad355cdc6046d471a5d60,2026,Chambre sociale,Publié au Bulletin,api,13804,615,9,1,1,1,1,1,3013,3716,6590,490,0,1
69bad358cdc6046d471a5d7d,2026,Chambre sociale,Publié au Bulletin,api,9742,429,7,1,1,1,1,1,4215,2443,2397,690,0,1
69bad35ccdc6046d471a5dc6,2026,Chambre sociale,Publié au Bulletin,api,17855,659,9,1,1,1,1,1,3682,6927,6631,620,0,1
69bad35fcdc6046d471a5e14,2026,Chambre sociale,Publié au Bulletin,api,11472,202,5,1,1,1,1,1,3070,2667,4612,1124,0,1
69bad363cdc6046d471a5e53,2026,Chambre sociale,Publié au Bulletin,api,18679,829,9,1,1,1,1,1,3554,10346,4150,634,0,1
69bad36acdc6046d471a5f1b,2026,Chambre sociale,Publié au Bulletin,api,27814,1273,7,1,1,1,1,1,7920,14796,4400,701,0,1
69bad36ecdc6046d471a5f8b,2026,Chambre sociale,Publié au Bulletin|Publié aux Lettres de chambre,api,16080,498,11,1,1,1,1,1,2208,5779,6926,1174,0,1
69bad371cdc6046d471a5fba,2026,Chambre sociale,Publié au Bulletin|Publié aux Lettres de chambre,api,12259,492,7,1,1,1,1,1,3373,3454,4057,1378,0,1
69bad374cdc6046d471a6011,2026,Chambre sociale,Publié au Bulletin|Publié aux Lettres de chambre,api,8348,1542,5,1,1,1,1,1,2253,1737,3082,1277,0,1
69bad378cdc6046d471a605a,2026,Chambre sociale,Publié au Bulletin,api,12569,3176,7,1,1,1,1,1,4362,4125,3551,534,0,1
69bad37bcdc6046d471a6076,2026,Chambre sociale,Publié au Bulletin|Publié aux Lettres de chambre,api,13806,793,9,1,1,1,1,1,3038,3154,6326,1293,0,1
69bad37ecdc6046d471a60c8,2026,Chambre sociale,Publié au Bulletin,api,5589,791,5,1,1,1,1,1,2184,1326,1543,537,0,1
69bad384cdc6046d471a6127,2026,Chambre commerciale financière et économique,Publié au Bulletin|Publié aux Lettres de chambre,api,17207,623,9,1,1,1,1,1,3440,4219,7710,1843,0,1
69bad387cdc6046d471a619a,2026,Première chambre civile,Publié au Bulletin|Publié aux Lettres de chambre,api,16898,1035,11,1,1,1,1,1,3979,3896,8338,692,0,1
69bad38acdc6046d471a61b8,2026,Première chambre civile,Publié au Bulletin|Publié aux Lettres de chambre,api,7418,980,5,1,1,1,1,1,3044,977,2215,1183,0,1
69bb9d5ecdc6046d472ce336,2026,Chambre criminelle,Publié au Bulletin,api,5986,572,5,1,1,1,1,1,2432,1235,2109,211,0,1
69bba091cdc6046d472d6a13,2026,Troisième chambre civile,Publié au Bulletin,api,20174,466,13,1,1,1,1,1,4676,9828,5042,637,0,1
69bba094cdc6046d472d6a63,2026,Troisième chambre civile,Publié au Bulletin,api,6943,386,4,1,1,0,1,1,2761,0,3016,1167,0,1
69bba097cdc6046d472d6ae8,2026,Troisième chambre civile,Publié au Bulletin,api,5407,331,4,1,1,1,0,1,2471,1784,0,1153,0,1
69bba0a8cdc6046d472d6c0d,2026,Deuxième chambre civile,Publié au Bulletin|Publié aux Lettres de chambre,api,9324,617,7,1,1,1,1,1,1879,2570,4336,542,0,1
69c22e97cdc6046d47bcc67b,2026,Chambre criminelle,Publié au Bulletin,api,4805,359,5,1,1,1,1,1,2127,905,918,856,0,1
69c22e9acdc6046d47bcc696,2026,Chambre criminelle,Publié au Bulletin,api,4909,541,5,1,1,1,1,1,2124,569,1514,703,0,1
69c3883acdc6046d47dcc346,2026,Chambre sociale,Publié au Bulletin|Publié aux Lettres de chambre,regles,7594,592,3,1,1,1,0,1,724,3877,0,1224,0,1
69c3883ecdc6046d47dcc39b,2026,Chambre sociale,Publié au Bulletin|Publié aux Lettres de chambre,api,11248,773,7,1,1,1,1,1,2483,3997,3440,1331,0,1
69c38841cdc6046d47dcc3b9,2026,Chambre sociale,Publié au Bulletin,api,15027,940,7,1,1,1,1,1,4553,2654,7285,538,0,1
69c38844cdc6046d47dcc414,2026,Chambre sociale,Publié au Bulletin,api,8670,343,7,1,1,1,1,1,2672,3380,2128,493,0,1
69c38847cdc6046d47dcc451,2026,Chambre sociale,Publié au Bulletin|Publié aux Lettres de chambre,api,8247,297,9,1,1,1,1,1,2148,1933,2921,1250,0,1
69c3884acdc6046d47dcc492,2026,Chambre sociale,Publié au Bulletin|Publié aux Lettres de chambre,api,5730,245,5,1,1,1,1,1,2280,1111,1197,1143,0,1
69c3884ccdc6046d47dcc4df,2026,Chambre sociale,Publié au Bulletin|Publié aux Lettres de chambre,api,6638,830,5,1,1,1,1,1,2406,1332,1564,1337,0,1
69c3884fcdc6046d47dcc4fe,2026,Chambre commerciale financière et économique,Publié au Bulletin,api,5498,377,7,1,1,1,1,1,2143,1611,1209,538,0,1
69c38852cdc6046d47dcc54e,2026,Chambre commerciale financière et économique,Publié au Bulletin|Publié aux Lettres de chambre,api,5891,390,5,1,1,1,1,1,2522,841,1418,1111,0,1
69c38854cdc6046d47dcc570,2026,Chambre commerciale financière et économique,Publié au Bulletin,api,7090,668,5,1,1,1,1,1,2349,2640,1467,635,0,1
69c38857cdc6046d47dcc5be,2026,Chambre commerciale financière et économique,Publié au Bulletin,api,6980,312,5,1,1,1,1,1,3671,1422,841,1047,0,1
69c3885bcdc6046d47dcc5f5,2026,Chambre commerciale financière et économique,Publié au Bulletin,api,16146,165,7,1,1,1,1,1,5326,8288,1895,640,0,1
69c3885ecdc6046d47dcc643,2026,Première chambre civile,Publié au Bulletin,api,12118,1201,9,1,1,1,1,1,2776,3169,5558,620,0,1
69c38861cdc6046d47dcc694,2026,Première chambre civile,Publié au Bulletin|Publié au Rapport|Publié aux Lettres de chambre,api,12713,552,9,1,1,1,1,1,2431,3263,5733,1291,0,1
69c38864cdc6046d47dcc6b3,2026,Première chambre civile,Publié au Bulletin|Publié au Rapport|Publié aux Lettres de chambre,api,7837,552,9,1,1,1,1,1,2676,2159,2403,604,0,1
69c38867cdc6046d47dcc6fc,2026,Première chambre civile,Publié au Bulletin|Publié aux Lettres de chambre,api,5820,253,5,1,1,1,1,1,2447,730,1719,925,0,1
69c3886acdc6046d47dcc74c,2026,Première chambre civile,Publié au Bulletin,api,7398,600,9,1,1,1,1,1,2331,2163,2510,399,0,1
69c3886dcdc6046d47dcc76b,2026,Première chambre civile,Publié au Bulletin|Publié au Rapport|Publié aux Lettres de chambre,api,9788,176,7,1,1,1,1,1,2583,1648,4514,1046,0,1
69c4dd1ccdc6046d4701a1bb,2026,Première chambre civile,Publié au Bulletin|Publié aux Lettres de chambre,api,6379,339,5,1,1,1,1,1,2218,1552,1651,959,0,1
69c4dd1fcdc6046d4701a2c6,2026,Première chambre civile,Publié au Bulletin,api,4802,339,5,1,1,1,1,1,1950,1128,772,953,0,1
69c4dd22cdc6046d4701a30c,2026,Première chambre civile,Publié au Bulletin|Publié aux Lettres de chambre,api,8648,812,5,1,1,1,1,1,2271,2005,3399,974,0,1
69c4dd27cdc6046d4701a38e,2026,Deuxième chambre civile,Publié au Bulletin|Publié aux Lettres de chambre,api,26119,2641,11,1,1,1,1,1,3371,4718,16916,1121,0,1
69c4dd2acdc6046d4701a3aa,2026,Deuxième chambre civile,Publié au Bulletin|Publié aux Lettres de chambre,api,5564,553,7,1,1,1,1,1,2430,1142,1377,618,0,1
69c4dd2dcdc6046d4701a3f5,2026,Deuxième chambre civile,Publié au Bulletin|Publié aux Lettres de chambre,api,4890,164,5,1,1,1,1,1,2590,839,769,693,0,1
69c4dd30cdc6046d4701a412,2026,Deuxième chambre civile,Publié au Bulletin|Publié aux Lettres de chambre,api,10391,1058,7,1,1,1,1,1,2560,3797,3355,682,0,1
69c4dd33cdc6046d4701a467,2026,Deuxième chambre civile,Publié au Bulletin|Publié aux Lettres de chambre,api,14480,620,7,1,1,1,1,1,2903,7230,3828,522,0,1
69c4dd36cdc6046d4701a49c,2026,Deuxième chambre civile,Publié au Bulletin,api,6609,444,5,1,1,1,1,1,1860,1536,2142,1072,0,1
69c4dd39cdc6046d4701a4e8,2026,Deuxième chambre civile,Publié au Bulletin|Publié aux Lettres de chambre,api,5783,407,5,1,1,1,1,1,1882,1284,1570,1048,0,1
69c4dd3ccdc6046d4701a53f,2026,Troisième chambre civile,Publié au Bulletin,api,7227,727,7,1,1,1,1,1,2945,1863,1909,513,0,1
69c4dd3fcdc6046d4701a55b,2026,Troisième chambre civile,Publié au Bulletin,api,10234,614,7,1,1,1,1,1,3522,2599,3446,670,0,1
69c53041cdc6046d470977b3,2026,Chambre criminelle,Publié au Bulletin|Publié aux Lettres de chambre,api,9804,620,5,1,1,1,1,1,1912,1194,3456,3243,0,1
69c53044cdc6046d47097843,2026,Chambre criminelle,Publié au Bulletin|Publié aux Lettres de chambre,api,5599,276,7,1,1,1,1,1,2163,1676,1551,212,0,1
69c53046cdc6046d4709788e,2026,Chambre criminelle,Publié au Bulletin|Publié aux Lettres de chambre,api,5489,402,7,1,1,1,1,1,2521,1174,1449,348,0,1
69c5304acdc6046d4709791d,2026,Chambre criminelle,Publié au Bulletin|Publié aux Lettres de chambre,api,14456,1151,7,1,1,1,1,1,1772,3352,8364,971,0,1
69c62518cdc6046d4721838a,2026,Chambre mixte,Publié au Bulletin|Publié au Rapport,api,15170,1654,9,1,1,1,1,1,5089,3994,4519,1573,0,1
69ccb19dcdc6046d47b34b27,2026,Chambre sociale,Publié au Bulletin,api,6369,587,5,1,1,1,1,1,3128,1101,1190,951,0,1
69ccb1a0cdc6046d47b34b41,2026,Chambre commerciale financière et économique,Publié au Bulletin,api,5938,280,5,1,1,1,1,1,2318,950,1647,1024,0,1
69ccb1a3cdc6046d47b34b81,2026,Chambre commerciale financière et économique,Publié au Bulletin,api,7516,584,5,1,1,1,1,1,2984,2866,1131,536,0,1
69ccb1a6cdc6046d47b34b9d,2026,Chambre commerciale financière et économique,Publié au Bulletin,api,12336,732,7,1,1,1,1,1,4069,4270,3202,798,0,1
69ccb1a9cdc6046d47b34be8,2026,Chambre commerciale financière et économique,Publié au Bulletin,api,8642,949,5,1,1,1,1,1,3823,1479,1763,1578,0,1
69ccb1accdc6046d47b34c2c,2026,Chambre commerciale financière et économique,Publié au Bulletin|Publié aux Lettres de chambre,api,8539,564,7,1,1,1,1,1,2579,1596,2947,1420,0,1
69ccb1b0cdc6046d47b34c48,2026,Chambre commerciale financière et économique,Publié au Bulletin|Publié aux Lettres de chambre,api,11707,263,9,1,1,1,1,1,2959,2970,5035,748,0,1
69ccb43ecdc6046d47b38130,2026,Chambre criminelle,Publié au Bulletin|Publié aux Lettres de chambre,api,14373,1199,9,1,1,1,1,1,3657,3113,7398,210,0,1
69ccfb18cdc6046d47b93bac,2026,Chambre commerciale financière et économique,Publié au Bulletin,api,8535,737,7,1,1,1,1,1,2925,3124,1694,795,0,1
69ce0647cdc6046d47d3638b,2026,Troisième chambre civile,Publié au Bulletin,api,5335,383,7,1,1,1,1,1,2509,1332,883,614,0,1
69ce064acdc6046d47d363a6,2026,Troisième chambre civile,Publié au Bulletin,api,6264,448,7,1,1,1,1,1,2775,1454,1333,705,0,1
69ce064dcdc6046d47d363e9,2026,Troisième chambre civile,Publié au Bulletin,api,10823,328,9,1,1,1,1,1,3237,4051,2899,641,0,1
69ce0650cdc6046d47d36446,2026,Deuxième chambre civile,Publié au Bulletin,api,7662,912,5,1,1,1,1,1,2373,814,3121,1355,0,1
69ce0653cdc6046d47d36464,2026,Deuxième chambre civile,Publié au Bulletin|Publié aux Lettres de chambre,api,5000,314,7,1,1,1,1,1,2189,1228,725,861,0,1
69ce0655cdc6046d47d364ab,2026,Deuxième chambre civile,Publié au Bulletin,api,6570,190,7,1,1,1,1,1,1901,1502,1851,1319,0,1
69ce0658cdc6046d47d364be,2026,Deuxième chambre civile,Publié au Bulletin,api,9153,380,5,1,1,1,1,1,2834,1176,3613,1531,0,1
69ce065ccdc6046d47d3650e,2026,Deuxième chambre civile,Publié au Bulletin,api,11490,1172,6,1,1,1,1,1,3234,52,6589,1617,0,1
69cf543ecdc6046d47f2bb39,2026,Chambre criminelle,Publié au Bulletin,api,10012,1349,5,1,1,1,1,1,3043,2292,4275,403,0,1
69d5e5b4cdc6046d477b5bba,2026,Chambre criminelle,Publié au Bulletin,api,8851,918,5,1,1,1,1,1,2249,2596,2978,1029,0,1
69d5e5b7cdc6046d477b5cd6,2026,Chambre criminelle,Publié au Bulletin,api,10455,661,9,1,1,1,1,1,2233,3535,3480,1212,0,1
69d5e5bccdc6046d477b5e6c,2026,Chambre criminelle,Publié au Bulletin,api,24589,515,15,1,1,1,1,1,3129,11436,8713,1322,0,1
69d5e5becdc6046d477b5f0e,2026,Chambre criminelle,Publié au Bulletin,api,5347,463,5,1,1,1,1,1,2018,908,1550,872,0,1
69d5e5c1cdc6046d477b5f35,2026,Chambre criminelle,Publié au Bulletin,api,7816,1047,5,1,1,1,1,1,3127,2337,1967,386,0,1
69d74269cdc6046d479c53de,2026,Chambre criminelle,Publié au Bulletin,api,4908,454,7,1,1,1,1,1,2301,1286,1117,207,0,1
69d7426ccdc6046d479c5425,2026,Chambre criminelle,Publié au Bulletin|Publié aux Lettres de chambre,api,9871,785,9,1,1,1,1,1,3363,2265,3131,1117,0,1
69d74417cdc6046d479c81a3,2026,Chambre sociale,Publié au Bulletin,api,5227,757,7,1,1,1,1,1,2152,1254,1207,617,0,1
69d7441acdc6046d479c81eb,2026,Troisième chambre civile,Publié au Bulletin,api,4924,420,7,1,1,1,1,1,2399,972,715,841,0,1
69d7441dcdc6046d479c8209,2026,Troisième chambre civile,Publié au Bulletin,api,8575,413,7,1,1,1,1,1,4515,1152,2278,633,0,1
69d74420cdc6046d479c8259,2026,Troisième chambre civile,Publié au Bulletin,api,8213,409,7,1,1,1,1,1,3114,2629,1976,497,0,1
69d74423cdc6046d479c82a2,2026,Troisième chambre civile,Publié au Bulletin,api,7799,286,5,1,1,1,1,1,2829,1685,2641,645,0,1
69d74426cdc6046d479c82d0,2026,Première chambre civile,Publié au Bulletin,api,6576,386,4,1,1,0,1,1,3916,0,1887,774,0,1
69d74429cdc6046d479c8334,2026,Première chambre civile,Publié au Bulletin,api,13686,1222,3,1,1,0,1,1,1878,0,11007,801,0,1
69d887f3cdc6046d47ba1ef9,2026,Chambre criminelle,Publié au Bulletin,api,6588,915,7,1,1,1,1,1,2022,2208,2154,207,0,1
69d8fa64cdc6046d47c46203,2026,Chambre criminelle,Publié au Bulletin,api,8830,154,7,1,1,1,1,1,1851,4281,2494,207,0,1
69df296bcdc6046d4748db69,2026,Chambre criminelle,Publié au Bulletin|Publié aux Lettres de chambre,api,5031,189,3,1,1,0,1,1,1999,0,2543,489,0,1
69df296ecdc6046d4748dcce,2026,Chambre criminelle,Publié au Bulletin,api,5434,264,7,1,1,1,1,1,2100,1477,1564,296,0,1
69df2971cdc6046d4748de24,2026,Chambre criminelle,Publié au Bulletin|Publié aux Lettres de chambre,api,10741,494,5,1,1,1,1,1,2841,5786,1029,1086,0,1
69df2974cdc6046d4748df56,2026,Chambre criminelle,Publié au Bulletin,api,4182,606,4,1,1,0,1,1,1384,0,2038,761,0,1
69df2977cdc6046d4748e0ac,2026,Chambre criminelle,Publié au Bulletin,api,6568,379,7,1,1,1,1,1,2269,2859,1232,211,0,1
69df2ac9cdc6046d474900b2,2026,Chambre sociale,Publié au Bulletin|Publié aux Lettres de chambre,api,10063,444,7,1,1,1,1,1,4153,1476,3949,488,0,1
69df2acdcdc6046d47490103,2026,Chambre sociale,Publié au Bulletin,api,13496,344,7,1,1,1,1,1,3410,1834,6634,1621,0,1
69df2ad2cdc6046d47490158,2026,Chambre sociale,Publié au Bulletin,api,22999,213,7,1,1,1,1,1,6937,4367,9302,2396,0,1
69df2ad5cdc6046d474901c1,2026,Chambre sociale,Publié au Bulletin,api,11217,558,7,1,1,1,1,1,5395,2712,2596,517,0,1
69df2ad8cdc6046d474901e2,2026,Chambre sociale,Publié au Bulletin,api,16812,1337,7,1,1,1,1,1,2774,4826,7645,1570,0,1
69df2adccdc6046d4749022c,2026,Chambre commerciale financière et économique,Publié au Bulletin,api,15447,324,7,1,1,1,1,1,4217,7748,2791,694,0,1
69df2adfcdc6046d47490284,2026,Chambre commerciale financière et économique,Publié au Bulletin,api,9637,495,5,1,1,1,1,1,5167,1438,2018,1015,0,1
69df2ae2cdc6046d474902a1,2026,Chambre commerciale financière et économique,Publié au Bulletin,api,9981,811,5,1,1,1,1,1,2698,3673,1938,1673,0,1
69df2ae5cdc6046d474902e3,2026,Chambre commerciale financière et économique,Publié au Bulletin,api,10130,2010,5,1,1,1,1,1,2681,2857,3314,1279,0,1
69df2ae8cdc6046d474902fc,2026,Chambre commerciale financière et économique,Publié au Bulletin,api,11727,1207,7,1,1,1,1,1,4320,2699,3608,1103,0,1
69df2aebcdc6046d47490355,2026,Chambre commerciale financière et économique,Publié au Bulletin,api,9417,409,5,1,1,1,1,1,2502,2354,3494,1068,0,1
69df2aeecdc6046d47490399,2026,Première chambre civile,Publié au Bulletin,api,5896,1057,7,1,1,1,1,1,1886,1109,2406,498,0,1
69df2af1cdc6046d474903ae,2026,Première chambre civile,Publié au Bulletin|Publié aux Lettres de chambre,api,10074,527,5,1,1,1,1,1,2733,2511,4261,570,0,1
69df2af4cdc6046d474903fc,2026,Première chambre civile,Publié au Bulletin|Publié aux Lettres de chambre,api,8312,329,9,1,1,1,1,1,2495,2525,2801,496,0,1
69e07be3cdc6046d476a3488,2026,Chambre criminelle,Publié au Bulletin|Publié aux Lettres de chambre,api,5918,1101,5,1,1,1,1,1,1942,782,2863,332,0,1
69e07be6cdc6046d476a353e,2026,Chambre criminelle,Publié au Bulletin,api,9425,618,5,1,1,1,1,1,1743,3753,2875,1055,0,1
69e07be9cdc6046d476a361b,2026,Chambre criminelle,Publié au Bulletin,api,14210,346,13,1,1,1,1,1,1879,5850,5397,1093,0,1
69e07df7cdc6046d476a8f73,2026,Troisième chambre civile,Publié au Bulletin,api,8804,345,5,1,1,1,1,1,2743,4370,1032,660,0,1
69e07dfacdc6046d476a8fd0,2026,Troisième chambre civile,Publié au Bulletin,api,7597,243,7,1,1,1,1,1,2410,1732,2741,717,0,1
69e07dfdcdc6046d476a8fe6,2026,Troisième chambre civile,Publié au Bulletin,api,10631,435,7,1,1,1,1,1,2228,4133,3670,603,0,1
69e07e00cdc6046d476a9036,2026,Troisième chambre civile,Publié au Bulletin|Publié aux Lettres de chambre,api,8805,241,5,1,1,1,1,1,3533,1588,2381,1304,0,1
69e07e03cdc6046d476a907f,2026,Troisième chambre civile,Publié au Bulletin,api,9861,471,5,1,1,1,1,1,3792,1705,3258,1107,0,1
69e07e06cdc6046d476a9097,2026,Troisième chambre civile,Publié au Bulletin,api,8483,220,7,1,1,1,1,1,2627,1682,2449,1728,0,1
69e07e09cdc6046d476a90e4,2026,Deuxième chambre civile,Publié au Bulletin|Publié aux Lettres de chambre,api,8431,934,4,1,1,1,0,1,2244,4933,0,1255,0,1
69e07e0ccdc6046d476a912d,2026,Deuxième chambre civile,Publié au Bulletin|Publié aux Lettres de chambre,api,6655,383,7,1,1,1,1,1,2561,1822,1782,493,0,1
69e07e0fcdc6046d476a9146,2026,Deuxième chambre civile,Publié au Bulletin|Publié aux Lettres de chambre,api,7716,446,5,1,1,1,1,1,2623,3698,721,675,0,1
69e07e13cdc6046d476a9199,2026,Deuxième chambre civile,Publié au Bulletin|Publié aux Lettres de chambre,api,18071,1047,7,1,1,1,1,1,3435,4049,9478,1112,0,1
69e07e17cdc6046d476a91e7,2026,Deuxième chambre civile,Publié au Bulletin,api,15064,774,5,1,1,1,1,1,6005,3742,4094,1224,0,1
69e07e1acdc6046d476a91fe,2026,Deuxième chambre civile,Publié au Bulletin|Publié aux Lettres de chambre,api,6381,780,5,1,1,1,1,1,2246,1731,1778,627,0,1
69e07e1dcdc6046d476a925a,2026,Deuxième chambre civile,Publié au Bulletin|Publié aux Lettres de chambre,api,11443,295,7,1,1,1,1,1,2855,4735,1480,2376,0,1
69e1c317cdc6046d47885fff,2026,Chambre criminelle,Publié au Bulletin,api,18237,1072,13,1,1,1,1,1,1884,7300,8073,989,0,1
69f981f9cdc6046d47a1fa0d,2026,Chambre criminelle,Publié au Bulletin,api,6230,285,5,1,1,1,1,1,2072,564,2834,761,0,1
69fad694cdc6046d47c06a1b,2026,Chambre sociale,Publié au Bulletin,api,11850,2156,7,1,1,1,1,1,3010,1673,6671,499,0,1
69fad699cdc6046d47c06b00,2026,Chambre sociale,Publié au Bulletin|Publié aux Lettres de chambre,api,23058,551,15,1,1,1,1,1,2520,12954,7048,547,0,1
69fad69ccdc6046d47c06ba8,2026,Chambre sociale,Publié au Bulletin,api,17303,451,7,1,1,1,1,1,2817,11727,2168,594,0,1
69fad69fcdc6046d47c06c1e,2026,Chambre sociale,Publié au Bulletin|Publié aux Lettres de chambre,api,6361,461,7,1,1,1,1,1,2472,1505,1800,587,0,1
69fad6a2cdc6046d47c06cbe,2026,Chambre sociale,Publié au Bulletin|Publié aux Lettres de chambre,api,9749,809,7,1,1,1,1,1,2316,3207,3471,758,0,1
69fad6a6cdc6046d47c06d5e,2026,Chambre sociale,Publié au Bulletin|Publié aux Lettres de chambre,api,9874,514,9,1,1,1,1,1,2000,1735,4893,1251,0,1
69fad6aacdc6046d47c06dfd,2026,Chambre sociale,Publié au Bulletin|Publié aux Lettres de chambre,api,18889,436,5,1,1,1,1,1,2587,13575,2127,601,0,1
69fad6adcdc6046d47c06eb7,2026,Chambre commerciale financière et économique,Publié au Bulletin,api,8670,473,9,1,1,1,1,1,2490,4380,1123,682,0,1
69fad6b2cdc6046d47c06fb7,2026,Chambre commerciale financière et économique,Publié au Bulletin,api,5505,444,7,1,1,1,1,1,2299,885,1773,551,0,1
69fad6b6cdc6046d47c0707c,2026,Chambre commerciale financière et économique,Publié au Bulletin,api,17247,878,5,1,1,1,1,1,2965,8220,5257,806,0,1
69fad6b9cdc6046d47c070e2,2026,Chambre commerciale financière et économique,Publié au Bulletin,api,10943,1407,5,1,1,1,1,1,4956,1388,3476,1124,0,1
69fad6c0cdc6046d47c07234,2026,Première chambre civile,Publié au Bulletin,api,9889,511,5,1,1,1,1,1,2781,2683,3530,896,0,1
69fad6c3cdc6046d47c072a1,2026,Première chambre civile,Publié au Bulletin,api,9989,965,7,1,1,1,1,1,3295,2346,2867,1484,0,1
69fc2e3dcdc6046d47e40754,2026,Troisième chambre civile,Publié au Bulletin,api,6956,346,5,1,1,1,1,1,2555,1595,2224,583,0,1
69fc2e40cdc6046d47e4079a,2026,Troisième chambre civile,Publié au Bulletin|Publié aux Lettres de chambre,api,8762,375,7,1,1,1,1,1,2449,2309,2378,1629,0,1
69fc2e44cdc6046d47e407e8,2026,Troisième chambre civile,Publié au Bulletin|Publié aux Lettres de chambre,api,10506,302,5,1,1,1,1,1,2952,3385,3522,648,0,1
69fc2e4acdc6046d47e40858,2026,Deuxième chambre civile,Publié au Bulletin|Publié aux Lettres de chambre,api,7372,134,7,1,1,1,1,1,2906,1089,2803,577,0,1
69fc92d8cdc6046d47eca0f8,2026,Chambre criminelle,Publié au Bulletin,api,2997,735,4,1,1,0,1,1,1363,0,1417,218,0,1
6a02bc70cdc6046d477143f5,2026,Chambre criminelle,Publié au Bulletin,api,25039,303,11,1,1,1,1,1,1726,18547,4567,206,0,1
6a02bc73cdc6046d47714418,2026,Chambre criminelle,Publié au Bulletin,api,3870,1098,4,1,1,0,1,1,1555,0,2127,189,0,1
6a02bc76cdc6046d47714470,2026,Chambre criminelle,Publié au Bulletin,api,8292,1484,5,1,1,1,1,1,2534,1587,3398,774,0,1
6a02bc78cdc6046d4771449e,2026,Chambre criminelle,Publié au Bulletin,api,8099,1260,7,1,1,1,1,1,2894,1942,2289,977,0,1
6a02bc7bcdc6046d477144f6,2026,Chambre criminelle,Publié au Bulletin,api,4089,437,7,1,1,1,1,1,1591,520,1775,206,0,1
6a02bc81cdc6046d47714575,2026,Chambre criminelle,Publié au Bulletin,api,45453,386,17,1,1,1,1,1,1906,24145,19209,206,0,1
6a043d22cdc6046d47916f1b,2026,Chambre criminelle,Publié au Bulletin,api,6540,343,7,1,1,1,1,1,2204,2455,1677,207,0,1
6a043d25cdc6046d47916f71,2026,Chambre criminelle,Publié au Bulletin|Publié aux Lettres de chambre,api,12877,236,11,1,1,1,1,1,1838,5178,4786,1082,0,1
6a043d2bcdc6046d47917003,2026,Chambre criminelle,Publié au Bulletin,api,15318,600,11,1,1,1,1,1,2903,5648,5671,1103,0,1
6a043ed1cdc6046d47919ce7,2026,Deuxième chambre civile,Publié au Bulletin|Publié aux Lettres de chambre,api,8932,1088,7,1,1,1,1,1,2189,2089,3456,1201,0,1
6a043ed4cdc6046d47919d2e,2026,Deuxième chambre civile,Publié au Bulletin|Publié aux Lettres de chambre,api,7397,742,7,1,1,1,1,1,2271,2712,1816,601,0,1
6a043ee3cdc6046d47919ebb,2026,Chambre sociale,Publié au Bulletin,api,14439,942,9,1,1,1,1,1,4094,2398,6543,1409,0,1
6a043ef3cdc6046d47919fc5,2026,Chambre commerciale financière et économique,Publié au Bulletin|Publié au Rapport|Publié aux Lettres de chambre,api,142452,551,21,1,1,1,1,1,14590,59680,66348,1851,0,1
6a043ef6cdc6046d4791a00d,2026,Chambre commerciale financière et économique,Publié au Bulletin|Publié aux Lettres de chambre,api,7409,758,7,1,1,1,1,1,2965,1374,2189,884,0,1
6a043ef9cdc6046d4791a020,2026,Chambre commerciale financière et économique,Publié au Bulletin,api,9460,712,7,1,1,1,1,1,2685,2103,3072,1603,0,1
6a043efdcdc6046d4791a06c,2026,Chambre commerciale financière et économique,Publié au Bulletin,api,13079,784,9,1,1,1,1,1,3079,5757,3374,874,0,1
6a043f00cdc6046d4791a0b1,2026,Chambre commerciale financière et économique,Publié au Bulletin,api,7181,193,7,1,1,1,1,1,2558,2830,993,803,0,1
6a043f08cdc6046d4791a11a,2026,Chambre sociale,Publié au Bulletin,api,31866,1281,15,1,1,1,1,1,4955,14175,11042,1705,0,1
6a0ada87cdc6046d470ed3a9,2026,Chambre criminelle,Publié au Bulletin|Publié aux Lettres de chambre,api,8154,789,7,1,1,1,1,1,2038,2358,2931,830,0,1
6a0ada8acdc6046d470ed40c,2026,Chambre criminelle,Publié au Bulletin,api,10479,476,5,1,1,1,1,1,2295,5920,2059,206,0,1
6a0ada8dcdc6046d470ed44a,2026,Chambre criminelle,Publié au Bulletin,api,9113,578,7,1,1,1,1,1,3240,2811,2731,334,0,1
6a0ada90cdc6046d470ed4a8,2026,Première chambre civile,Publié au Bulletin,api,5410,613,4,1,1,1,1,1,297,1188,2609,1316,0,1
6a0ada95cdc6046d470ed564,2026,Première chambre civile,Publié au Bulletin,api,7555,276,7,1,1,1,1,1,2710,2142,1807,899,0,1
6a0ada98cdc6046d470ed5cf,2026,Première chambre civile,Publié au Bulletin|Publié aux Lettres de chambre,api,5970,253,4,1,1,0,1,1,2929,0,1727,1315,0,1
6a0bf75bcdc6046d472814aa,2026,Chambre criminelle,Publié au Bulletin,api,6417,615,5,1,1,1,1,1,2069,1722,2418,209,0,1
6a0bf75ecdc6046d47281500,2026,Chambre criminelle,Publié au Bulletin,api,7796,462,7,1,1,1,1,1,1718,3282,2590,209,0,1
6a0d4aa0cdc6046d4745d729,2026,Chambre criminelle,Publié au Bulletin,api,9880,1386,5,1,1,1,1,1,2535,4853,2192,301,0,1
6a0d4d6ccdc6046d47463869,2026,Chambre commerciale financière et économique,Publié au Bulletin|Publié aux Lettres de chambre,api,5552,398,5,1,1,1,1,1,2409,888,1156,1100,0,1
6a0d4d6fcdc6046d474638af,2026,Première chambre civile,Publié au Bulletin,api,4584,366,7,1,1,1,1,1,1768,1045,1207,567,0,1
6a0d4d76cdc6046d47463914,2026,Première chambre civile,Publié au Bulletin|Publié aux Lettres de chambre,api,7839,432,7,1,1,1,1,1,2327,1889,2598,1028,0,1
6a0ea065cdc6046d4766906f,2026,Troisième chambre civile,Publié au Bulletin,api,7418,99,7,1,1,1,1,1,2716,1381,2091,1233,0,1
6a0ea068cdc6046d476690c7,2026,Troisième chambre civile,Publié au Bulletin,api,7376,473,5,1,1,1,1,1,2789,1131,1980,1477,0,1
6a0ea06bcdc6046d47669105,2026,Troisième chambre civile,Publié au Bulletin,api,9131,730,9,1,1,1,1,1,2448,3457,2107,1124,0,1
6a0ea06fcdc6046d47669155,2026,Troisième chambre civile,Publié au Bulletin,api,8300,288,5,1,1,1,1,1,3298,1364,2188,1451,0,1
6a0ea072cdc6046d476691ac,2026,Deuxième chambre civile,Publié au Bulletin|Publié aux Lettres de chambre,api,13331,1827,4,1,1,1,1,1,673,1114,9389,2155,0,1
6a0ea075cdc6046d476691dc,2026,Deuxième chambre civile,Publié au Bulletin|Publié aux Lettres de chambre,api,8332,363,5,1,1,1,1,1,3839,804,2044,1646,0,1
6a0ea078cdc6046d4766923a,2026,Deuxième chambre civile,Publié au Bulletin|Publié aux Lettres de chambre,api,8620,854,7,1,1,1,1,1,2808,2281,2774,760,0,1
6a0ea07bcdc6046d476692a9,2026,Deuxième chambre civile,Publié au Bulletin|Publié aux Lettres de chambre,api,9072,1380,5,1,1,1,1,1,2853,1392,3156,1672,0,1
6a0ea07ecdc6046d476692d2,2026,Deuxième chambre civile,Publié au Bulletin|Publié aux Lettres de chambre,api,7480,469,5,1,1,1,1,1,2680,1437,2181,1183,0,1
6a0ea082cdc6046d4766932f,2026,Deuxième chambre civile,Publié au Bulletin|Publié aux Lettres de chambre,api,12845,398,5,1,1,1,1,1,3647,2225,5771,1203,0,1
6a0ea085cdc6046d4766938e,2026,Deuxième chambre civile,Publié au Bulletin|Publié aux Lettres de chambre,api,8024,382,7,1,1,1,1,1,2659,1753,2287,1328,0,1
6a0ea087cdc6046d476693b3,2026,Deuxième chambre civile,Publié au Bulletin|Publié aux Lettres de chambre,api,6089,391,5,1,1,1,1,1,1776,951,1721,1642,0,1
6a0ea08acdc6046d4766940d,2026,Deuxième chambre civile,Publié au Bulletin|Publié aux Lettres de chambre,api,5138,642,5,1,1,1,1,1,1787,1273,1060,1019,0,1
6a0ea08ecdc6046d4766943d,2026,Deuxième chambre civile,Publié au Bulletin|Publié aux Lettres de chambre,api,14262,690,5,1,1,1,1,1,3026,4231,5659,1347,0,1
6a0ea091cdc6046d476694a9,2026,Deuxième chambre civile,Publié au Bulletin|Publié aux Lettres de chambre,api,7796,486,5,1,1,1,1,1,2485,2128,2458,726,0,1
6a0ea094cdc6046d47669515,2026,Deuxième chambre civile,Publié au Bulletin|Publié aux Lettres de chambre,api,16912,1566,9,1,1,1,1,1,2695,3845,9162,1215,0,1
6a0ea098cdc6046d47669544,2026,Deuxième chambre civile,Publié au Bulletin|Publié aux Lettres de chambre,api,14221,638,7,1,1,1,1,1,3178,1086,8859,1101,0,1
6a0ea09bcdc6046d476695a0,2026,Deuxième chambre civile,Publié au Bulletin|Publié aux Lettres de chambre,api,8519,447,3,1,1,0,1,1,2061,0,5756,702,0,1
6a0ea09ecdc6046d476695fb,2026,Première chambre civile,Publié au Bulletin|Publié aux Lettres de chambre,api,5656,756,5,1,1,1,1,1,1927,1607,1316,807,0,1
6a0ea0a1cdc6046d47669626,2026,Première chambre civile,Publié au Bulletin,api,8057,539,5,1,1,1,1,1,2206,2619,2271,962,0,1
6a0ea0a4cdc6046d47669680,2026,Première chambre civile,Publié au Bulletin,api,9048,633,7,1,1,1,1,1,1963,1797,3725,1566,0,1
6a0ea0a7cdc6046d476696a1,2026,Première chambre civile,Publié au Bulletin|Publié au Rapport,api,6078,463,4,1,1,0,1,1,2431,0,2673,975,0,1
6a168308cdc6046d47117b88,2026,Chambre criminelle,Publié au Bulletin,api,15704,539,7,1,1,1,1,1,2901,3445,8589,772,0,1
6a16830fcdc6046d47117c20,2026,Chambre criminelle,Publié au Bulletin,api,13125,498,9,1,1,1,1,1,4032,2123,5687,1288,0,1
6a17df15cdc6046d4732a47c,2026,Chambre sociale,Publié au Bulletin,api,7812,1105,7,1,1,1,1,1,3780,1462,2013,560,0,1
6a17df18cdc6046d4732a54c,2026,Chambre sociale,Publié au Bulletin|Publié aux Lettres de chambre,api,8144,305,7,1,1,1,1,1,3241,1850,2496,560,0,1
6a17df1bcdc6046d4732a658,2026,Chambre sociale,Publié au Bulletin,api,11330,990,7,1,1,1,1,1,4253,1521,4153,1406,0,1
6a17df1ecdc6046d4732a77f,2026,Chambre sociale,Publié au Bulletin,api,8365,499,5,1,1,1,1,1,3116,979,3231,1040,0,1
6a17df22cdc6046d4732a894,2026,Chambre sociale,Publié au Bulletin,api,13529,309,7,1,1,1,1,1,5271,2985,4818,458,0,1
6a17df26cdc6046d4732a9ac,2026,Chambre sociale,Publié au Bulletin,api,8538,469,7,1,1,1,1,1,4224,2110,1749,458,0,1
6a17df2bcdc6046d4732ab45,2026,Chambre sociale,Publié au Bulletin,api,31477,823,11,1,1,1,1,1,4489,13880,12486,629,0,1
6a17df31cdc6046d4732acff,2026,Chambre sociale,Publié au Bulletin|Publié aux Lettres de chambre,api,30578,2239,7,1,1,1,1,1,4340,7096,18643,502,0,1
6a17df34cdc6046d4732ae1f,2026,Chambre sociale,Publié au Bulletin|Publié aux Lettres de chambre,api,9497,1063,5,1,1,1,1,1,3731,1557,3028,1182,0,1
6a17df39cdc6046d4732af7c,2026,Chambre sociale,Publié au Bulletin|Publié au Rapport|Publié aux Lettres de chambre,api,18252,1398,7,1,1,1,1,1,3226,7884,5789,1356,0,1
6a17df3ccdc6046d4732b054,2026,Chambre sociale,Publié au Bulletin|Publié au Rapport|Publié aux Lettres de chambre,api,7915,741,5,1,1,1,1,1,2546,944,3872,554,0,1
6a17df3ecdc6046d4732b14d,2026,Chambre commerciale financière et économique,Publié au Bulletin,api,6325,229,7,1,1,1,1,1,3449,1274,712,893,0,1
6a17df43cdc6046d4732b29f,2026,Chambre commerciale financière et économique,Publié au Bulletin,api,19196,319,7,1,1,1,1,1,3527,9268,5588,816,0,1
6a17df46cdc6046d4732b37c,2026,Chambre commerciale financière et économique,Publié au Bulletin,api,7583,740,5,1,1,1,1,1,3131,2428,1393,632,0,1
6a17df49cdc6046d4732b475,2026,Chambre commerciale financière et économique,Publié au Bulletin,api,7953,231,5,1,1,1,1,1,3619,1225,1529,1581,0,1
6a17df4ccdc6046d4732b565,2026,Chambre commerciale financière et économique,Publié au Bulletin,api,7282,283,5,1,1,1,1,1,3448,1782,1159,894,0,1
6a17df4fcdc6046d4732b631,2026,Chambre commerciale financière et économique,Publié au Bulletin,api,10980,2970,5,1,1,1,1,1,3067,2671,3978,1265,0,1
6a17df52cdc6046d4732b758,2026,Chambre commerciale financière et économique,Publié au Bulletin,api,9788,523,9,1,1,1,1,1,2985,3006,2996,806,0,1
6a17df55cdc6046d4732b830,2026,Troisième chambre civile,Publié au Bulletin,api,6185,329,7,1,1,1,1,1,2854,1954,868,512,0,1
6a17df59cdc6046d4732b94f,2026,Troisième chambre civile,Publié au Bulletin,api,16892,587,9,1,1,1,1,1,2767,12113,1550,467,0,1
6a17df5ccdc6046d4732ba60,2026,Troisième chambre civile,Publié au Bulletin,api,10135,604,7,1,1,1,1,1,3013,3497,2441,1187,0,1
6a17df5ecdc6046d4732bb16,2026,Deuxième chambre civile,Publié au Bulletin|Publié aux Lettres de chambre,api,4666,309,4,1,1,1,1,1,1203,951,1795,717,0,1
6a17df64cdc6046d4732bcd3,2026,Deuxième chambre civile,Publié au Bulletin|Publié aux Lettres de chambre,api,7972,189,5,1,1,1,1,1,3173,2875,1105,820,0,1
6a17df69cdc6046d4732be32,2026,Deuxième chambre civile,Publié au Bulletin|Publié aux Lettres de chambre,api,20862,575,11,1,1,1,1,1,4482,6354,7740,2293,0,1
6a17df6ccdc6046d4732bf4c,2026,Deuxième chambre civile,Publié au Bulletin|Publié aux Lettres de chambre,api,10485,881,7,1,1,1,1,1,2171,3835,3127,1355,0,1
6a17df72cdc6046d4732c12e,2026,Deuxième chambre civile,Publié au Bulletin|Publié aux Lettres de chambre,api,10636,339,9,1,1,1,1,1,2614,3841,2869,1317,0,1
6a17df75cdc6046d4732c256,2026,Deuxième chambre civile,Publié au Bulletin|Publié aux Lettres de chambre,api,13883,1246,7,1,1,1,1,1,3951,4692,2817,2426,0,1
6a17df78cdc6046d4732c365,2026,Première chambre civile,Publié au Bulletin,api,11324,371,5,1,1,1,1,1,2211,2879,5237,998,0,1
6a17df7ccdc6046d4732c484,2026,Première chambre civile,Publié au Bulletin,api,8547,403,7,1,1,1,1,1,4308,1667,1892,683,0,1
6a17df80cdc6046d4732c5be,2026,Première chambre civile,Publié au Bulletin|Publié aux Lettres de chambre,api,11049,969,7,1,1,1,1,1,4588,2829,2882,753,0,1
6a17e10dcdc6046d473307af,2026,Chambre criminelle,Publié au Bulletin,api,10688,268,7,1,1,1,1,1,2385,2690,4837,779,0,1
6a192783cdc6046d4753ff68,2026,Chambre criminelle,Publié au Bulletin|Publié aux Lettres de chambre,api,6321,820,5,1,1,1,1,1,2372,1520,1482,948,0,1
6a1929aacdc6046d47545cf8,2026,Assemblée plénière,Publié au Bulletin|Publié au Rapport,api,10458,371,6,1,1,1,1,1,4590,60,4375,1435,0,1
6a19966bcdc6046d475e2aad,2026,Chambre criminelle,Publié au Bulletin|Publié aux Lettres de chambre,api,10892,569,5,1,1,1,1,1,1759,4046,4877,211,0,1
6a1fbf99cdc6046d47ea0411,2026,Première chambre civile,Publié au Bulletin|Publié aux Lettres de chambre,api,7215,181,7,1,1,1,1,1,3034,1843,1600,741,0,1
6a1fbfa4cdc6046d47ea0653,2026,Chambre commerciale financière et économique,Publié au Bulletin,api,27739,560,9,1,1,1,1,1,5391,10607,10177,1569,0,1
6a1fbfa8cdc6046d47ea072a,2026,Chambre commerciale financière et économique,Publié au Bulletin|Publié aux Lettres de chambre,api,17211,242,11,1,1,1,1,1,3114,10303,3068,733,0,1
6a1fbfabcdc6046d47ea07d8,2026,Chambre commerciale financière et économique,Publié au Bulletin|Publié au Rapport|Publié aux Lettres de chambre,api,12312,833,5,1,1,1,1,1,4798,1974,4343,1198,0,1
6a1fbfaecdc6046d47ea08a3,2026,Chambre commerciale financière et économique,Publié au Bulletin|Publié aux Lettres de chambre,api,9307,866,7,1,1,1,1,1,2451,3905,2341,613,0,1
6a1fbfb4cdc6046d47ea09d2,2026,Chambre sociale,Publié au Bulletin|Publié aux Lettres de chambre,api,6922,493,7,1,1,1,1,1,1992,3483,224,1123,0,1
6a1fbfb7cdc6046d47ea0a9b,2026,Chambre sociale,Publié au Bulletin|Publié aux Lettres de chambre,api,10816,1147,7,1,1,1,1,1,2386,1280,5890,1263,0,1
6a1fbfbacdc6046d47ea0b38,2026,Chambre sociale,Publié au Bulletin,api,16081,772,7,1,1,1,1,1,3267,8796,3464,557,0,1
6a1fbfbfcdc6046d47ea0c44,2026,Chambre sociale,Publié au Bulletin|Publié aux Lettres de chambre,api,23154,1696,9,1,1,1,1,1,2427,9844,9627,1261,0,1
6a1fbfc2cdc6046d47ea0d0e,2026,Chambre sociale,Publié au Bulletin|Publié aux Lettres de chambre,api,8096,592,7,1,1,1,1,1,2931,1691,2834,643,0,1
6a1fc151cdc6046d47ea4b43,2026,Chambre sociale,Publié au Bulletin,api,12964,558,9,1,1,1,1,1,2854,2351,5865,1899,0,1
6a211638cdc6046d470a99b9,2026,Troisième chambre civile,Publié au Bulletin,api,5219,409,5,1,1,1,1,1,2313,1047,1362,498,0,1
6a21163bcdc6046d470a9a5e,2026,Troisième chambre civile,Publié au Bulletin,api,9171,201,5,1,1,1,1,1,2682,988,4064,1438,0,1
6a21163ecdc6046d470a9b51,2026,Troisième chambre civile,Publié au Bulletin,api,11321,166,7,1,1,1,1,1,3268,3668,3491,897,0,1
6a211659cdc6046d470aa274,2026,Deuxième chambre civile,Publié au Bulletin|Publié aux Lettres de chambre,api,14748,320,9,1,1,1,1,1,2272,4870,7013,598,0,1
6a21182ccdc6046d470b22bb,2026,Chambre criminelle,Publié au Bulletin|Publié aux Lettres de chambre,api,5898,400,7,1,1,1,1,1,1861,1569,1766,705,0,1
6a27a28ccdc6046d47aca3dc,2026,Chambre criminelle,Publié au Bulletin|Publié au Rapport,api,75747,2725,11,1,1,1,1,1,5851,44873,22607,2423,0,1
6a27a291cdc6046d47aca42b,2026,Chambre criminelle,Publié au Bulletin,api,27477,1321,5,1,1,1,1,1,3476,17582,5461,959,0,1
6a28fc84cdc6046d47caffbc,2026,Chambre sociale,Publié au Bulletin,api,18588,567,7,1,1,1,1,1,3334,7644,6625,988,0,1
6a28fc86cdc6046d47cb000a,2026,Chambre commerciale financière et économique,Publié au Bulletin,api,7899,814,5,1,1,1,1,1,2729,1610,2365,1196,0,1
6a28fc8ecdc6046d47cb0167,2026,Chambre commerciale financière et économique,Publié au Bulletin,api,27101,1796,13,1,1,1,1,1,4920,8365,13173,652,0,1
6a28fcf3cdc6046d47cb0fe2,2026,Chambre commerciale financière et économique,Publié au Bulletin|Publié aux Lettres de chambre,api,163055,481,7,1,1,1,1,1,147848,12719,1964,527,0,1
6a28fcf8cdc6046d47cb109a,2026,Première chambre civile,Publié au Bulletin,api,7733,768,4,1,1,0,1,1,3868,0,2944,922,0,1
6a28fcfbcdc6046d47cb1111,2026,Première chambre civile,Publié au Bulletin,api,6240,275,4,1,1,0,1,1,2473,0,2489,1279,0,1
6a28ffb5cdc6046d47cb7bf8,2026,Chambre criminelle,Publié au Bulletin,api,8406,1153,5,1,1,1,1,1,1812,1426,4962,207,0,1
6a28ffb8cdc6046d47cb7c67,2026,Chambre criminelle,Publié au Bulletin,api,11972,638,7,1,1,1,1,1,2721,4354,4017,883,0,1
6a28ffbccdc6046d47cb7c9a,2026,Chambre criminelle,Publié au Bulletin|Publié aux Lettres de chambre,api,13270,578,5,1,1,1,1,1,2464,7210,2758,839,0,1
6a28ffbecdc6046d47cb7d0b,2026,Chambre criminelle,Publié au Bulletin,api,7874,776,5,1,1,1,1,1,2296,2902,2459,218,0,1
6a28ffc2cdc6046d47cb7d74,2026,Chambre criminelle,Publié au Bulletin|Publié aux Lettres de chambre,api,7387,770,7,1,1,1,1,1,2153,2471,2563,203,0,1
6a2a4c95cdc6046d47e6d679,2026,Troisième chambre civile,Publié au Bulletin,api,18820,372,13,1,1,1,1,1,5095,7615,4391,1728,0,1
6a2a4c98cdc6046d47e6d6c4,2026,Troisième chambre civile,Publié au Bulletin,api,7978,288,5,1,1,1,1,1,3342,679,1798,2160,0,1
6a2a4c9ecdc6046d47e6d739,2026,Deuxième chambre civile,Publié au Bulletin|Publié aux Lettres de chambre,api,5236,831,3,1,1,0,1,1,2758,0,1717,761,0,1
6a2a4ca1cdc6046d47e6d783,2026,Deuxième chambre civile,Publié au Bulletin|Publié aux Lettres de chambre,api,6988,454,7,1,1,1,1,1,2096,2033,2261,601,0,1
6a2a4ca4cdc6046d47e6d79f,2026,Deuxième chambre civile,Publié au Bulletin|Publié aux Lettres de chambre,api,7193,398,5,1,1,1,1,1,2281,1339,1957,1617,0,1
6a2a4ca6cdc6046d47e6d7ed,2026,Deuxième chambre civile,Publié au Bulletin|Publié aux Lettres de chambre,api,6637,461,3,1,1,0,1,1,1754,0,4345,538,0,1
6a2a4caacdc6046d47e6d80e,2026,Deuxième chambre civile,Publié au Bulletin|Publié aux Lettres de chambre,api,9718,1004,5,1,1,1,1,1,3556,1406,3461,1296,0,1
6a2a4cadcdc6046d47e6d85d,2026,Deuxième chambre civile,Publié au Bulletin|Publié aux Lettres de chambre,api,8438,379,7,1,1,1,1,1,2705,1156,3206,1374,0,1
6a2a4cafcdc6046d47e6d886,2026,Deuxième chambre civile,Publié au Bulletin|Publié aux Lettres de chambre,api,8034,905,5,1,1,1,1,1,2064,2755,2615,601,0,1
6a2a4cb2cdc6046d47e6d8ce,2026,Deuxième chambre civile,Publié au Bulletin|Publié aux Lettres de chambre,api,7817,762,5,1,1,1,1,1,2863,913,2981,1061,0,1
6a2a4cb6cdc6046d47e6d918,2026,Deuxième chambre civile,Publié au Bulletin|Publié aux Lettres de chambre,api,9596,959,5,1,1,1,1,1,2601,1358,4532,1106,0,1
6a2a4cbacdc6046d47e6d96d,2026,Première chambre civile,Publié au Bulletin|Publié aux Lettres de chambre,api,9662,827,7,1,1,1,1,1,3026,2133,4013,493,0,1
6a2a4cbdcdc6046d47e6d998,2026,Première chambre civile,Publié au Bulletin,api,8269,690,7,1,1,1,1,1,2612,1481,2933,1246,0,1
6a2bbcdfcdc6046d47078164,2026,Chambre criminelle,Publié au Bulletin|Publié aux Lettres de chambre,api,10165,495,7,1,1,1,1,1,3129,4585,2193,261,0,1
6a30dd49cdc6046d4774c3f1,2026,Chambre criminelle,Publié au Bulletin|Publié aux Lettres de chambre,api,8533,441,5,1,1,1,1,1,2541,3861,1362,770,0,1
6a32360dcdc6046d479343a9,2026,Chambre sociale,Publié au Bulletin,api,5855,155,7,1,1,1,1,1,2557,1918,893,490,0,1
6a32360fcdc6046d479343fb,2026,Chambre sociale,Publié au Bulletin,api,6804,195,7,1,1,1,1,1,2303,1003,2091,1410,0,1
6a323612cdc6046d47934413,2026,Chambre commerciale financière et économique,Publié au Bulletin,api,10147,397,7,1,1,1,1,1,2929,2035,4021,1165,0,1
6a323616cdc6046d47934460,2026,Chambre commerciale financière et économique,Publié au Bulletin,api,13802,277,11,1,1,1,1,1,3158,5241,3769,1641,0,1
6a32361dcdc6046d4793450d,2026,Chambre commerciale financière et économique,Publié au Bulletin,api,17655,1729,9,1,1,1,1,1,4123,9151,3412,974,0,1
6a323620cdc6046d47934528,2026,Chambre commerciale financière et économique,Publié au Bulletin,api,14298,1160,11,1,1,1,1,1,3512,5123,3879,1791,0,1
6a323626cdc6046d4793458e,2026,Première chambre civile,Publié au Bulletin,api,11079,1555,7,1,1,1,1,1,2107,2248,6107,620,0,1
6a323629cdc6046d479345dc,2026,Première chambre civile,Publié au Bulletin|Publié aux Lettres de chambre,api,12217,652,5,1,1,1,1,1,3104,1746,5725,1643,0,1
6a33894acdc6046d47b1763f,2026,Troisième chambre civile,Publié au Bulletin,api,7464,511,5,1,1,1,1,1,2341,1680,2449,995,0,1
6a33894dcdc6046d47b1770d,2026,Troisième chambre civile,Publié au Bulletin,api,7972,507,7,1,1,1,1,1,3352,1142,2017,1464,0,1
6a338950cdc6046d47b177da,2026,Troisième chambre civile,Publié au Bulletin,api,12167,802,7,1,1,1,1,1,2170,3536,5324,1140,0,1
6a338953cdc6046d47b17860,2026,Deuxième chambre civile,Publié au Bulletin|Publié aux Lettres de chambre,api,6157,358,5,1,1,1,1,1,3445,899,574,1240,0,1
6a338956cdc6046d47b1792b,2026,Deuxième chambre civile,Publié au Bulletin|Publié aux Lettres de chambre,api,8590,816,5,1,1,1,1,1,2051,1355,4120,1065,0,1
6a33895ccdc6046d47b17a62,2026,Deuxième chambre civile,Publié au Bulletin|Publié aux Lettres de chambre,api,8369,236,7,1,1,1,1,1,1613,4561,1698,500,0,1
6a338965cdc6046d47b17cd8,2026,Deuxième chambre civile,Publié au Bulletin,api,7463,410,5,1,1,1,1,1,2280,838,3167,1179,0,1
6a3a1816cdc6046d475181d5,2026,Chambre criminelle,Publié au Bulletin,api,7959,546,5,1,1,1,1,1,2769,2954,2024,213,0,1
6a3a1819cdc6046d475181fe,2026,Chambre criminelle,Publié au Bulletin,regles,11154,523,3,1,1,1,0,1,637,8477,0,796,0,1
6a3a181dcdc6046d47518247,2026,Chambre criminelle,Publié au Bulletin,api,10928,1113,7,1,1,1,1,1,3107,4331,2648,845,0,1
6a3b6c98cdc6046d47744fb0,2026,Chambre commerciale financière et économique,Publié au Bulletin,api,14076,675,9,1,1,1,1,1,2410,6666,3971,1034,0,1
6a3b6c9fcdc6046d477450b3,2026,Chambre commerciale financière et économique,Publié au Bulletin|Publié aux Lettres de chambre,api,46662,384,11,1,1,1,1,1,4486,29640,11801,742,0,1
6a3b6ed9cdc6046d4774abb3,2026,Chambre criminelle,Publié au Bulletin,api,8927,347,7,1,1,1,1,1,2406,1786,4389,349,0,1
6a3b6edccdc6046d4774ac33,2026,Chambre criminelle,Publié au Bulletin,api,8686,260,5,1,1,1,1,1,2392,2602,2753,940,0,1
6a3b6ee2cdc6046d4774add7,2026,Chambre criminelle,Publié au Bulletin,api,44338,1155,11,1,1,1,1,1,3943,34721,5466,215,0,1
6a3cc051cdc6046d479d8eb0,2026,Chambre sociale,Publié au Bulletin,api,8097,293,7,1,1,1,1,1,2307,951,3696,1146,0,1
6a3cc055cdc6046d479d8f34,2026,Chambre sociale,Publié au Bulletin,api,12288,590,5,1,1,1,1,1,2389,3471,5337,1092,0,1
6a3cc058cdc6046d479d8fd9,2026,Troisième chambre civile,Publié au Bulletin,api,7575,628,5,1,1,1,1,1,3164,1248,2027,1137,0,1
6a3cc05bcdc6046d479d9056,2026,Troisième chambre civile,Publié au Bulletin,api,9105,593,5,1,1,1,1,1,3376,2298,2468,964,0,1
6a3cc05ecdc6046d479d9103,2026,Troisième chambre civile,Publié au Bulletin|Publié aux Lettres de chambre,api,6618,321,5,1,1,1,1,1,2311,1537,1692,1079,0,1
6a3cc061cdc6046d479d91ba,2026,Troisième chambre civile,Publié au Bulletin,api,7018,569,7,1,1,1,1,1,2454,1324,2743,500,0,1
6a43545acdc6046d474c8ad6,2026,Chambre criminelle,Publié au Bulletin,api,7810,365,5,1,1,1,1,1,2005,2443,2444,919,0,1
6a435461cdc6046d474c8c3c,2026,Chambre criminelle,Publié au Bulletin,api,23030,1283,9,1,1,1,1,1,1740,12815,7170,1310,0,1
6a44ae95cdc6046d476bad7f,2026,Chambre sociale,Publié au Bulletin,api,9757,398,7,1,1,1,1,1,2351,2250,3422,1737,0,1
6a44ae99cdc6046d476bae95,2026,Chambre sociale,Publié au Bulletin,api,17805,736,11,1,1,1,1,1,2537,4445,9410,1420,0,1
6a44ae9ccdc6046d476baf38,2026,Chambre sociale,Publié au Bulletin,api,8922,996,7,1,1,1,1,1,2270,2466,3196,993,0,1
6a44ae9fcdc6046d476bb027,2026,Chambre sociale,Publié au Bulletin,api,12132,598,5,1,1,1,1,1,2823,7273,1451,586,0,1
6a44aea2cdc6046d476bb102,2026,Chambre commerciale financière et économique,Publié au Bulletin,api,8007,207,9,1,1,1,1,1,3231,2962,1229,590,0,1
6a44aea7cdc6046d476bb260,2026,Chambre commerciale financière et économique,Publié au Bulletin,api,4137,230,3,1,1,0,1,1,2631,0,972,534,0,1
6a44aeaacdc6046d476bb2fd,2026,Chambre commerciale financière et économique,Publié au Bulletin,api,5205,255,7,1,1,1,1,1,1987,1081,896,1244,0,1
6a44aeadcdc6046d476bb3ce,2026,Chambre commerciale financière et économique,Publié au Bulletin,api,6459,539,5,1,1,1,1,1,2455,2422,1062,521,0,1
6a44aeb3cdc6046d476bb570,2026,Chambre commerciale financière et économique,Publié au Bulletin|Publié aux Lettres de chambre,api,9625,1023,7,1,1,1,1,1,3047,2888,3029,664,0,1
6a44aeb6cdc6046d476bb63a,2026,Première chambre civile,Publié au Bulletin|Publié aux Lettres de chambre,api,8758,518,5,1,1,1,1,1,2545,1014,3888,1312,0,1
6a44aeb9cdc6046d476bb6d6,2026,Première chambre civile,Publié au Bulletin,api,6188,471,5,1,1,1,1,1,2151,972,1670,1396,0,1
6a44aebccdc6046d476bb7bb,2026,Première chambre civile,Publié au Bulletin|Publié aux Lettres de chambre,api,12139,787,5,1,1,1,1,1,3436,2187,4889,1628,0,1
6a44aebfcdc6046d476bb855,2026,Première chambre civile,Publié au Bulletin|Publié aux Lettres de chambre,api,6523,240,5,1,1,1,1,1,3095,1552,1178,699,0,1
6a44aec4cdc6046d476bb969,2026,Première chambre civile,Publié au Bulletin,api,21191,359,6,1,1,1,1,1,3096,13291,3349,1457,0,1
6a45fc4ccdc6046d478a5bb6,2026,Première présidence (Ordonnance),Non publié,api,1092,0,2,0,0,0,1,1,0,0,962,130,0,1
6a45fc4ecdc6046d478a5c1e,2026,Première présidence (Ordonnance),Non publié,api,1410,0,2,0,0,0,1,1,0,0,1280,130,0,1
6a45fc50cdc6046d478a5c50,2026,Première présidence (Ordonnance),Non publié,api,1709,0,2,0,0,0,1,1,0,0,1579,130,0,1
6a45fc52cdc6046d478a5cbd,2026,Première présidence (Ordonnance),Non publié,api,1794,0,2,0,0,0,1,1,0,0,1664,130,0,1
6a45fc55cdc6046d478a5cf3,2026,Première présidence (Ordonnance),Non publié,api,1386,0,2,0,0,0,1,1,0,0,1256,130,0,1
6a45fc59cdc6046d478a5d99,2026,Première présidence (Ordonnance),Non publié,api,1828,0,2,0,0,0,1,1,0,0,1698,130,0,1
6a45fc5bcdc6046d478a5dd7,2026,Première présidence (Ordonnance),Non publié,api,1182,0,2,0,0,0,1,1,0,0,1052,130,0,1
6a45fc5dcdc6046d478a5e35,2026,Première présidence (Ordonnance),Non publié,api,1034,0,2,0,0,0,1,1,0,0,904,130,0,1
6a45fc62cdc6046d478a5ee9,2026,Première présidence (Ordonnance),Non publié,api,1342,0,2,0,0,0,1,1,0,0,1212,130,0,1
6a45fc66cdc6046d478a5f93,2026,Première présidence (Ordonnance),Non publié,api,1380,0,2,0,0,0,1,1,0,0,1250,130,0,1
6a45fc6bcdc6046d478a600c,2026,Première présidence (Ordonnance),Non publié,api,1323,0,2,0,0,0,1,1,0,0,1193,130,0,1
6a45fc6dcdc6046d478a607e,2026,Première présidence (Ordonnance),Non publié,api,1184,0,2,0,0,0,1,1,0,0,1054,130,0,1
6a45fc6fcdc6046d478a60bd,2026,Première présidence (Ordonnance),Non publié,api,1644,0,2,0,0,0,1,1,0,0,1514,130,0,1
6a45fc73cdc6046d478a6178,2026,Première présidence (Ordonnance),Non publié,api,1450,0,2,0,0,0,1,1,0,0,1320,130,0,1
6a45fc7acdc6046d478a6298,2026,Première présidence (Ordonnance),Non publié,api,1262,0,2,0,0,0,1,1,0,0,1132,130,0,1
6a45fc81cdc6046d478a6399,2026,Première présidence (Ordonnance),Non publié,api,1190,0,2,0,0,0,1,1,0,0,1060,130,0,1
6a45fc86cdc6046d478a645a,2026,Première présidence (Ordonnance),Non publié,api,1384,0,2,0,0,0,1,1,0,0,1254,130,0,1
6a45fc88cdc6046d478a649a,2026,Première présidence (Ordonnance),Non publié,api,1331,0,2,0,0,0,1,1,0,0,1201,130,0,1
6a45fc8dcdc6046d478a654c,2026,Première présidence (Ordonnance),Non publié,api,1133,0,2,0,0,0,1,1,0,0,1003,130,0,1
6a45fc9ecdc6046d478a6822,2026,Première présidence (Ordonnance),Non publié,api,2072,0,2,0,0,0,1,1,0,0,1949,123,0,1
6a45fca0cdc6046d478a6868,2026,Première présidence (Ordonnance),Non publié,api,1293,0,2,0,0,0,1,1,0,0,1163,130,0,1
6a45fca4cdc6046d478a692e,2026,Première présidence (Ordonnance),Non publié,api,1130,0,2,0,0,0,1,1,0,0,1000,130,0,1
6a45fca9cdc6046d478a69f9,2026,Première présidence (Ordonnance),Non publié,api,1024,0,2,0,0,0,1,1,0,0,894,130,0,1
6a45fcabcdc6046d478a6a3d,2026,Première présidence (Ordonnance),Non publié,api,1129,0,2,0,0,0,1,1,0,0,999,130,0,1
6a45fcadcdc6046d478a6ad0,2026,Première présidence (Ordonnance),Non publié,api,1239,0,2,0,0,0,1,1,0,0,1109,130,0,1
6a45fcb6cdc6046d478a6c8c,2026,Première présidence (Ordonnance),Non publié,api,1330,0,2,0,0,0,1,1,0,0,1200,130,0,1
6a45fcc1cdc6046d478a6e66,2026,Première présidence (Ordonnance),Non publié,api,1072,0,2,0,0,0,1,1,0,0,942,130,0,1
6a45fcc3cdc6046d478a6eb9,2026,Première présidence (Ordonnance),Non publié,api,1252,0,2,0,0,0,1,1,0,0,1122,130,0,1
6a45fcc8cdc6046d478a6f97,2026,Première présidence (Ordonnance),Non publié,api,1176,0,2,0,0,0,1,1,0,0,1046,130,0,1
6a45fccacdc6046d478a6feb,2026,Première présidence (Ordonnance),Non publié,api,1213,0,2,0,0,0,1,1,0,0,1083,130,0,1
6a45fccccdc6046d478a7076,2026,Première présidence (Ordonnance),Non publié,api,1274,0,2,0,0,0,1,1,0,0,1144,130,0,1
6a45fccfcdc6046d478a70db,2026,Première présidence (Ordonnance),Non publié,api,1538,0,2,0,0,0,1,1,0,0,1415,123,0,1
6a45fcd6cdc6046d478a7232,2026,Première présidence (Ordonnance),Non publié,api,2251,0,2,0,0,0,1,1,0,0,2031,220,0,1
6a45fcd8cdc6046d478a728b,2026,Première présidence (Ordonnance),Non publié,api,1923,0,2,0,0,0,1,1,0,0,1703,220,0,1
6a45fcdbcdc6046d478a7318,2026,Première présidence (Ordonnance),Non publié,api,1800,0,2,0,0,0,1,1,0,0,1580,220,0,1
6a45fce7cdc6046d478a7532,2026,Troisième chambre civile,Non publié,api,2196,0,3,0,1,0,1,1,1326,0,373,497,0,1
6a45fce9cdc6046d478a75c9,2026,Troisième chambre civile,Non publié,api,2230,0,3,0,1,0,1,1,1344,0,373,513,0,1
6a45fceccdc6046d478a7627,2026,Troisième chambre civile,Non publié,api,2620,0,3,0,1,0,1,1,1631,0,373,616,0,1
6a45fceecdc6046d478a76b7,2026,Troisième chambre civile,Non publié,api,2502,0,3,0,1,0,1,1,1495,0,373,634,0,1
6a45fcf1cdc6046d478a7716,2026,Troisième chambre civile,Non publié,api,2521,0,3,0,1,0,1,1,1515,0,508,498,0,1
6a45fcf3cdc6046d478a77bd,2026,Troisième chambre civile,Non publié,api,2844,0,3,0,1,0,1,1,1938,0,379,527,0,1
6a45fcfbcdc6046d478a7912,2026,Troisième chambre civile,Non publié,api,2528,0,3,0,1,0,1,1,1539,0,379,610,0,1
6a45fd0fcdc6046d478a7d1c,2026,Troisième chambre civile,Non publié,api,2222,0,3,0,1,0,1,1,1351,0,373,498,0,1
6a45fd16cdc6046d478a7ea5,2026,Troisième chambre civile,Non publié,api,2247,0,3,0,1,0,1,1,1307,0,373,567,0,1
6a45fd19cdc6046d478a7f0a,2026,Troisième chambre civile,Non publié,api,2582,0,3,0,1,0,1,1,1610,0,373,599,0,1
6a45fd1bcdc6046d478a7fac,2026,Troisième chambre civile,Non publié,api,2469,0,3,0,1,0,1,1,1481,0,373,615,0,1
6a45fd20cdc6046d478a80bd,2026,Troisième chambre civile,Non publié,api,2819,0,3,0,1,0,1,1,1671,0,379,769,0,1
6a45fd23cdc6046d478a8131,2026,Troisième chambre civile,Non publié,api,3663,0,3,0,1,0,1,1,2399,0,379,885,0,1
6a45fd25cdc6046d478a81e1,2026,Troisième chambre civile,Non publié,api,2591,0,3,0,1,0,1,1,1532,0,373,686,0,1
6a45fd27cdc6046d478a8248,2026,Troisième chambre civile,Non publié,api,2490,0,3,0,1,0,1,1,1507,0,379,604,0,1
6a45fd2acdc6046d478a82e3,2026,Troisième chambre civile,Non publié,api,3010,0,3,0,1,0,1,1,1907,0,379,724,0,1
6a45fd2ccdc6046d478a835c,2026,Troisième chambre civile,Non publié,api,2419,0,3,0,1,0,1,1,1435,0,373,611,0,1
6a45fd2fcdc6046d478a8401,2026,Troisième chambre civile,Non publié,api,2556,0,3,0,1,0,1,1,1517,0,379,660,0,1
6a45fd31cdc6046d478a847b,2026,Troisième chambre civile,Non publié,api,2518,0,3,0,1,0,1,1,1457,0,474,587,0,1
6a45fd36cdc6046d478a85c0,2026,Troisième chambre civile,Non publié,api,2453,0,3,0,1,0,1,1,1451,0,379,623,0,1
6a45fd3acdc6046d478a86c5,2026,Troisième chambre civile,Non publié,api,5379,0,3,0,1,0,1,1,4362,0,373,644,0,1
6a45fd3fcdc6046d478a87ec,2026,Troisième chambre civile,Non publié,api,2569,0,3,0,1,0,1,1,1547,0,379,643,0,1
6a45fd41cdc6046d478a8861,2026,Troisième chambre civile,Non publié,api,2526,0,3,0,1,0,1,1,1462,0,551,513,0,1
6a45fd44cdc6046d478a890b,2026,Troisième chambre civile,Non publié,api,3009,0,3,0,1,0,1,1,2035,0,433,541,0,1
6a45fd49cdc6046d478a8a29,2026,Troisième chambre civile,Non publié,api,2316,0,3,0,1,0,1,1,1359,0,373,584,0,1
6a45fd4bcdc6046d478a8ab2,2026,Troisième chambre civile,Non publié,api,2697,0,3,0,1,0,1,1,1622,0,373,702,0,1
6a45fd4ecdc6046d478a8b74,2026,Troisième chambre civile,Non publié,api,10877,0,5,0,1,1,1,1,3159,5739,1448,532,0,1
6a45fd54cdc6046d478a8ca4,2026,Troisième chambre civile,Non publié,api,25201,0,11,0,1,1,1,1,4163,16258,4003,784,0,1
6a45fd5acdc6046d478a8df2,2026,Troisième chambre civile,Non publié,api,25199,0,11,0,1,1,1,1,4170,16252,4000,784,0,1
6a45fd60cdc6046d478a8f6f,2026,Troisième chambre civile,Non publié,api,25060,0,11,0,1,1,1,1,4079,16214,4003,771,0,1
6a45fd65cdc6046d478a909a,2026,Troisième chambre civile,Non publié,api,25232,0,11,0,1,1,1,1,4181,16262,4011,785,0,1
6a45fd6bcdc6046d478a9227,2026,Troisième chambre civile,Non publié,api,25007,0,11,0,1,1,1,1,4069,16181,3996,768,0,1
6a45fd70cdc6046d478a9389,2026,Troisième chambre civile,Non publié,api,25047,0,11,0,1,1,1,1,4088,16197,4002,767,0,1
6a45fd76cdc6046d478a9510,2026,Troisième chambre civile,Non publié,api,25055,0,11,0,1,1,1,1,4084,16206,4003,769,0,1
6a45fd79cdc6046d478a95e1,2026,Troisième chambre civile,Non publié,api,7482,0,5,0,1,1,1,1,2863,2776,1104,740,0,1
6a45fd7ccdc6046d478a968d,2026,Troisième chambre civile,Non publié,api,6961,0,5,0,1,1,1,1,2106,1430,2045,1381,0,1
6a45fd7fcdc6046d478a976c,2026,Troisième chambre civile,Non publié,api,10927,0,5,0,1,1,1,1,1964,6687,1705,572,0,1
6a45fd82cdc6046d478a9810,2026,Troisième chambre civile,Non publié,api,7294,0,7,0,1,1,1,1,3314,1220,1449,1314,0,1
6a45fd86cdc6046d478a98f6,2026,Troisième chambre civile,Non publié,api,13032,0,9,0,1,1,1,1,4465,5198,2538,836,0,1
6a45fd89cdc6046d478a99ba,2026,Troisième chambre civile,Non publié,api,8038,0,4,0,1,0,1,1,3600,0,2780,1659,0,1
6a45fd8bcdc6046d478a9a38,2026,Troisième chambre civile,Non publié,api,6187,0,5,0,1,1,1,1,2285,987,1692,1224,0,1
6a45fd8ecdc6046d478a9aee,2026,Troisième chambre civile,Non publié,api,5673,0,7,0,1,1,1,1,1800,967,1891,1018,0,1
6a45fd91cdc6046d478a9b91,2026,Troisième chambre civile,Non publié,api,8779,0,7,0,1,1,1,1,2419,3145,1934,1284,0,1
6a45fd94cdc6046d478a9c36,2026,Troisième chambre civile,Non publié,api,4874,0,5,0,1,1,1,1,2003,847,1008,1017,0,1
6a45fd97cdc6046d478a9cfd,2026,Troisième chambre civile,Non publié,api,8857,0,5,0,1,1,1,1,5033,1219,1120,1486,0,1
6a45fd9acdc6046d478a9d96,2026,Troisième chambre civile,Non publié,api,10604,0,3,0,1,0,1,1,1901,0,6625,2078,0,1
6a45fd9dcdc6046d478a9e65,2026,Troisième chambre civile,Non publié,api,7063,0,5,0,1,1,1,1,3676,1473,1140,775,0,1
6a45fda0cdc6046d478a9ef7,2026,Troisième chambre civile,Non publié,api,8850,0,7,0,1,1,1,1,3778,2932,1425,718,0,1
6a45fda3cdc6046d478a9f9b,2026,Deuxième chambre civile,Non publié,api,3097,0,3,0,1,0,1,1,1851,0,456,790,0,1
6a45fda5cdc6046d478aa010,2026,Deuxième chambre civile,Non publié,api,2555,0,3,0,1,0,1,1,1573,0,373,609,0,1
6a45fdb5cdc6046d478aa3d7,2026,Deuxième chambre civile,Non publié,api,2881,0,3,0,1,0,1,1,2003,0,373,505,0,1
6a45fdb8cdc6046d478aa454,2026,Deuxième chambre civile,Non publié,api,2495,0,3,0,1,0,1,1,1503,0,373,619,0,1
6a45fdbacdc6046d478aa50d,2026,Deuxième chambre civile,Non publié,api,3312,0,3,0,1,0,1,1,2314,0,373,625,0,1
6a45fdbdcdc6046d478aa580,2026,Deuxième chambre civile,Non publié,api,2710,0,3,0,1,0,1,1,1747,0,373,590,0,1
6a45fdc0cdc6046d478aa62f,2026,Deuxième chambre civile,Non publié,api,3196,0,3,0,1,0,1,1,2021,0,373,802,0,1
6a45fdc2cdc6046d478aa6ad,2026,Deuxième chambre civile,Non publié,api,3431,0,3,0,1,0,1,1,2146,0,649,636,0,1
6a45fdc5cdc6046d478aa764,2026,Deuxième chambre civile,Non publié,api,3236,0,3,0,1,0,1,1,2038,0,511,687,0,1
6a45fdc7cdc6046d478aa7e5,2026,Deuxième chambre civile,Non publié,api,2581,0,3,0,1,0,1,1,1619,0,373,589,0,1
6a45fdcacdc6046d478aa88c,2026,Deuxième chambre civile,Non publié,api,2946,0,3,0,1,0,1,1,1982,0,373,591,0,1
6a45fdcccdc6046d478aa902,2026,Deuxième chambre civile,Non publié,api,2849,0,3,0,1,0,1,1,1836,0,373,640,0,1
6a45fdcfcdc6046d478aa9ad,2026,Deuxième chambre civile,Non publié,api,2601,0,3,0,1,0,1,1,1580,0,379,642,0,1
6a45fdd1cdc6046d478aaa22,2026,Deuxième chambre civile,Non publié,api,2805,0,3,0,1,0,1,1,1927,0,373,505,0,1
6a45fdd4cdc6046d478aaac6,2026,Deuxième chambre civile,Non publié,api,2502,0,3,0,1,0,1,1,1539,0,373,590,0,1
6a45fdd6cdc6046d478aab3a,2026,Deuxième chambre civile,Non publié,api,2605,0,3,0,1,0,1,1,1642,0,373,590,0,1
6a45fdd8cdc6046d478aac06,2026,Deuxième chambre civile,Non publié,api,3158,0,3,0,1,0,1,1,2096,0,373,689,0,1
6a45fddbcdc6046d478aac79,2026,Deuxième chambre civile,Non publié,api,2685,0,3,0,1,0,1,1,1743,0,373,569,0,1
6a45fdddcdc6046d478aad1c,2026,Deuxième chambre civile,Non publié,api,2578,0,3,0,1,0,1,1,1711,0,373,494,0,1
6a45fde0cdc6046d478aad95,2026,Deuxième chambre civile,Non publié,api,2436,0,3,0,1,0,1,1,1458,0,373,605,0,1
6a45fde2cdc6046d478aae53,2026,Deuxième chambre civile,Non publié,api,2484,0,3,0,1,0,1,1,1615,0,373,496,0,1
6a45fde5cdc6046d478aaec6,2026,Deuxième chambre civile,Non publié,api,2762,0,3,0,1,0,1,1,1840,0,373,549,0,1
6a45fde7cdc6046d478aaf79,2026,Deuxième chambre civile,Non publié,api,2702,0,3,0,1,0,1,1,1832,0,373,497,0,1
6a45fdeacdc6046d478ab002,2026,Deuxième chambre civile,Non publié,api,2523,0,3,0,1,0,1,1,1656,0,373,494,0,1
6a45fdedcdc6046d478ab0b5,2026,Deuxième chambre civile,Non publié,api,2673,0,3,0,1,0,1,1,1806,0,373,494,0,1
6a45fdefcdc6046d478ab127,2026,Deuxième chambre civile,Non publié,api,2600,0,3,0,1,0,1,1,1606,0,373,621,0,1
6a45fdf2cdc6046d478ab1d1,2026,Deuxième chambre civile,Non publié,api,2993,0,3,0,1,0,1,1,2067,0,285,641,0,1
6a45fdf4cdc6046d478ab244,2026,Deuxième chambre civile,Non publié,api,2576,0,3,0,1,0,1,1,1575,0,373,628,0,1
6a45fdf6cdc6046d478ab2f5,2026,Deuxième chambre civile,Non publié,api,2479,0,3,0,1,0,1,1,1513,0,379,587,0,1
6a45fdf9cdc6046d478ab360,2026,Deuxième chambre civile,Non publié,api,2436,0,3,0,1,0,1,1,1568,0,250,618,0,1
6a45fdfbcdc6046d478ab405,2026,Deuxième chambre civile,Non publié,api,2719,0,3,0,1,0,1,1,1669,0,379,671,0,1
6a45fdfdcdc6046d478ab47c,2026,Deuxième chambre civile,Non publié,api,2544,0,3,0,1,0,1,1,1564,0,373,607,0,1
6a45fe00cdc6046d478ab526,2026,Deuxième chambre civile,Non publié,api,3710,0,3,0,1,0,1,1,2536,0,570,604,0,1
6a45fe02cdc6046d478ab598,2026,Deuxième chambre civile,Non publié,api,2854,0,3,0,1,0,1,1,1857,0,373,624,0,1
6a45fe05cdc6046d478ab604,2026,Deuxième chambre civile,Non publié,api,2317,0,3,0,1,0,1,1,1441,0,379,497,0,1
6a45fe07cdc6046d478ab6b3,2026,Deuxième chambre civile,Non publié,api,2587,0,3,0,1,0,1,1,1580,0,373,634,0,1
6a45fe09cdc6046d478ab728,2026,Deuxième chambre civile,Non publié,api,2498,0,3,0,1,0,1,1,1502,0,373,623,0,1
6a45fe0ccdc6046d478ab7c5,2026,Deuxième chambre civile,Non publié,api,2256,0,3,0,1,0,1,1,1389,0,373,494,0,1
6a45fe0ecdc6046d478ab839,2026,Deuxième chambre civile,Non publié,api,2743,0,3,0,1,0,1,1,1664,0,373,706,0,1
6a45fe11cdc6046d478ab8ff,2026,Deuxième chambre civile,Non publié,api,6497,0,4,0,1,0,1,1,2154,0,3879,465,0,1
6a45fe14cdc6046d478ab99e,2026,Deuxième chambre civile,Non publié,api,5649,0,4,0,1,0,1,1,2435,0,2462,753,0,1
6a45fe16cdc6046d478aba41,2026,Deuxième chambre civile,Non publié,api,3206,0,3,0,1,0,1,1,1642,0,746,818,0,1
6a45fe1acdc6046d478abb09,2026,Deuxième chambre civile,Non publié,api,12297,0,7,0,1,1,1,1,2758,5888,2989,665,0,1
6a45fe1ccdc6046d478abb97,2026,Deuxième chambre civile,Non publié,api,5589,0,5,0,1,1,1,1,2389,1408,790,1003,0,1
6a45fe1fcdc6046d478abc54,2026,Deuxième chambre civile,Non publié,api,6770,0,5,0,1,1,1,1,1853,1725,2135,1058,0,1
6a45fe22cdc6046d478abcdb,2026,Deuxième chambre civile,Non publié,api,5625,0,5,0,1,1,1,1,1922,915,1577,1212,0,1
6a45fe25cdc6046d478abd9d,2026,Deuxième chambre civile,Non publié,api,7376,0,5,0,1,1,1,1,2717,1543,1844,1273,0,1
6a45fe28cdc6046d478abe21,2026,Deuxième chambre civile,Non publié,api,5657,0,5,0,1,1,1,1,2960,744,856,1098,0,1
6a45fe2bcdc6046d478abeda,2026,Deuxième chambre civile,Non publié,api,7000,0,5,0,1,1,1,1,2570,1535,1651,1245,0,1
6a45fe2ecdc6046d478abfa9,2026,Deuxième chambre civile,Non publié,api,8068,0,5,0,1,1,1,1,2973,1749,2065,1282,0,1
6a45fe31cdc6046d478ac035,2026,Deuxième chambre civile,Non publié,api,8052,0,5,0,1,1,1,1,1863,1561,3622,1007,0,1
6a45fe34cdc6046d478ac0f8,2026,Deuxième chambre civile,Non publié,api,8117,0,5,0,1,1,1,1,2262,774,3614,1468,0,1
6a45fe37cdc6046d478ac180,2026,Deuxième chambre civile,Non publié,api,6624,0,5,0,1,1,1,1,2098,959,2323,1245,0,1
6a45fe3acdc6046d478ac246,2026,Deuxième chambre civile,Non publié,api,8296,0,5,0,1,1,1,1,3281,1911,1453,1652,0,1
6a45fe3dcdc6046d478ac314,2026,Deuxième chambre civile,Non publié,api,9174,0,5,0,1,1,1,1,4300,1386,2103,1386,0,1
6a45fe40cdc6046d478ac3a5,2026,Deuxième chambre civile,Non publié,api,9204,0,5,0,1,1,1,1,4333,1384,2101,1387,0,1
6a45fe43cdc6046d478ac465,2026,Deuxième chambre civile,Non publié,api,6363,0,5,0,1,1,1,1,3207,754,1322,1081,0,1
6a45fe46cdc6046d478ac52f,2026,Deuxième chambre civile,Non publié,api,8156,0,7,0,1,1,1,1,3123,1663,2039,1334,0,1
6a45fe4ccdc6046d478ac662,2026,Chambre sociale,Publié au Bulletin,api,6593,0,4,0,1,0,1,1,2142,0,3915,537,0,1
6a45fe4ecdc6046d478ac6f3,2026,Troisième chambre civile,Publié au Bulletin,api,6304,423,5,1,1,1,1,1,2567,1430,1156,1152,0,1
6a45fe52cdc6046d478ac7d9,2026,Troisième chambre civile,Publié au Bulletin,api,13224,576,9,1,1,1,1,1,3439,2284,5268,2238,0,1
6a45fe55cdc6046d478ac860,2026,Deuxième chambre civile,Publié au Bulletin|Publié aux Lettres de chambre,api,6812,0,4,0,1,0,1,1,2158,0,4193,462,0,1
6a45fe57cdc6046d478ac916,2026,Deuxième chambre civile,Publié au Bulletin|Publié aux Lettres de chambre,api,4220,393,4,1,1,0,1,1,1927,0,1218,1076,0,1
6a45fe5acdc6046d478ac9da,2026,Deuxième chambre civile,Publié au Bulletin|Publié aux Lettres de chambre,api,8204,701,5,1,1,1,1,1,2377,1845,3330,653,0,1
6a45fe5ecdc6046d478aca76,2026,Deuxième chambre civile,Publié au Bulletin|Publié aux Lettres de chambre,api,13435,1630,9,1,1,1,1,1,1922,5823,4801,894,0,1
6a45fe61cdc6046d478acbb9,2026,Deuxième chambre civile,Publié au Bulletin|Publié aux Lettres de chambre,api,11692,725,7,1,1,1,1,1,4714,1820,2971,2190,0,1
6a45fe64cdc6046d478accb8,2026,Deuxième chambre civile,Publié au Bulletin|Publié aux Lettres de chambre,api,10965,1057,4,1,1,0,1,1,3470,0,6241,1255,0,1
6a45fe6bcdc6046d478ad048,2026,Première chambre civile,Publié au Bulletin,api,13764,390,7,1,1,1,1,1,4102,5671,3389,605,0,1
6a4748a293c619cd1f2dac7c,2026,Deuxième chambre civile,Non publié,api,2459,0,3,0,1,0,1,1,1590,0,373,496,0,1
6a4748a593c619cd1f2daca7,2026,Deuxième chambre civile,Non publié,api,2296,0,3,0,1,0,1,1,1414,0,373,509,0,1
6a4748a793c619cd1f2dacd5,2026,Deuxième chambre civile,Non publié,api,2607,0,3,0,1,0,1,1,1542,0,373,692,0,1
6a4748ad93c619cd1f2dad4c,2026,Assemblée plénière,Publié au Bulletin|Publié au Rapport,api,29484,1024,9,1,1,1,1,1,17250,3232,7323,1684,0,1
6a4748b393c619cd1f2dadb6,2026,Assemblée plénière,Publié au Bulletin|Publié au Rapport,api,29580,1024,9,1,1,1,1,1,17315,3213,7361,1696,0,1
6a4748b693c619cd1f2dadf8,2026,Première présidence (Ordonnance),Non publié,api,5247,0,2,0,0,0,1,1,0,0,4936,311,0,1
6a4748b893c619cd1f2dae1a,2026,Première présidence (Ordonnance),Non publié,api,2592,0,2,0,0,0,1,1,0,0,2098,494,0,1
6a4748bb93c619cd1f2dae46,2026,Première présidence (Ordonnance),Non publié,api,3331,0,2,0,0,0,1,1,0,0,3078,253,0,1
6a4748bd93c619cd1f2dae5f,2026,Première présidence (Ordonnance),Non publié,api,3221,0,2,0,0,0,1,1,0,0,2727,494,0,1
6a4748c093c619cd1f2dae8a,2026,Première présidence (Ordonnance),Non publié,api,4111,0,2,0,0,0,1,1,0,0,3616,495,0,1
6a4748c293c619cd1f2daea8,2026,Première présidence (Ordonnance),Non publié,api,2439,0,2,0,0,0,1,1,0,0,2187,252,0,1
6a4748c593c619cd1f2daecf,2026,Première présidence (Ordonnance),Non publié,api,2408,0,2,0,0,0,1,1,0,0,2156,252,0,1
6a4748c793c619cd1f2daeeb,2026,Première présidence (Ordonnance),Non publié,api,2968,0,2,0,0,0,1,1,0,0,2460,508,0,1
6a4748c993c619cd1f2daf11,2026,Première présidence (Ordonnance),Non publié,api,1840,0,2,0,0,0,1,1,0,0,1543,297,0,1
6a4748cc93c619cd1f2daf30,2026,Première présidence (Ordonnance),Non publié,api,2318,0,2,0,0,0,1,1,0,0,2023,295,0,1
6a4748ce93c619cd1f2daf56,2026,Première présidence (Ordonnance),Non publié,api,1932,0,2,0,0,0,1,1,0,0,1635,297,0,1
6a4748d193c619cd1f2daf76,2026,Première présidence (Ordonnance),Non publié,api,2176,0,2,0,0,0,1,1,0,0,1880,296,0,1
6a4748d393c619cd1f2daf9a,2026,Première présidence (Ordonnance),Non publié,api,1920,0,2,0,0,0,1,1,0,0,1625,295,0,1
6a4748d693c619cd1f2dafb6,2026,Première présidence (Ordonnance),Non publié,api,1879,0,2,0,0,0,1,1,0,0,1582,297,0,1
6a4748d893c619cd1f2dafdd,2026,Première présidence (Ordonnance),Non publié,api,1892,0,2,0,0,0,1,1,0,0,1596,296,0,1
6a4748da93c619cd1f2daffe,2026,Première présidence (Ordonnance),Non publié,api,2984,0,2,0,0,0,1,1,0,0,2515,469,0,1
6a4748dd93c619cd1f2db034,2026,Première présidence (Ordonnance),Non publié,api,1898,0,2,0,0,0,1,1,0,0,1646,252,0,1
6a4748ea93c619cd1f2db246,2026,Première présidence (Ordonnance),Non publié,api,1831,0,2,0,0,0,1,1,0,0,1578,253,0,1
6a4748ed93c619cd1f2db26e,2026,Première présidence (Ordonnance),Non publié,api,2540,0,2,0,0,0,1,1,0,0,2047,493,0,1
6a4748ef93c619cd1f2db288,2026,Première présidence (Ordonnance),Non publié,api,2519,0,2,0,0,0,1,1,0,0,2270,249,0,1
6a4748f293c619cd1f2db2b0,2026,Première présidence (Ordonnance),Non publié,api,2490,0,2,0,0,0,1,1,0,0,2239,251,0,1
6a4748f593c619cd1f2db2d6,2026,Première présidence (Ordonnance),Non publié,api,5480,0,2,0,0,0,1,1,0,0,5228,252,0,1
6a4748f793c619cd1f2db2fb,2026,Première présidence (Ordonnance),Non publié,api,2819,0,2,0,0,0,1,1,0,0,2566,253,0,1
6a4748fa93c619cd1f2db316,2026,Première présidence (Ordonnance),Non publié,api,2418,0,2,0,0,0,1,1,0,0,1924,494,0,1
6a4748fc93c619cd1f2db33c,2026,Première présidence (Ordonnance),Non publié,api,2190,0,2,0,0,0,1,1,0,0,1696,494,0,1
6a4748fe93c619cd1f2db35f,2026,Première présidence (Ordonnance),Non publié,api,2227,0,2,0,0,0,1,1,0,0,1733,494,0,1
6a47490193c619cd1f2db386,2026,Première présidence (Ordonnance),Non publié,api,3874,0,2,0,0,0,1,1,0,0,3404,470,0,1
6a47490393c619cd1f2db39f,2026,Première présidence (Ordonnance),Non publié,api,2641,0,2,0,0,0,1,1,0,0,2169,472,0,1
6a47490693c619cd1f2db3c5,2026,Première présidence (Ordonnance),Non publié,api,2236,0,2,0,0,0,1,1,0,0,1900,336,0,1
6a4de3a693c619cd1f8403e6,2026,Chambre sociale,Non publié,api,2327,0,3,0,1,0,1,1,1466,0,373,488,0,1
6a4de3a893c619cd1f840403,2026,Chambre sociale,Non publié,api,2529,0,3,0,1,0,1,1,1519,0,373,637,0,1
6a4de3ac93c619cd1f840462,2026,Chambre sociale,Non publié,api,2541,0,3,0,1,0,1,1,1712,0,373,456,0,1
6a4de3af93c619cd1f84049e,2026,Chambre sociale,Non publié,api,2645,0,3,0,1,0,1,1,1546,0,499,600,0,1
6a4de3b193c619cd1f8404d7,2026,Chambre sociale,Non publié,api,2695,0,3,0,1,0,1,1,1667,0,373,655,0,1
6a4de3b493c619cd1f84050c,2026,Chambre sociale,Non publié,api,2693,0,3,0,1,0,1,1,1579,0,373,741,0,1
6a4de3b693c619cd1f84054b,2026,Chambre sociale,Non publié,api,2530,0,3,0,1,0,1,1,1587,0,373,570,0,1
6a4de3b993c619cd1f840588,2026,Chambre sociale,Non publié,api,2417,0,3,0,1,0,1,1,1502,0,373,542,0,1
6a4de3bc93c619cd1f8405bb,2026,Chambre sociale,Non publié,api,2849,0,3,0,1,0,1,1,1972,0,373,504,0,1
6a4de3be93c619cd1f8405fc,2026,Chambre sociale,Non publié,api,2381,0,3,0,1,0,1,1,1520,0,373,488,0,1
6a4de3c193c619cd1f84063a,2026,Chambre sociale,Non publié,api,2373,0,3,0,1,0,1,1,1506,0,379,488,0,1
6a4de3c393c619cd1f84066f,2026,Chambre sociale,Non publié,api,2382,0,3,0,1,0,1,1,1412,0,373,597,0,1
6a4de3c593c619cd1f8406a4,2026,Chambre sociale,Non publié,api,2417,0,3,0,1,0,1,1,1582,0,379,456,0,1
6a4de3c893c619cd1f8406ea,2026,Chambre sociale,Non publié,api,2382,0,3,0,1,0,1,1,1531,0,379,472,0,1
6a4de3ca93c619cd1f840729,2026,Chambre sociale,Non publié,api,2331,0,3,0,1,0,1,1,1463,0,379,489,0,1
6a4de3cd93c619cd1f840760,2026,Chambre sociale,Non publié,api,2417,0,3,0,1,0,1,1,1530,0,368,519,0,1
6a4de3d093c619cd1f840798,2026,Chambre sociale,Non publié,api,2689,0,3,0,1,0,1,1,1765,0,366,558,0,1
6a4de3d293c619cd1f8407e0,2026,Chambre sociale,Non publié,api,2496,0,3,0,1,0,1,1,1617,0,373,506,0,1
6a4de3d593c619cd1f84082e,2026,Chambre sociale,Non publié,api,9304,0,7,0,1,1,1,1,2361,1393,4302,1251,0,1
6a4de3d893c619cd1f840880,2026,Chambre sociale,Non publié,api,8027,0,5,0,1,1,1,1,2350,1588,3150,940,0,1
6a4de3dc93c619cd1f8408ce,2026,Chambre sociale,Non publié,api,6171,0,5,0,1,1,1,1,2193,1367,1632,980,0,1
6a4de3df93c619cd1f840920,2026,Chambre sociale,Non publié,api,5708,0,7,0,1,1,1,1,2771,1727,724,489,0,1
6a4de3e293c619cd1f84098b,2026,Chambre sociale,Non publié,api,12361,0,7,0,1,1,1,1,3037,5015,2867,1445,0,1
6a4de3e593c619cd1f8409d8,2026,Chambre sociale,Non publié,api,10417,0,9,0,1,1,1,1,2374,4005,2984,1059,0,1
6a4de3e893c619cd1f840adb,2026,Chambre sociale,Non publié,api,6403,0,5,0,1,1,1,1,2979,1119,1242,1064,0,1
6a4de3eb93c619cd1f840bce,2026,Chambre sociale,Non publié,api,5961,0,5,0,1,1,1,1,2171,1494,1112,1185,0,1
6a4de3ee93c619cd1f840c29,2026,Chambre sociale,Non publié,api,8549,0,5,0,1,1,1,1,2522,2667,2292,1069,0,1
6a4de3f293c619cd1f840c9a,2026,Chambre sociale,Non publié,api,9098,0,5,0,1,1,1,1,4087,1307,2748,957,0,1
6a4de3f593c619cd1f840ceb,2026,Chambre sociale,Non publié,api,10477,0,9,0,1,1,1,1,3128,4256,2583,515,0,1
6a4de3f993c619cd1f840d3b,2026,Chambre sociale,Non publié,api,7017,0,7,0,1,1,1,1,2872,2203,1430,515,0,1
6a4de3fc93c619cd1f840da0,2026,Chambre sociale,Non publié,api,8324,0,7,0,1,1,1,1,2638,2906,1764,1019,0,1
6a4de40b93c619cd1f840f56,2026,Chambre sociale,Non publié,api,12795,0,5,0,1,1,1,1,2727,3728,4380,1961,0,1
6a4de40e93c619cd1f840fa0,2026,Chambre sociale,Non publié,api,5827,0,4,0,1,0,1,1,2297,0,2479,1052,0,1
6a4de41293c619cd1f841024,2026,Chambre sociale,Non publié,api,17135,0,11,0,1,1,1,1,3230,6335,5848,1729,0,1
6a4de41593c619cd1f841089,2026,Chambre sociale,Non publié,api,8856,0,7,0,1,1,1,1,3619,3176,1455,609,0,1
6a4de41893c619cd1f8410f6,2026,Chambre sociale,Non publié,api,10514,0,5,0,1,1,1,1,2373,2211,4481,1450,0,1
6a4de41b93c619cd1f841168,2026,Chambre sociale,Non publié,api,8616,0,7,0,1,1,1,1,2002,1805,3518,1294,0,1
6a4de41e93c619cd1f8411c7,2026,Chambre sociale,Non publié,api,8783,0,5,0,1,1,1,1,2078,4104,2114,488,0,1
6a4de42193c619cd1f841229,2026,Chambre sociale,Non publié,api,11255,0,7,0,1,1,1,1,2545,3460,4004,1249,0,1
6a4de42793c619cd1f8412ff,2026,Chambre sociale,Non publié,api,25628,0,9,0,1,1,1,1,2199,13358,8524,1552,0,1
6a4de42a93c619cd1f84135a,2026,Chambre sociale,Non publié,api,8307,0,7,0,1,1,1,1,2384,2280,2466,1180,0,1
6a4de42e93c619cd1f8413d9,2026,Chambre sociale,Non publié,api,11996,0,5,0,1,1,1,1,1884,4618,4868,627,0,1
6a4de43193c619cd1f841451,2026,Chambre sociale,Non publié,api,12674,0,5,0,1,1,1,1,2994,4719,4340,622,0,1
6a4de43493c619cd1f8414c3,2026,Chambre sociale,Non publié,api,13355,0,5,0,1,1,1,1,2928,6407,3370,651,0,1
6a4de43793c619cd1f841527,2026,Chambre sociale,Non publié,api,6514,0,7,0,1,1,1,1,1949,1196,2088,1284,0,1
6a4de43a93c619cd1f84159d,2026,Chambre sociale,Non publié,api,9351,0,9,0,1,1,1,1,2215,2788,2914,1439,0,1
6a4de43e93c619cd1f841601,2026,Chambre sociale,Non publié,api,12628,0,5,0,1,1,1,1,2796,6456,2807,570,0,1
6a4de44093c619cd1f84165f,2026,Chambre commerciale financière et économique,Non publié,api,2802,0,3,0,1,0,1,1,1576,0,373,853,0,1
6a4de44393c619cd1f8416c9,2026,Chambre commerciale financière et économique,Non publié,api,3011,0,3,0,1,0,1,1,1881,0,373,757,0,1
6a4de44593c619cd1f841722,2026,Chambre commerciale financière et économique,Non publié,api,3054,0,3,0,1,0,1,1,1797,0,373,884,0,1
6a4de44893c619cd1f841772,2026,Chambre commerciale financière et économique,Non publié,api,2976,0,3,0,1,0,1,1,1732,0,373,871,0,1
6a4de44a93c619cd1f8417d0,2026,Chambre commerciale financière et économique,Non publié,api,2843,0,3,0,1,0,1,1,1592,0,373,878,0,1
6a4de44d93c619cd1f84183d,2026,Chambre commerciale financière et économique,Non publié,api,2844,0,3,0,1,0,1,1,1598,0,373,873,0,1
6a4de44f93c619cd1f841899,2026,Chambre commerciale financière et économique,Non publié,api,3147,0,3,0,1,0,1,1,2023,0,373,751,0,1
6a4de45293c619cd1f8418eb,2026,Chambre commerciale financière et économique,Non publié,api,3147,0,3,0,1,0,1,1,2025,0,373,749,0,1
6a4de45493c619cd1f841956,2026,Chambre commerciale financière et économique,Non publié,api,2817,0,3,0,1,0,1,1,1697,0,373,747,0,1
6a4de45793c619cd1f8419c4,2026,Chambre commerciale financière et économique,Non publié,api,2813,0,3,0,1,0,1,1,1584,0,373,856,0,1
6a4de45993c619cd1f841a1e,2026,Chambre commerciale financière et économique,Non publié,api,2787,0,3,0,1,0,1,1,1533,0,373,881,0,1
6a4de45c93c619cd1f841a80,2026,Chambre commerciale financière et économique,Non publié,api,2826,0,3,0,1,0,1,1,1550,0,373,903,0,1
6a4de45e93c619cd1f841ade,2026,Chambre commerciale financière et économique,Non publié,api,2709,0,3,0,1,0,1,1,1518,0,373,818,0,1
6a4de46193c619cd1f841b65,2026,Chambre commerciale financière et économique,Non publié,api,3460,0,3,0,1,0,1,1,2130,0,379,951,0,1
6a4de46493c619cd1f841bce,2026,Chambre commerciale financière et économique,Non publié,api,4546,0,3,0,1,0,1,1,3105,0,379,1062,0,1
6a4de46693c619cd1f841c2c,2026,Chambre commerciale financière et économique,Non publié,api,3025,0,3,0,1,0,1,1,1682,0,373,970,0,1
6a4de46993c619cd1f841ca3,2026,Chambre commerciale financière et économique,Non publié,api,3092,0,3,0,1,0,1,1,1876,0,373,843,0,1
6a4de46b93c619cd1f841d14,2026,Chambre commerciale financière et économique,Non publié,api,2565,0,3,0,1,0,1,1,1393,0,379,793,0,1
6a4de46e93c619cd1f841d78,2026,Chambre commerciale financière et économique,Non publié,api,2716,0,3,0,1,0,1,1,1507,0,379,830,0,1
6a4de47093c619cd1f841de1,2026,Chambre commerciale financière et économique,Non publié,api,3083,0,3,0,1,0,1,1,1967,0,379,737,0,1
6a4de47493c619cd1f841e67,2026,Chambre commerciale financière et économique,Non publié,api,6810,0,3,0,1,0,1,1,3748,0,1080,1982,0,1
6a4de47693c619cd1f841ed0,2026,Chambre commerciale financière et économique,Non publié,api,2848,0,3,0,1,0,1,1,1643,0,426,779,0,1
6a4de47893c619cd1f841f32,2026,Chambre commerciale financière et économique,Non publié,api,3411,0,3,0,1,0,1,1,1742,0,666,1003,0,1
6a4de47b93c619cd1f841f83,2026,Chambre commerciale financière et économique,Non publié,api,3379,0,3,0,1,0,1,1,1726,0,662,991,0,1
6a4de47d93c619cd1f841fe0,2026,Chambre commerciale financière et économique,Non publié,api,3340,0,3,0,1,0,1,1,1727,0,652,961,0,1
6a4de48093c619cd1f842039,2026,Chambre commerciale financière et économique,Non publié,api,3422,0,3,0,1,0,1,1,1782,0,659,981,0,1
6a4de48393c619cd1f84209d,2026,Chambre commerciale financière et économique,Non publié,api,3511,0,3,0,1,0,1,1,1790,0,679,1042,0,1
6a4de48593c619cd1f8420ec,2026,Chambre commerciale financière et économique,Non publié,api,3392,0,3,0,1,0,1,1,1728,0,665,999,0,1
6a4de48893c619cd1f842154,2026,Chambre commerciale financière et économique,Non publié,api,3401,0,3,0,1,0,1,1,1744,0,663,994,0,1
6a4de48a93c619cd1f8421ae,2026,Chambre commerciale financière et économique,Non publié,api,3497,0,3,0,1,0,1,1,1776,0,679,1042,0,1
6a4de48d93c619cd1f842207,2026,Chambre commerciale financière et économique,Non publié,api,3393,0,3,0,1,0,1,1,1736,0,663,994,0,1
6a4de48f93c619cd1f842251,2026,Chambre commerciale financière et économique,Non publié,api,3368,0,3,0,1,0,1,1,1735,0,657,976,0,1
6a4de49293c619cd1f8422b3,2026,Chambre commerciale financière et économique,Non publié,api,3440,0,3,0,1,0,1,1,1731,0,676,1033,0,1
6a4de49493c619cd1f84231b,2026,Chambre commerciale financière et économique,Non publié,api,3333,0,3,0,1,0,1,1,1692,0,659,982,0,1
6a4de49793c619cd1f842377,2026,Chambre commerciale financière et économique,Non publié,api,3437,0,3,0,1,0,1,1,1727,0,676,1034,0,1
6a4de49993c619cd1f8423c6,2026,Chambre commerciale financière et économique,Non publié,api,3276,0,3,0,1,0,1,1,1663,0,652,961,0,1
6a4de4a793c619cd1f8425c3,2026,Chambre commerciale financière et économique,Non publié,api,3340,0,3,0,1,0,1,1,1695,0,660,985,0,1
6a4de4aa93c619cd1f84262c,2026,Chambre commerciale financière et économique,Non publié,api,8007,0,7,0,1,1,1,1,4005,1027,1134,1844,0,1
6a4de4ae93c619cd1f842689,2026,Chambre commerciale financière et économique,Non publié,regles,9348,0,3,0,1,1,0,1,1451,4997,0,901,0,1
6a4de4b193c619cd1f842717,2026,Chambre commerciale financière et économique,Non publié,api,11226,0,7,0,1,1,1,1,3576,3705,2612,1336,0,1
6a4de4b493c619cd1f842768,2026,Chambre commerciale financière et économique,Non publié,api,6187,0,5,0,1,1,1,1,2184,940,1497,1567,0,1
6a4de4b793c619cd1f8427cc,2026,Chambre commerciale financière et économique,Non publié,api,7434,0,7,0,1,1,1,1,3250,1307,1816,1064,0,1
6a4de4b993c619cd1f84283b,2026,Chambre commerciale financière et économique,Non publié,api,6864,0,7,0,1,1,1,1,2043,1192,2187,1445,0,1
6a4de4bd93c619cd1f8428b0,2026,Chambre commerciale financière et économique,Non publié,api,10476,0,7,0,1,1,1,1,2386,2575,4074,1444,0,1
6a4de4c093c619cd1f84290f,2026,Chambre commerciale financière et économique,Non publié,api,7584,0,9,0,1,1,1,1,2518,1715,1835,1521,0,1
6a4de4c293c619cd1f84296b,2026,Chambre commerciale financière et économique,Non publié,api,2950,0,3,0,1,0,1,1,1948,0,427,575,0,1
6a4de4c593c619cd1f8429da,2026,Première chambre civile,Non publié,api,4174,0,3,0,1,0,1,1,3145,0,530,499,0,1
6a4de4c893c619cd1f842a26,2026,Première chambre civile,Non publié,api,2500,0,3,0,1,0,1,1,1525,0,379,596,0,1
6a4de4ca93c619cd1f842a78,2026,Première chambre civile,Non publié,api,2583,0,3,0,1,0,1,1,1618,0,373,592,0,1
6a4de4cc93c619cd1f842b03,2026,Première chambre civile,Non publié,api,2318,0,3,0,1,0,1,1,1369,0,379,570,0,1
6a4de4cf93c619cd1f842b6d,2026,Première chambre civile,Non publié,api,2894,0,3,0,1,0,1,1,1699,0,542,653,0,1
6a4de4d193c619cd1f842bbd,2026,Première chambre civile,Non publié,api,2501,0,3,0,1,0,1,1,1506,0,379,616,0,1
6a4de4d493c619cd1f842c0c,2026,Première chambre civile,Non publié,api,2230,0,3,0,1,0,1,1,1360,0,373,497,0,1
6a4de4d693c619cd1f842c68,2026,Première chambre civile,Non publié,api,3132,0,3,0,1,0,1,1,1888,0,474,770,0,1
6a4de4d993c619cd1f842ce2,2026,Première chambre civile,Non publié,api,2568,0,3,0,1,0,1,1,1569,0,373,626,0,1
6a4de4db93c619cd1f842d37,2026,Première chambre civile,Non publié,api,2427,0,3,0,1,0,1,1,1543,0,379,505,0,1
6a4de4de93c619cd1f842d86,2026,Première chambre civile,Non publié,api,2563,0,3,0,1,0,1,1,1552,0,238,773,0,1
6a4de4e193c619cd1f842df6,2026,Première chambre civile,Non publié,api,9899,0,5,0,1,1,1,1,3736,2513,2977,674,0,1
6a4de4e493c619cd1f842e61,2026,Première chambre civile,Non publié,api,9391,0,5,0,1,1,1,1,2591,1441,3777,1583,0,1
6a4de4e793c619cd1f842ed9,2026,Première chambre civile,Non publié,api,4458,0,3,0,1,0,1,1,2701,0,1094,663,0,1
6a4de4ea93c619cd1f842f36,2026,Première chambre civile,Non publié,api,9106,0,7,0,1,1,1,1,2260,2002,3757,1090,0,1
6a4de4ed93c619cd1f842faa,2026,Première chambre civile,Non publié,api,6896,0,5,0,1,1,1,1,2533,1797,1956,611,0,1
6a4de4ef93c619cd1f842ffe,2026,Première chambre civile,Non publié,api,5590,0,7,0,1,1,1,1,1909,1664,1498,522,0,1
6a4de4f293c619cd1f84305f,2026,Première chambre civile,Non publié,api,3876,0,5,0,1,1,1,1,1724,563,469,1121,0,1
6a4de4f693c619cd1f8430d8,2026,Première chambre civile,Non publié,api,9025,0,5,0,1,1,1,1,4389,1586,1711,1340,0,1
6a4de4f993c619cd1f843142,2026,Première chambre civile,Non publié,api,7477,0,5,0,1,1,1,1,3059,1532,1684,1203,0,1
6a4de4fc93c619cd1f8431a6,2026,Première chambre civile,Non publié,api,7792,0,5,0,1,1,1,1,3284,1552,1684,1273,0,1
6a4de4ff93c619cd1f843212,2026,Première chambre civile,Non publié,api,7481,0,5,0,1,1,1,1,3063,1532,1684,1203,0,1
6a4de50293c619cd1f84327e,2026,Première chambre civile,Non publié,api,7177,0,5,0,1,1,1,1,2801,1493,1685,1199,0,1
6a4de50593c619cd1f8432f5,2026,Première chambre civile,Non publié,api,8264,0,5,0,1,1,1,1,3544,1523,1707,1491,0,1
6a4de50893c619cd1f843362,2026,Première chambre civile,Non publié,api,7503,0,5,0,1,1,1,1,3107,1510,1685,1202,0,1
6a4de50b93c619cd1f8433dc,2026,Première chambre civile,Non publié,api,7352,0,5,0,1,1,1,1,2966,1500,1685,1202,0,1
6a4de50e93c619cd1f843439,2026,Première chambre civile,Non publié,api,7834,0,5,0,1,1,1,1,3341,1529,1685,1280,0,1
6a4de51193c619cd1f8434a6,2026,Première chambre civile,Non publié,api,7274,0,5,0,1,1,1,1,2902,1503,1668,1202,0,1
6a4de51493c619cd1f84352d,2026,Première chambre civile,Non publié,api,7478,0,5,0,1,1,1,1,2979,1536,1665,1299,0,1
6a4de51793c619cd1f843598,2026,Première chambre civile,Non publié,api,7788,0,5,0,1,1,1,1,3000,1764,1837,1188,0,1
6a4de51a93c619cd1f8435f1,2026,Première chambre civile,Non publié,api,4645,0,2,0,1,0,0,1,3910,0,0,735,0,1
6a4de51d93c619cd1f843664,2026,Première chambre civile,Non publié,api,6786,0,6,0,1,1,1,1,2606,52,2722,1408,0,1
6a4de52093c619cd1f8436c8,2026,Première chambre civile,Non publié,api,7716,0,7,0,1,1,1,1,3054,2118,1948,599,0,1
6a4de52493c619cd1f843748,2026,Chambre sociale,Publié au Bulletin,api,17951,674,7,1,1,1,1,1,4070,6193,5840,1851,0,1
6a4de52793c619cd1f8437c3,2026,Chambre sociale,Publié au Bulletin,api,10612,230,5,1,1,1,1,1,3276,5590,1198,549,0,1
6a4de52b93c619cd1f84383b,2026,Chambre sociale,Publié au Bulletin,api,11827,1091,9,1,1,1,1,1,2955,3114,5230,533,0,1
6a4de52e93c619cd1f84389f,2026,Chambre sociale,Publié au Bulletin,api,10020,272,7,1,1,1,1,1,1970,1221,5647,1185,0,1
6a4de53393c619cd1f84395c,2026,Chambre sociale,Publié au Bulletin,api,32627,1250,5,1,1,1,1,1,4681,14094,13082,771,0,1
6a4de53793c619cd1f8439e7,2026,Chambre sociale,Publié au Bulletin|Publié aux Lettres de chambre,api,16240,729,7,1,1,1,1,1,3211,4654,7096,1282,0,1
6a4de53c93c619cd1f843a8f,2026,Chambre sociale,Publié au Bulletin,api,24520,828,5,1,1,1,1,1,9485,4292,9484,1260,0,1
6a4de53f93c619cd1f843b0a,2026,Chambre commerciale financière et économique,Publié au Bulletin,api,9058,453,7,1,1,1,1,1,3239,2139,2176,1507,0,1
6a4de54393c619cd1f843b89,2026,Chambre commerciale financière et économique,Publié au Bulletin,api,15395,460,9,1,1,1,1,1,3157,4345,6289,1609,0,1
6a4de54693c619cd1f843c12,2026,Chambre commerciale financière et économique,Publié au Bulletin,api,5198,380,7,1,1,1,1,1,2090,974,1277,860,0,1
6a4de54993c619cd1f843c90,2026,Chambre commerciale financière et économique,Publié au Bulletin,api,9466,1900,7,1,1,1,1,1,2148,1921,3589,1811,0,1
6a4de54d93c619cd1f843d12,2026,Chambre commerciale financière et économique,Publié au Bulletin,api,8506,0,7,0,1,1,1,1,2481,1452,2877,1699,0,1
6a4de55f93c619cd1f844032,2026,Chambre commerciale financière et économique,Publié au Bulletin,api,21749,0,9,0,1,1,1,1,3358,4850,11767,1779,0,1
6a4de56293c619cd1f8440b8,2026,Chambre commerciale financière et économique,Publié au Bulletin|Publié aux Lettres de chambre,api,12495,1346,7,1,1,1,1,1,4177,2578,4212,1531,0,1
6a4de56593c619cd1f844155,2026,Chambre commerciale financière et économique,Publié au Bulletin|Publié aux Lettres de chambre,api,9782,591,5,1,1,1,1,1,3892,2218,2000,1673,0,1
6a4f36cb93c619cd1f956ba7,2026,Chambre sociale,Non publié,api,12334,0,5,0,1,1,1,1,2794,1567,6731,1243,0,1
6a4f36ce93c619cd1f956bed,2026,Chambre sociale,Non publié,api,8471,0,5,0,1,1,1,1,2421,2351,2400,1300,0,1
6a4f36d293c619cd1f956c3b,2026,Troisième chambre civile,Non publié,api,7868,0,3,0,1,0,1,1,5546,0,1488,834,0,1
6a4f36d593c619cd1f956c6f,2026,Troisième chambre civile,Non publié,api,2525,0,3,0,1,0,1,1,1453,0,373,699,0,1
6a4f36d793c619cd1f956cb2,2026,Troisième chambre civile,Non publié,api,2965,0,3,0,1,0,1,1,1715,0,373,877,0,1
6a4f36da93c619cd1f956ce9,2026,Troisième chambre civile,Non publié,api,2903,0,3,0,1,0,1,1,1607,0,392,904,0,1
6a4f36dc93c619cd1f956d1c,2026,Troisième chambre civile,Non publié,api,2661,0,3,0,1,0,1,1,1356,0,279,1026,0,1
6a4f36df93c619cd1f956d4e,2026,Troisième chambre civile,Non publié,api,2756,0,3,0,1,0,1,1,1541,0,373,842,0,1
6a4f36e193c619cd1f956d92,2026,Troisième chambre civile,Non publié,api,2441,0,3,0,1,0,1,1,1370,0,373,698,0,1
6a4f36e493c619cd1f956de2,2026,Troisième chambre civile,Non publié,api,3004,0,3,0,1,0,1,1,1727,0,379,898,0,1
6a4f36e693c619cd1f956e20,2026,Troisième chambre civile,Non publié,api,3744,0,3,0,1,0,1,1,2242,0,661,841,0,1
6a4f36e993c619cd1f956e5e,2026,Troisième chambre civile,Non publié,api,2940,0,3,0,1,0,1,1,1639,0,510,791,0,1
6a4f36eb93c619cd1f956e9f,2026,Troisième chambre civile,Non publié,api,2495,0,3,0,1,0,1,1,1351,0,373,771,0,1
6a4f36ee93c619cd1f956edf,2026,Troisième chambre civile,Non publié,api,2467,0,3,0,1,0,1,1,1324,0,373,770,0,1
6a4f36f093c619cd1f956f27,2026,Troisième chambre civile,Non publié,api,2870,0,3,0,1,0,1,1,1644,0,312,914,0,1
6a4f36f393c619cd1f956f6d,2026,Troisième chambre civile,Non publié,api,3535,0,3,0,1,0,1,1,2445,0,317,773,0,1
6a4f36f593c619cd1f956fa8,2026,Troisième chambre civile,Non publié,api,2537,0,3,0,1,0,1,1,1364,0,379,794,0,1
6a4f36f893c619cd1f956fe7,2026,Troisième chambre civile,Non publié,api,2684,0,3,0,1,0,1,1,1515,0,373,796,0,1
6a4f36fa93c619cd1f957029,2026,Troisième chambre civile,Non publié,api,2611,0,3,0,1,0,1,1,1413,0,379,819,0,1
6a4f36fd93c619cd1f95706c,2026,Troisième chambre civile,Non publié,api,2557,0,3,0,1,0,1,1,1385,0,379,793,0,1
6a4f36ff93c619cd1f9570ab,2026,Troisième chambre civile,Non publié,api,2608,0,3,0,1,0,1,1,1424,0,373,811,0,1
6a4f370293c619cd1f9570fa,2026,Troisième chambre civile,Non publié,api,2743,0,3,0,1,0,1,1,1537,0,373,833,0,1
6a4f370493c619cd1f957136,2026,Troisième chambre civile,Non publié,api,2592,0,3,0,1,0,1,1,1433,0,373,786,0,1
6a4f370693c619cd1f957179,2026,Troisième chambre civile,Non publié,api,2640,0,3,0,1,0,1,1,1496,0,373,771,0,1
6a4f370993c619cd1f9571b9,2026,Troisième chambre civile,Non publié,api,2694,0,3,0,1,0,1,1,1541,0,427,726,0,1
6a4f370b93c619cd1f957209,2026,Troisième chambre civile,Non publié,api,3129,0,3,0,1,0,1,1,1832,0,373,924,0,1
6a4f370e93c619cd1f95724a,2026,Troisième chambre civile,Non publié,api,2823,0,3,0,1,0,1,1,1646,0,373,804,0,1
6a4f371093c619cd1f957293,2026,Troisième chambre civile,Non publié,api,2568,0,3,0,1,0,1,1,1400,0,373,795,0,1
6a4f371393c619cd1f9572e1,2026,Troisième chambre civile,Non publié,api,2993,0,3,0,1,0,1,1,1710,0,379,904,0,1
6a4f371593c619cd1f95732a,2026,Troisième chambre civile,Non publié,api,2920,0,3,0,1,0,1,1,1677,0,373,870,0,1
6a4f371893c619cd1f95736c,2026,Troisième chambre civile,Non publié,api,2491,0,3,0,1,0,1,1,1376,0,379,736,0,1
6a4f371a93c619cd1f9573c0,2026,Troisième chambre civile,Non publié,api,2440,0,3,0,1,0,1,1,1353,0,373,714,0,1
6a4f371d93c619cd1f957404,2026,Troisième chambre civile,Non publié,api,2486,0,3,0,1,0,1,1,1331,0,373,782,0,1
6a4f372a93c619cd1f95763e,2026,Troisième chambre civile,Non publié,api,2866,0,3,0,1,0,1,1,1771,0,379,716,0,1
6a4f372d93c619cd1f9576c3,2026,Troisième chambre civile,Non publié,api,2901,0,3,0,1,0,1,1,1624,0,373,904,0,1
6a4f372f93c619cd1f95774b,2026,Troisième chambre civile,Non publié,api,2774,0,3,0,1,0,1,1,1540,0,379,855,0,1
6a4f373293c619cd1f9577b0,2026,Troisième chambre civile,Non publié,api,2757,0,3,0,1,0,1,1,1556,0,373,828,0,1
6a4f373493c619cd1f95781c,2026,Troisième chambre civile,Non publié,api,2940,0,3,0,1,0,1,1,1711,0,379,850,0,1
6a4f373793c619cd1f957891,2026,Troisième chambre civile,Non publié,api,14681,0,5,0,1,1,1,1,5012,5262,3123,1285,0,1
6a4f373b93c619cd1f957914,2026,Troisième chambre civile,Non publié,api,14244,0,5,0,1,1,1,1,4573,5351,3143,1178,0,1
6a4f373e93c619cd1f95799b,2026,Troisième chambre civile,Non publié,api,14449,0,5,0,1,1,1,1,4751,5363,3147,1189,0,1
6a4f374193c619cd1f957a04,2026,Troisième chambre civile,Non publié,api,6787,0,7,0,1,1,1,1,3194,1761,1085,750,0,1
6a4f374493c619cd1f957a88,2026,Troisième chambre civile,Non publié,api,7797,0,7,0,1,1,1,1,2966,1535,1805,1494,0,1
6a4f374793c619cd1f957ae5,2026,Troisième chambre civile,Non publié,api,3129,0,3,0,1,0,1,1,1824,0,471,834,0,1
6a4f374993c619cd1f957b49,2026,Troisième chambre civile,Non publié,api,3125,0,3,0,1,0,1,1,1848,0,645,632,0,1
6a4f374b93c619cd1f957ba5,2026,Troisième chambre civile,Non publié,api,2652,0,3,0,1,0,1,1,1488,0,532,632,0,1
6a4f374e93c619cd1f957c27,2026,Troisième chambre civile,Non publié,api,7692,0,7,0,1,1,1,1,2349,3187,1279,880,0,1
6a4f375193c619cd1f957c9c,2026,Troisième chambre civile,Non publié,api,5997,0,7,0,1,1,1,1,2173,1366,1532,929,0,1
6a4f375493c619cd1f957d1f,2026,Troisième chambre civile,Non publié,api,11556,0,7,0,1,1,1,1,3835,4871,1960,893,0,1
6a4f375893c619cd1f957da1,2026,Troisième chambre civile,Non publié,api,8163,0,7,0,1,1,1,1,3121,1295,2293,1457,0,1
6a4f375a93c619cd1f957e13,2026,Troisième chambre civile,Non publié,api,5179,0,5,0,1,1,1,1,2421,1466,556,737,0,1
6a4f375d93c619cd1f957eac,2026,Troisième chambre civile,Non publié,api,9003,0,7,0,1,1,1,1,3736,2926,1425,919,0,1
6a4f376093c619cd1f957f0a,2026,Deuxième chambre civile,Non publié,api,1824,0,3,0,1,0,1,1,1169,0,265,390,0,1
6a4f376293c619cd1f957f6b,2026,Deuxième chambre civile,Non publié,api,1902,0,3,0,1,0,1,1,1152,0,373,377,0,1
6a4f376493c619cd1f957fc7,2026,Deuxième chambre civile,Non publié,api,1937,0,3,0,1,0,1,1,1187,0,373,377,0,1
6a4f376793c619cd1f958031,2026,Deuxième chambre civile,Non publié,api,2024,0,3,0,1,0,1,1,1268,0,379,377,0,1
6a4f376993c619cd1f95808c,2026,Deuxième chambre civile,Non publié,api,1975,0,3,0,1,0,1,1,1225,0,373,377,0,1
6a4f376b93c619cd1f9580f7,2026,Deuxième chambre civile,Non publié,api,2518,0,3,0,1,0,1,1,1545,0,449,524,0,1
6a4f376e93c619cd1f95816a,2026,Deuxième chambre civile,Non publié,api,2363,0,3,0,1,0,1,1,1464,0,379,520,0,1
6a4f377093c619cd1f9581d4,2026,Deuxième chambre civile,Non publié,api,2236,0,3,0,1,0,1,1,1368,0,373,495,0,1
6a4f377393c619cd1f958239,2026,Deuxième chambre civile,Non publié,api,2893,0,3,0,1,0,1,1,1850,0,373,670,0,1
6a4f377593c619cd1f9582aa,2026,Deuxième chambre civile,Non publié,api,2553,0,3,0,1,0,1,1,1684,0,373,496,0,1
6a4f377893c619cd1f95832a,2026,Deuxième chambre civile,Non publié,api,2476,0,3,0,1,0,1,1,1600,0,379,497,0,1
6a4f377a93c619cd1f958395,2026,Deuxième chambre civile,Non publié,api,2945,0,3,0,1,0,1,1,1908,0,373,664,0,1
6a4f377d93c619cd1f958402,2026,Deuxième chambre civile,Non publié,api,2603,0,3,0,1,0,1,1,1659,0,379,565,0,1
6a4f378093c619cd1f95848d,2026,Deuxième chambre civile,Non publié,api,3826,0,3,0,1,0,1,1,2601,0,373,852,0,1
6a4f378393c619cd1f958500,2026,Deuxième chambre civile,Non publié,api,4098,0,3,0,1,0,1,1,2701,0,859,538,0,1
6a4f378593c619cd1f95857c,2026,Deuxième chambre civile,Non publié,api,2750,0,3,0,1,0,1,1,1776,0,373,601,0,1
6a4f378893c619cd1f9585e0,2026,Deuxième chambre civile,Non publié,api,2682,0,3,0,1,0,1,1,1615,0,379,688,0,1
6a4f378a93c619cd1f958658,2026,Deuxième chambre civile,Non publié,api,2579,0,3,0,1,0,1,1,1703,0,379,497,0,1
6a4f378d93c619cd1f9586d6,2026,Deuxième chambre civile,Non publié,api,2900,0,3,0,1,0,1,1,2018,0,379,503,0,1
6a4f378f93c619cd1f958748,2026,Deuxième chambre civile,Non publié,api,2528,0,3,0,1,0,1,1,1623,0,373,532,0,1
6a4f379193c619cd1f9587ae,2026,Deuxième chambre civile,Non publié,api,2414,0,3,0,1,0,1,1,1471,0,373,570,0,1
6a4f379493c619cd1f958836,2026,Deuxième chambre civile,Non publié,api,2611,0,3,0,1,0,1,1,1742,0,373,496,0,1
6a4f379793c619cd1f9588c9,2026,Deuxième chambre civile,Non publié,api,2679,0,3,0,1,0,1,1,1797,0,373,509,0,1
6a4f379993c619cd1f95893c,2026,Deuxième chambre civile,Non publié,api,2443,0,3,0,1,0,1,1,1561,0,379,503,0,1
6a4f379c93c619cd1f9589b2,2026,Deuxième chambre civile,Non publié,api,3130,0,3,0,1,0,1,1,2136,0,379,615,0,1
6a4f379e93c619cd1f958a33,2026,Deuxième chambre civile,Non publié,api,2544,0,3,0,1,0,1,1,1664,0,373,507,0,1
6a4f37a093c619cd1f958ab3,2026,Deuxième chambre civile,Non publié,api,2676,0,3,0,1,0,1,1,1688,0,378,610,0,1
6a4f37a393c619cd1f958b2a,2026,Deuxième chambre civile,Non publié,api,2870,0,3,0,1,0,1,1,1950,0,379,541,0,1
6a4f37a693c619cd1f958bb4,2026,Deuxième chambre civile,Non publié,api,2480,0,3,0,1,0,1,1,1581,0,373,526,0,1
6a4f37a993c619cd1f958c4f,2026,Deuxième chambre civile,Non publié,api,2714,0,3,0,1,0,1,1,1665,0,373,676,0,1
6a4f37ab93c619cd1f958ccf,2026,Deuxième chambre civile,Non publié,api,2653,0,3,0,1,0,1,1,1652,0,373,628,0,1
6a4f37ae93c619cd1f958d4e,2026,Deuxième chambre civile,Non publié,api,2986,0,4,0,1,1,1,1,1204,802,603,377,0,1
6a4f37b193c619cd1f958ddc,2026,Deuxième chambre civile,Non publié,api,3002,0,4,0,1,1,1,1,1212,1077,336,377,0,1
6a4f37b393c619cd1f958e6e,2026,Deuxième chambre civile,Non publié,api,3931,0,4,0,1,1,1,1,1256,1274,626,775,0,1
6a4f37b693c619cd1f958f26,2026,Deuxième chambre civile,Non publié,api,4666,0,6,0,1,1,1,1,2317,195,1341,815,0,1
6a4f37b993c619cd1f958fa4,2026,Deuxième chambre civile,Non publié,api,3100,0,4,0,1,1,1,1,1107,1278,337,378,0,1
6a4f37bb93c619cd1f959034,2026,Deuxième chambre civile,Non publié,api,2880,0,4,0,1,1,1,1,1179,1064,260,377,0,1
6a4f37be93c619cd1f9590be,2026,Deuxième chambre civile,Non publié,api,3298,0,4,0,1,1,1,1,1114,1388,419,377,0,1
6a4f37c093c619cd1f959141,2026,Deuxième chambre civile,Non publié,api,2751,0,4,0,1,1,1,1,1178,937,259,377,0,1
6a4f37c393c619cd1f9591c1,2026,Deuxième chambre civile,Non publié,api,3995,0,4,0,1,1,1,1,1195,974,1108,718,0,1
6a4f37c693c619cd1f959256,2026,Deuxième chambre civile,Non publié,api,3656,0,4,0,1,1,1,1,1184,1835,260,377,0,1
6a4f37c893c619cd1f9592df,2026,Deuxième chambre civile,Non publié,api,2776,0,4,0,1,1,1,1,1117,862,420,377,0,1
6a4f37cb93c619cd1f959364,2026,Deuxième chambre civile,Non publié,api,2946,0,4,0,1,1,1,1,1177,1130,262,377,0,1
6a4f37d893c619cd1f959645,2026,Deuxième chambre civile,Non publié,api,3332,0,4,0,1,1,1,1,1179,1356,420,377,0,1
6a4f37db93c619cd1f9596d5,2026,Deuxième chambre civile,Non publié,api,2855,0,4,0,1,1,1,1,1180,859,439,377,0,1
6a4f37de93c619cd1f959768,2026,Deuxième chambre civile,Non publié,api,2821,0,4,0,1,1,1,1,1191,993,260,377,0,1
6a4f37e093c619cd1f9597df,2026,Deuxième chambre civile,Non publié,api,2654,0,4,0,1,1,1,1,1191,684,402,377,0,1
6a4f37e393c619cd1f95986f,2026,Deuxième chambre civile,Non publié,api,3529,0,4,0,1,1,1,1,1179,1563,409,378,0,1
6a4f37e593c619cd1f95990d,2026,Deuxième chambre civile,Non publié,api,3811,0,4,0,1,1,1,1,1181,1992,261,377,0,1
6a4f37e893c619cd1f9599ad,2026,Deuxième chambre civile,Non publié,api,2980,0,4,0,1,1,1,1,1180,1001,422,377,0,1
6a4f37ea93c619cd1f959a46,2026,Deuxième chambre civile,Non publié,api,3025,0,4,0,1,1,1,1,1178,1211,259,377,0,1
6a4f37ed93c619cd1f959ad8,2026,Deuxième chambre civile,Non publié,api,5717,0,4,0,1,1,1,1,1221,2245,1242,1009,0,1
6a4f37f093c619cd1f959b89,2026,Deuxième chambre civile,Non publié,api,3309,0,4,0,1,1,1,1,1251,1108,573,377,0,1
6a4f37f293c619cd1f959c4b,2026,Deuxième chambre civile,Non publié,api,2735,0,4,0,1,1,1,1,1206,893,259,377,0,1
6a4f37f593c619cd1f959ceb,2026,Deuxième chambre civile,Non publié,api,3935,0,4,0,1,1,1,1,1227,869,1117,722,0,1
6a4f37f793c619cd1f959d6f,2026,Deuxième chambre civile,Non publié,api,2770,0,4,0,1,1,1,1,1206,928,259,377,0,1
6a4f37fa93c619cd1f959df8,2026,Deuxième chambre civile,Non publié,api,4311,0,6,0,1,1,1,1,2389,352,1195,377,0,1
6a4f37fc93c619cd1f959e72,2026,Deuxième chambre civile,Non publié,api,3107,0,4,0,1,1,1,1,1208,1106,416,377,0,1
6a4f37ff93c619cd1f959ef2,2026,Deuxième chambre civile,Non publié,api,4484,0,4,0,1,1,1,1,1213,895,1599,777,0,1
6a4f380193c619cd1f959f70,2026,Deuxième chambre civile,Non publié,api,3135,0,4,0,1,1,1,1,1208,1276,274,377,0,1
6a4f380493c619cd1f959ffb,2026,Deuxième chambre civile,Non publié,api,3169,0,3,0,1,0,1,1,1677,0,634,858,0,1
6a4f380793c619cd1f95a094,2026,Deuxième chambre civile,Non publié,api,8220,0,5,0,1,1,1,1,2154,3401,1567,1099,0,1
6a4f380993c619cd1f95a10c,2026,Deuxième chambre civile,Non publié,api,2050,0,3,0,1,0,1,1,1183,0,459,408,0,1
6a4f380c93c619cd1f95a1a8,2026,Deuxième chambre civile,Non publié,api,6913,0,5,0,1,1,1,1,2591,1518,1435,1370,0,1
6a4f381093c619cd1f95a264,2026,Deuxième chambre civile,Non publié,api,12791,0,7,0,1,1,1,1,2334,5292,3619,1549,0,1
6a4f381393c619cd1f95a300,2026,Deuxième chambre civile,Non publié,api,10645,0,9,0,1,1,1,1,2136,4144,2775,1595,0,1
6a4f381693c619cd1f95a396,2026,Deuxième chambre civile,Non publié,api,7487,0,5,0,1,1,0,1,2135,4287,0,1006,0,1
6a4f381993c619cd1f95a427,2026,Deuxième chambre civile,Non publié,api,7799,0,5,0,1,1,1,1,2389,1668,2638,1105,0,1
6a4f381c93c619cd1f95a4c0,2026,Deuxième chambre civile,Non publié,api,6136,0,5,0,1,1,1,1,2847,837,1091,1362,0,1
6a4f382193c619cd1f95a5d7,2026,Première chambre civile,Non publié,api,11098,0,3,0,1,0,1,1,9502,0,643,953,0,1
6a4f382493c619cd1f95a668,2026,Première chambre civile,Non publié,api,4265,0,3,0,1,0,1,1,3513,0,324,428,0,1
6a4f382793c619cd1f95a6dd,2026,Première présidence (Ordonnance),Non publié,api,1306,0,2,0,0,0,1,1,0,0,1181,125,0,1
6a4f382993c619cd1f95a768,2026,Première présidence (Ordonnance),Non publié,api,2345,0,2,0,0,0,1,1,0,0,2220,125,0,1
6a4f382c93c619cd1f95a7ed,2026,Première présidence (Ordonnance),Non publié,api,1489,0,2,0,0,0,1,1,0,0,1364,125,0,1
6a4f382e93c619cd1f95a85f,2026,Première présidence (Ordonnance),Non publié,api,1241,0,2,0,0,0,1,1,0,0,1116,125,0,1
6a4f383093c619cd1f95a8ce,2026,Première présidence (Ordonnance),Non publié,api,1212,0,2,0,0,0,1,1,0,0,1087,125,0,1
6a4f383293c619cd1f95a942,2026,Première présidence (Ordonnance),Non publié,api,1151,0,2,0,0,0,1,1,0,0,1026,125,0,1
6a4f383593c619cd1f95a9b6,2026,Première présidence (Ordonnance),Non publié,api,1285,0,2,0,0,0,1,1,0,0,1160,125,0,1
6a4f383793c619cd1f95aa1c,2026,Première présidence (Ordonnance),Non publié,api,1223,0,2,0,0,0,1,1,0,0,1098,125,0,1
6a4f383993c619cd1f95aa94,2026,Première présidence (Ordonnance),Non publié,api,1150,0,2,0,0,0,1,1,0,0,1025,125,0,1
6a4f383b93c619cd1f95ab08,2026,Première présidence (Ordonnance),Non publié,api,1145,0,2,0,0,0,1,1,0,0,1020,125,0,1
6a4f383e93c619cd1f95ab97,2026,Première présidence (Ordonnance),Non publié,api,2038,0,2,0,0,0,1,1,0,0,1913,125,0,1
6a4f384093c619cd1f95ac2b,2026,Première présidence (Ordonnance),Non publié,api,1318,0,2,0,0,0,1,1,0,0,1193,125,0,1
6a4f384393c619cd1f95acbe,2026,Première présidence (Ordonnance),Non publié,api,1563,0,2,0,0,0,1,1,0,0,1438,125,0,1
6a4f384593c619cd1f95ad37,2026,Première présidence (Ordonnance),Non publié,api,1221,0,2,0,0,0,1,1,0,0,1096,125,0,1
6a4f384793c619cd1f95adb3,2026,Première présidence (Ordonnance),Non publié,api,1547,0,2,0,0,0,1,1,0,0,1422,125,0,1
6a4f384993c619cd1f95ae28,2026,Première présidence (Ordonnance),Non publié,api,1240,0,2,0,0,0,1,1,0,0,1115,125,0,1
6a4f384c93c619cd1f95aeb3,2026,Première présidence (Ordonnance),Non publié,api,1148,0,2,0,0,0,1,1,0,0,1023,125,0,1
6a4f384e93c619cd1f95af22,2026,Première présidence (Ordonnance),Non publié,api,1190,0,2,0,0,0,1,1,0,0,1065,125,0,1
6a4f385093c619cd1f95af92,2026,Première présidence (Ordonnance),Non publié,api,1247,0,2,0,0,0,1,1,0,0,1122,125,0,1
6a4f385293c619cd1f95b00a,2026,Première présidence (Ordonnance),Non publié,api,1366,0,2,0,0,0,1,1,0,0,1241,125,0,1
6a4f385593c619cd1f95b07c,2026,Première présidence (Ordonnance),Non publié,api,1250,0,2,0,0,0,1,1,0,0,1125,125,0,1
6a4f385793c619cd1f95b0f9,2026,Première présidence (Ordonnance),Non publié,api,1342,0,2,0,0,0,1,1,0,0,1217,125,0,1
6a4f385a93c619cd1f95b16e,2026,Première présidence (Ordonnance),Non publié,api,1291,0,2,0,0,0,1,1,0,0,1166,125,0,1
6a4f385c93c619cd1f95b1e3,2026,Première présidence (Ordonnance),Non publié,api,1233,0,2,0,0,0,1,1,0,0,1108,125,0,1
6a4f385e93c619cd1f95b268,2026,Première présidence (Ordonnance),Non publié,api,2096,0,2,0,0,0,1,1,0,0,1971,125,0,1
6a4f386093c619cd1f95b2da,2026,Première présidence (Ordonnance),Non publié,api,1354,0,2,0,0,0,1,1,0,0,1229,125,0,1
6a4f386393c619cd1f95b34d,2026,Première présidence (Ordonnance),Non publié,api,1200,0,2,0,0,0,1,1,0,0,1075,125,0,1
6a4f386593c619cd1f95b3c2,2026,Première présidence (Ordonnance),Non publié,api,1563,0,2,0,0,0,1,1,0,0,1438,125,0,1
6a4f386793c619cd1f95b430,2026,Première présidence (Ordonnance),Non publié,api,1148,0,2,0,0,0,1,1,0,0,1023,125,0,1
6a4f386993c619cd1f95b4aa,2026,Première présidence (Ordonnance),Non publié,api,1243,0,2,0,0,0,1,1,0,0,1118,125,0,1
6a4f386c93c619cd1f95b521,2026,Première présidence (Ordonnance),Non publié,api,1161,0,2,0,0,0,1,1,0,0,1036,125,0,1
6a4f386e93c619cd1f95b59c,2026,Première présidence (Ordonnance),Non publié,api,1839,0,2,0,0,0,1,1,0,0,1714,125,0,1
6a4f387093c619cd1f95b612,2026,Première présidence (Ordonnance),Non publié,api,1207,0,2,0,0,0,1,1,0,0,1082,125,0,1
6a4f387393c619cd1f95b67f,2026,Première présidence (Ordonnance),Non publié,api,1405,0,2,0,0,0,1,1,0,0,1280,125,0,1
6a4f387593c619cd1f95b6ef,2026,Première présidence (Ordonnance),Non publié,api,1323,0,2,0,0,0,1,1,0,0,1198,125,0,1
6a4f387793c619cd1f95b761,2026,Première présidence (Ordonnance),Non publié,api,1239,0,2,0,0,0,1,1,0,0,1114,125,0,1
6a4f387993c619cd1f95b7de,2026,Première présidence (Ordonnance),Non publié,api,1453,0,2,0,0,0,1,1,0,0,1328,125,0,1
6a4f387c93c619cd1f95b868,2026,Première présidence (Ordonnance),Non publié,api,2507,0,2,0,0,0,1,1,0,0,2382,125,0,1
6a4f387e93c619cd1f95b8d7,2026,Première présidence (Ordonnance),Non publié,api,1404,0,2,0,0,0,1,1,0,0,1279,125,0,1
6a4f388193c619cd1f95b95a,2026,Première présidence (Ordonnance),Non publié,api,1497,0,2,0,0,0,1,1,0,0,1372,125,0,1
6a4f388393c619cd1f95b9e9,2026,Première présidence (Ordonnance),Non publié,api,1487,0,2,0,0,0,1,1,0,0,1362,125,0,1
6a4f388693c619cd1f95ba6c,2026,Première présidence (Ordonnance),Non publié,api,1225,0,2,0,0,0,1,1,0,0,1100,125,0,1
6a4f388893c619cd1f95bafd,2026,Première présidence (Ordonnance),Non publié,api,1514,0,2,0,0,0,1,1,0,0,1389,125,0,1
6a4f388b93c619cd1f95bb75,2026,Première présidence (Ordonnance),Non publié,api,1459,0,2,0,0,0,1,1,0,0,1334,125,0,1
6a4f388d93c619cd1f95bbf4,2026,Première présidence (Ordonnance),Non publié,api,1432,0,2,0,0,0,1,1,0,0,1307,125,0,1
6a4f389093c619cd1f95bc78,2026,Première présidence (Ordonnance),Non publié,api,1388,0,2,0,0,0,1,1,0,0,1263,125,0,1
6a4f389293c619cd1f95bce8,2026,Première présidence (Ordonnance),Non publié,api,1308,0,2,0,0,0,1,1,0,0,1183,125,0,1
6a4f389493c619cd1f95bd5c,2026,Première présidence (Ordonnance),Non publié,api,1216,0,2,0,0,0,1,1,0,0,1091,125,0,1
6a4f389793c619cd1f95bdd6,2026,Première présidence (Ordonnance),Non publié,api,1148,0,2,0,0,0,1,1,0,0,1023,125,0,1
6a4f389993c619cd1f95be4f,2026,Première présidence (Ordonnance),Non publié,api,1369,0,2,0,0,0,1,1,0,0,1244,125,0,1
6a4f389b93c619cd1f95bec4,2026,Première présidence (Ordonnance),Non publié,api,1571,0,2,0,0,0,1,1,0,0,1446,125,0,1
6a4f389d93c619cd1f95bf37,2026,Première présidence (Ordonnance),Non publié,api,1362,0,2,0,0,0,1,1,0,0,1237,125,0,1
6a4f38a093c619cd1f95bfaf,2026,Première présidence (Ordonnance),Non publié,api,1397,0,2,0,0,0,1,1,0,0,1272,125,0,1
6a4f38a293c619cd1f95c039,2026,Première présidence (Ordonnance),Non publié,api,1589,0,2,0,0,0,1,1,0,0,1464,125,0,1
6a4f38a493c619cd1f95c0a2,2026,Première présidence (Ordonnance),Non publié,api,1110,0,2,0,0,0,1,1,0,0,985,125,0,1
6a4f38a793c619cd1f95c116,2026,Première présidence (Ordonnance),Non publié,api,1493,0,2,0,0,0,1,1,0,0,1368,125,0,1
6a4f38a993c619cd1f95c18d,2026,Première présidence (Ordonnance),Non publié,api,1489,0,2,0,0,0,1,1,0,0,1364,125,0,1
6a4f38ab93c619cd1f95c20a,2026,Première présidence (Ordonnance),Non publié,api,1597,0,2,0,0,0,1,1,0,0,1472,125,0,1
6a4f38ae93c619cd1f95c290,2026,Première présidence (Ordonnance),Non publié,api,1196,0,2,0,0,0,1,1,0,0,1071,125,0,1
6a4f38b093c619cd1f95c2fe,2026,Première présidence (Ordonnance),Non publié,api,1142,0,2,0,0,0,1,1,0,0,1017,125,0,1
6a4f38b293c619cd1f95c36b,2026,Première présidence (Ordonnance),Non publié,api,1161,0,2,0,0,0,1,1,0,0,1036,125,0,1
6a4f38b493c619cd1f95c3e3,2026,Première présidence (Ordonnance),Non publié,api,1284,0,2,0,0,0,1,1,0,0,1159,125,0,1
6a4f38b793c619cd1f95c468,2026,Première présidence (Ordonnance),Non publié,api,1310,0,2,0,0,0,1,1,0,0,1185,125,0,1
6a4f38b993c619cd1f95c4d7,2026,Première présidence (Ordonnance),Non publié,api,1313,0,2,0,0,0,1,1,0,0,1188,125,0,1
6a4f38bb93c619cd1f95c565,2026,Première présidence (Ordonnance),Non publié,api,1546,0,2,0,0,0,1,1,0,0,1421,125,0,1
6a4f38bd93c619cd1f95c5dd,2026,Première présidence (Ordonnance),Non publié,api,1300,0,2,0,0,0,1,1,0,0,1175,125,0,1
6a4f38c093c619cd1f95c674,2026,Première présidence (Ordonnance),Non publié,api,1449,0,2,0,0,0,1,1,0,0,1324,125,0,1
6a4f38c393c619cd1f95c716,2026,Première présidence (Ordonnance),Non publié,api,2371,0,2,0,0,0,1,1,0,0,2246,125,0,1
6a4f38c593c619cd1f95c799,2026,Première présidence (Ordonnance),Non publié,api,1981,0,2,0,0,0,1,1,0,0,1856,125,0,1
6a4f38c793c619cd1f95c815,2026,Première présidence (Ordonnance),Non publié,api,1073,0,2,0,0,0,1,1,0,0,948,125,0,1
6a4f38ca93c619cd1f95c89b,2026,Première présidence (Ordonnance),Non publié,api,1526,0,2,0,0,0,1,1,0,0,1401,125,0,1
6a4f38cc93c619cd1f95c918,2026,Première présidence (Ordonnance),Non publié,api,1083,0,2,0,0,0,1,1,0,0,958,125,0,1
6a4f38ce93c619cd1f95c98b,2026,Première présidence (Ordonnance),Non publié,api,1345,0,2,0,0,0,1,1,0,0,1220,125,0,1
6a4f38d093c619cd1f95ca0d,2026,Première présidence (Ordonnance),Non publié,api,1252,0,2,0,0,0,1,1,0,0,1127,125,0,1
6a4f38d393c619cd1f95ca92,2026,Première présidence (Ordonnance),Non publié,api,1475,0,2,0,0,0,1,1,0,0,1350,125,0,1
6a4f38d593c619cd1f95cb14,2026,Première présidence (Ordonnance),Non publié,api,1309,0,2,0,0,0,1,1,0,0,1184,125,0,1
6a4f38d793c619cd1f95cb87,2026,Première présidence (Ordonnance),Non publié,api,1442,0,2,0,0,0,1,1,0,0,1317,125,0,1
6a4f38d993c619cd1f95cc09,2026,Première présidence (Ordonnance),Non publié,api,1765,0,2,0,0,0,1,1,0,0,1640,125,0,1
6a4f38de93c619cd1f95cd11,2026,Première présidence (Ordonnance),Non publié,api,7006,0,2,0,0,0,1,1,0,0,6881,125,0,1
6a4f38e093c619cd1f95cdf2,2026,Première présidence (Ordonnance),Non publié,api,1231,0,2,0,0,0,1,1,0,0,1106,125,0,1
6a4f38e393c619cd1f95ce7a,2026,Première présidence (Ordonnance),Non publié,api,1182,0,2,0,0,0,1,1,0,0,1057,125,0,1
6a4f38e593c619cd1f95cfc4,2026,Première présidence (Ordonnance),Non publié,api,1215,0,2,0,0,0,1,1,0,0,1090,125,0,1
6a4f38e793c619cd1f95d136,2026,Première présidence (Ordonnance),Non publié,api,2150,0,2,0,0,0,1,1,0,0,2025,125,0,1
6a4f38ea93c619cd1f95d28d,2026,Première présidence (Ordonnance),Non publié,api,1365,0,2,0,0,0,1,1,0,0,1240,125,0,1
6a4f38ec93c619cd1f95d3de,2026,Première présidence (Ordonnance),Non publié,api,1663,0,2,0,0,0,1,1,0,0,1538,125,0,1
6a4f38ee93c619cd1f95d52d,2026,Première présidence (Ordonnance),Non publié,api,1242,0,2,0,0,0,1,1,0,0,1117,125,0,1
6a4f38f193c619cd1f95d68c,2026,Première présidence (Ordonnance),Non publié,api,1202,0,2,0,0,0,1,1,0,0,1077,125,0,1
6a4f38f393c619cd1f95d7bd,2026,Première présidence (Ordonnance),Non publié,api,1261,0,2,0,0,0,1,1,0,0,1136,125,0,1
6a4f38f593c619cd1f95d8fc,2026,Première présidence (Ordonnance),Non publié,api,1378,0,2,0,0,0,1,1,0,0,1253,125,0,1
6a4f38f793c619cd1f95da3c,2026,Première présidence (Ordonnance),Non publié,api,1370,0,2,0,0,0,1,1,0,0,1245,125,0,1
6a4f38fa93c619cd1f95dc12,2026,Troisième chambre civile,Publié au Bulletin,api,14750,577,5,1,1,1,1,1,4968,5406,3156,1221,0,1
6a4f38fd93c619cd1f95dd8c,2026,Troisième chambre civile,Publié au Bulletin,api,6904,302,7,1,1,1,1,1,3418,733,1902,854,0,1
6a4f390093c619cd1f95df2c,2026,Troisième chambre civile,Publié au Bulletin,api,7187,525,5,1,1,1,1,1,2628,893,2273,1394,0,1
6a4f390493c619cd1f95e0f9,2026,Troisième chambre civile,Publié au Bulletin,api,13572,485,5,1,1,1,1,1,3948,3144,4898,1583,0,1
6a4f390693c619cd1f95e24d,2026,Deuxième chambre civile,Publié au Bulletin,api,4094,0,4,0,1,1,1,1,1222,840,1313,719,0,1
6a4f390993c619cd1f95e2a9,2026,Deuxième chambre civile,Publié au Bulletin,api,8177,0,7,0,1,1,1,1,2559,1685,2438,1498,0,1
6a4f390c93c619cd1f95e2be,2026,Deuxième chambre civile,Publié au Bulletin|Publié aux Lettres de chambre,api,8672,0,7,0,1,1,1,1,2536,2113,3072,954,0,1
6a50f10b93c619cd1fa969ee,2026,Première présidence (Ordonnance),Non publié,api,1944,0,2,0,0,0,1,1,0,0,1515,429,0,1
